pedido_id,data_pedido,data_entrega,transportadora,cidade_origem,cidade_destino,prazo_estimado_dias,prazo_real_dias,custo_transporte,status_entrega
23057,11/01/2024,16/01/2024,Jadlog,Belo Horizonte,Pereira do Sul,3,5,178.31,Entregue
62044,18/12/2024,27/12/2024,Jadlog,Belo Horizonte,da Paz do Sul,8,9,163.08,Entregue
24333,28/05/2024,04/06/2024,Loggi,Recife,Fernandes de Campos,5,7,165.44,Entregue
39218,12/05/2024,14/05/2024,Loggi,Salvador,Cardoso,2,2,165.89,Entregue
32165,25/10/2024,29/10/2024,Azul Cargo,Belo Horizonte,Caldeira das Pedras,5,4,226.43,Entregue
47550,28/10/2024,04/11/2024,Azul Cargo,Curitiba,Lima das Flores,4,7,44.87,Entregue
27018,14/06/2024,25/06/2024,Loggi,Salvador,Lopes,10,11,246.04,Entregue
44774,16/01/2024,23/01/2024,Loggi,Curitiba,Nascimento,7,7,290.22,Entregue
5368,04/10/2024,13/10/2024,Correios,Recife,da Mata do Oeste,9,9,156.65,Devolvido
61360,14/10/2024,20/10/2024,Jadlog,São Paulo,Martins dos Dourados,7,6,234.85,Em trânsito
57736,16/12/2024,18/12/2024,Jadlog,Recife,Aragão de Fernandes,2,2,249.34,Entregue
33081,07/08/2024,11/08/2024,Correios,Belo Horizonte,Oliveira Grande,3,4,245.88,Entregue
34411,04/10/2024,11/10/2024,Loggi,São Paulo,Monteiro da Praia,8,7,110.87,Entregue
54042,20/12/2024,28/12/2024,Azul Cargo,Recife,das Neves do Oeste,9,8,127.02,Entregue
49993,26/10/2024,04/11/2024,Correios,Salvador,Aragão,6,9,24.76,Entregue
67944,21/04/2024,26/04/2024,Correios,Salvador,Viana,4,5,210.71,Entregue
50055,11/02/2024,17/02/2024,Correios,Belo Horizonte,Pires da Prata,4,6,217.78,Entregue
21582,17/12/2024,19/12/2024,Jadlog,Curitiba,Fernandes de Santos,2,2,232.49,Entregue
5489,18/02/2024,29/02/2024,Azul Cargo,Salvador,da Mota,10,11,64.51,Em trânsito
23187,19/04/2024,23/04/2024,Loggi,São Paulo,da Conceição Grande,5,4,181.32,Entregue
8427,04/05/2024,13/05/2024,Jadlog,Salvador,Oliveira das Pedras,10,9,272.83,Em trânsito
6294,17/06/2024,19/06/2024,Azul Cargo,São Paulo,Freitas de Lima,2,2,89.76,Entregue
65668,28/06/2024,05/07/2024,Correios,Curitiba,Teixeira,5,7,67.39,Entregue
25860,06/09/2024,14/09/2024,Azul Cargo,Belo Horizonte,Fogaça da Praia,9,8,47.3,Entregue
14189,04/08/2024,16/08/2024,Azul Cargo,Curitiba,Almeida da Praia,10,12,280.86,Entregue
7719,21/12/2024,31/12/2024,Loggi,São Paulo,Correia,9,10,124.87,Entregue
57802,08/05/2024,11/05/2024,Jadlog,São Paulo,Peixoto de Lima,4,3,133.76,Entregue
23012,09/10/2024,20/10/2024,Loggi,Curitiba,da Mota do Sul,9,11,51.66,Entregue
23115,19/02/2024,26/02/2024,Azul Cargo,São Paulo,Gonçalves,7,7,250.57,Entregue
55194,18/01/2024,26/01/2024,Correios,Curitiba,da Costa Verde,7,8,263.66,Entregue
7279,27/06/2024,08/07/2024,Loggi,São Paulo,Nunes,10,11,267.64,Entregue
40299,23/07/2024,29/07/2024,Correios,Curitiba,Silva de Moura,7,6,238.08,Entregue
41899,16/08/2024,24/08/2024,Azul Cargo,São Paulo,Silveira de Novaes,6,8,238.97,Entregue
66242,14/08/2024,24/08/2024,Loggi,São Paulo,da Rosa do Amparo,9,10,133.51,Entregue
53431,20/08/2024,26/08/2024,Azul Cargo,Belo Horizonte,Fogaça do Sul,7,6,109.97,Entregue
57612,08/04/2024,13/04/2024,Jadlog,São Paulo,Fernandes,2,5,48.36,Entregue
63130,10/12/2024,17/12/2024,Correios,Recife,Pinto,7,7,10.29,Em trânsito
35289,03/08/2024,11/08/2024,Correios,Recife,Pereira,8,8,187.2,Entregue
5983,21/08/2024,27/08/2024,Azul Cargo,Recife,da Rocha da Serra,7,6,77.4,Entregue
4347,26/11/2024,07/12/2024,Azul Cargo,São Paulo,Mendes,10,11,256.95,Entregue
3947,10/08/2024,16/08/2024,Jadlog,Recife,Cardoso,3,6,281.58,Entregue
17210,26/07/2024,31/07/2024,Jadlog,Recife,Araújo de Goiás,5,5,187.8,Entregue
26589,11/08/2024,19/08/2024,Loggi,São Paulo,Silveira Grande,5,8,295.01,Entregue
31589,07/05/2024,12/05/2024,Correios,São Paulo,Silva de Gonçalves,4,5,231.88,Entregue
38199,10/05/2024,21/05/2024,Azul Cargo,São Paulo,Vieira do Campo,8,11,180.75,Entregue
5659,02/11/2024,10/11/2024,Correios,Belo Horizonte,Dias,8,8,266.05,Entregue
22275,16/08/2024,23/08/2024,Loggi,São Paulo,Caldeira dos Dourados,5,7,246.04,Entregue
16865,11/07/2024,15/07/2024,Loggi,São Paulo,Teixeira,5,4,112.83,Em trânsito
24250,20/11/2024,23/11/2024,Loggi,Belo Horizonte,Alves,2,3,134.11,Entregue
10951,20/04/2024,03/05/2024,Loggi,Recife,Aragão,10,13,77.47,Entregue
54886,20/09/2024,27/09/2024,Loggi,Recife,da Paz Grande,6,7,39.73,Entregue
39010,27/03/2024,08/04/2024,Loggi,Salvador,Moraes,10,12,290.17,Em trânsito
1034,24/12/2024,02/01/2025,Jadlog,Recife,Fernandes dos Dourados,7,9,30.78,Entregue
46589,16/05/2024,22/05/2024,Azul Cargo,Recife,Almeida do Amparo,3,6,137.65,Entregue
22865,04/01/2024,12/01/2024,Jadlog,Salvador,Fernandes de Mendes,7,8,243.57,Entregue
60356,24/02/2024,28/02/2024,Loggi,São Paulo,Correia de da Luz,2,4,19.57,Entregue
24743,17/06/2024,28/06/2024,Loggi,Recife,Dias do Campo,10,11,264.74,Entregue
44680,01/08/2024,04/08/2024,Jadlog,Recife,da Luz,4,3,189.96,Entregue
18237,21/01/2024,30/01/2024,Jadlog,São Paulo,Santos de Costela,6,9,187.6,Entregue
61496,17/06/2024,30/06/2024,Jadlog,Recife,da Rosa,10,13,224.85,Devolvido
17272,23/11/2024,24/11/2024,Jadlog,Recife,Aragão,2,1,274.78,Em trânsito
40269,13/05/2024,19/05/2024,Jadlog,Salvador,Castro do Norte,3,6,293.77,Entregue
20789,09/03/2024,22/03/2024,Correios,Salvador,das Neves do Oeste,10,13,121.44,Entregue
20748,28/01/2024,02/02/2024,Correios,Curitiba,Rezende do Amparo,3,5,179.39,Entregue
3311,06/02/2024,16/02/2024,Loggi,Salvador,Mendes das Pedras,9,10,239.72,Entregue
65934,25/12/2024,01/01/2025,Loggi,Salvador,Moreira de Fogaça,7,7,23.01,Entregue
9247,22/04/2024,03/05/2024,Correios,Recife,da Luz,8,11,122.87,Entregue
48945,21/10/2024,26/10/2024,Jadlog,Salvador,Mendes,5,5,142.22,Entregue
20687,25/08/2024,27/08/2024,Azul Cargo,São Paulo,Correia dos Dourados,2,2,136.2,Entregue
32374,17/09/2024,27/09/2024,Azul Cargo,Belo Horizonte,da Costa Verde,8,10,174.09,Entregue
44211,09/12/2024,13/12/2024,Azul Cargo,Belo Horizonte,Dias,3,4,287.03,Entregue
25772,24/04/2024,02/05/2024,Jadlog,São Paulo,Ribeiro,9,8,219.88,Entregue
37776,04/03/2024,06/03/2024,Loggi,Curitiba,Dias de Minas,3,2,278.34,Entregue
2864,02/07/2024,05/07/2024,Azul Cargo,São Paulo,Nascimento da Prata,4,3,109.49,Entregue
31488,03/01/2024,10/01/2024,Jadlog,São Paulo,Lima,7,7,41.85,Entregue
26006,26/05/2024,05/06/2024,Jadlog,Salvador,Monteiro dos Dourados,7,10,155.19,Entregue
47945,10/12/2024,18/12/2024,Loggi,São Paulo,Rezende do Sul,5,8,64.59,Entregue
40096,02/10/2024,08/10/2024,Loggi,São Paulo,Moraes,3,6,146.34,Entregue
52211,21/08/2024,28/08/2024,Correios,Curitiba,Costa,4,7,11.52,Entregue
7830,12/07/2024,24/07/2024,Jadlog,Curitiba,Dias,9,12,106.0,Entregue
21655,18/04/2024,29/04/2024,Loggi,Curitiba,Vieira do Amparo,10,11,132.85,Em trânsito
44935,02/12/2024,05/12/2024,Azul Cargo,São Paulo,Moreira do Sul,2,3,183.49,Entregue
67373,20/02/2024,01/03/2024,Azul Cargo,São Paulo,Costela,10,10,32.24,Entregue
38229,16/06/2024,25/06/2024,Azul Cargo,Salvador,Santos,8,9,287.06,Entregue
67380,05/02/2024,07/02/2024,Azul Cargo,São Paulo,Aragão,2,2,52.21,Entregue
64928,07/11/2024,13/11/2024,Loggi,Belo Horizonte,Gomes,3,6,200.4,Entregue
17632,17/10/2024,24/10/2024,Loggi,Salvador,Pires de Moura,8,7,190.93,Entregue
61443,16/02/2024,24/02/2024,Jadlog,Recife,Carvalho,9,8,139.88,Entregue
48842,17/03/2024,25/03/2024,Loggi,Salvador,Pinto,9,8,260.17,Entregue
24984,15/04/2024,16/04/2024,Loggi,São Paulo,Aragão,2,1,162.75,Entregue
57510,08/11/2024,17/11/2024,Jadlog,Salvador,Cardoso,10,9,83.48,Entregue
46585,19/05/2024,24/05/2024,Loggi,São Paulo,Jesus dos Dourados,5,5,125.74,Entregue
42384,27/12/2024,03/01/2025,Loggi,São Paulo,Viana,7,7,120.06,Entregue
53094,21/07/2024,26/07/2024,Loggi,Recife,da Rocha do Sul,4,5,102.26,Em trânsito
33268,20/09/2024,22/09/2024,Correios,Belo Horizonte,Gonçalves,2,2,278.14,Em trânsito
7607,16/04/2024,20/04/2024,Correios,Salvador,Costela da Mata,5,4,181.5,Entregue
40916,04/01/2024,14/01/2024,Jadlog,Belo Horizonte,Rezende,9,10,37.16,Entregue
1222,15/01/2024,18/01/2024,Loggi,São Paulo,Duarte,3,3,248.52,Entregue
47842,22/05/2024,30/05/2024,Azul Cargo,São Paulo,Moura da Mata,5,8,76.85,Entregue
48991,28/12/2024,01/01/2025,Correios,Curitiba,Campos do Norte,4,4,199.47,Entregue
16462,20/04/2024,30/04/2024,Azul Cargo,São Paulo,Teixeira,9,10,221.93,Entregue
67516,01/11/2024,08/11/2024,Jadlog,São Paulo,Pinto,7,7,297.22,Entregue
57879,25/10/2024,03/11/2024,Jadlog,Salvador,Barbosa,10,9,222.68,Entregue
56126,04/08/2024,08/08/2024,Jadlog,Recife,Campos,2,4,207.85,Entregue
5658,16/11/2024,22/11/2024,Jadlog,Curitiba,Aragão,4,6,87.67,Entregue
31050,18/11/2024,01/12/2024,Loggi,Belo Horizonte,da Mata,10,13,282.63,Entregue
16538,08/09/2024,16/09/2024,Jadlog,Belo Horizonte,Gomes,7,8,184.61,Em trânsito
50406,10/12/2024,20/12/2024,Azul Cargo,Salvador,Vieira,9,10,252.05,Entregue
19544,15/02/2024,21/02/2024,Jadlog,Curitiba,Farias do Galho,7,6,262.94,Entregue
43508,07/07/2024,09/07/2024,Jadlog,Curitiba,Pinto,3,2,154.53,Entregue
57317,22/02/2024,24/02/2024,Azul Cargo,São Paulo,da Cunha,3,2,173.04,Entregue
51019,14/02/2024,15/02/2024,Jadlog,Salvador,Azevedo das Flores,2,1,53.76,Entregue
18274,15/03/2024,23/03/2024,Loggi,Salvador,Farias,5,8,250.52,Entregue
23755,20/03/2024,29/03/2024,Jadlog,Salvador,Nunes do Campo,7,9,71.37,Entregue
4089,01/05/2024,11/05/2024,Correios,Recife,Costela,9,10,203.3,Entregue
5861,01/01/2024,10/01/2024,Azul Cargo,São Paulo,Moura,6,9,232.63,Entregue
33660,25/11/2024,07/12/2024,Azul Cargo,Salvador,da Rocha,9,12,97.88,Entregue
41907,16/09/2024,26/09/2024,Azul Cargo,Recife,Moraes da Prata,7,10,222.7,Em trânsito
59393,13/11/2024,18/11/2024,Azul Cargo,São Paulo,Moraes,3,5,130.03,Em trânsito
35829,22/11/2024,03/12/2024,Jadlog,Curitiba,Duarte,10,11,47.75,Entregue
16101,22/05/2024,27/05/2024,Loggi,Curitiba,Costela,4,5,263.22,Entregue
16932,17/12/2024,23/12/2024,Jadlog,Recife,Ferreira,3,6,145.2,Entregue
38605,20/02/2024,02/03/2024,Loggi,Belo Horizonte,Ribeiro de Fogaça,10,11,112.11,Entregue
10086,09/01/2024,17/01/2024,Jadlog,Curitiba,Correia,5,8,77.17,Entregue
11467,13/12/2024,20/12/2024,Jadlog,Curitiba,Souza,5,7,12.47,Entregue
3703,12/08/2024,17/08/2024,Loggi,Curitiba,da Rocha,6,5,244.98,Entregue
21440,16/08/2024,25/08/2024,Jadlog,Curitiba,Moreira,6,9,111.09,Entregue
44026,12/08/2024,18/08/2024,Azul Cargo,São Paulo,Vieira,3,6,217.99,Devolvido
44104,12/10/2024,17/10/2024,Loggi,Curitiba,Novaes de Ribeiro,4,5,101.0,Em trânsito
65289,13/08/2024,24/08/2024,Correios,Belo Horizonte,Cardoso dos Dourados,9,11,69.33,Entregue
41749,05/11/2024,06/11/2024,Jadlog,Belo Horizonte,Cardoso,2,1,271.85,Entregue
11836,28/01/2024,01/02/2024,Loggi,Salvador,Araújo Verde,2,4,168.05,Entregue
63765,13/02/2024,18/02/2024,Azul Cargo,Salvador,Teixeira,4,5,260.0,Em trânsito
25163,14/08/2024,25/08/2024,Azul Cargo,Salvador,Cardoso de Pires,10,11,12.19,Entregue
42978,15/01/2024,26/01/2024,Azul Cargo,São Paulo,das Neves,10,11,15.48,Entregue
29235,27/04/2024,07/05/2024,Correios,Salvador,Correia do Galho,8,10,184.98,Entregue
29910,14/10/2024,26/10/2024,Loggi,Belo Horizonte,Castro de Goiás,9,12,58.21,Entregue
11879,02/04/2024,07/04/2024,Loggi,Belo Horizonte,Monteiro,5,5,37.67,Entregue
9127,26/09/2024,05/10/2024,Azul Cargo,Salvador,Dias,8,9,122.93,Entregue
1837,05/07/2024,14/07/2024,Jadlog,Belo Horizonte,Melo,10,9,280.01,Entregue
6940,16/08/2024,26/08/2024,Jadlog,São Paulo,da Mata,7,10,105.2,Entregue
27114,25/01/2024,01/02/2024,Correios,Salvador,Fernandes de Mendes,5,7,57.83,Entregue
62420,03/01/2024,16/01/2024,Loggi,Curitiba,Silva de Minas,10,13,297.62,Entregue
20276,14/10/2024,23/10/2024,Loggi,Salvador,Farias do Galho,10,9,177.36,Entregue
23848,09/09/2024,16/09/2024,Correios,São Paulo,Azevedo,4,7,129.02,Entregue
54652,19/03/2024,24/03/2024,Jadlog,Belo Horizonte,Almeida Paulista,2,5,261.11,Entregue
56406,19/02/2024,25/02/2024,Correios,São Paulo,Costa,5,6,144.24,Entregue
17502,09/02/2024,15/02/2024,Correios,Curitiba,da Paz de Teixeira,6,6,254.97,Entregue
6226,24/05/2024,04/06/2024,Jadlog,Belo Horizonte,da Conceição de Mendes,9,11,11.99,Entregue
46426,16/07/2024,22/07/2024,Azul Cargo,São Paulo,Fernandes de Santos,4,6,253.71,Entregue
18764,23/04/2024,29/04/2024,Correios,Curitiba,Alves,7,6,195.29,Entregue
7845,26/08/2024,28/08/2024,Correios,Belo Horizonte,Almeida do Amparo,2,2,293.06,Em trânsito
43913,21/06/2024,28/06/2024,Azul Cargo,São Paulo,Viana,5,7,279.66,Em trânsito
64025,17/08/2024,19/08/2024,Loggi,São Paulo,Gomes,2,2,46.57,Entregue
49989,27/10/2024,29/10/2024,Correios,São Paulo,Lopes,3,2,293.17,Entregue
8421,26/05/2024,28/05/2024,Azul Cargo,São Paulo,da Rocha Paulista,2,2,262.03,Entregue
51074,04/05/2024,16/05/2024,Loggi,Salvador,Pires da Prata,10,12,256.11,Entregue
35432,24/02/2024,25/02/2024,Correios,Salvador,Barbosa,2,1,190.5,Entregue
34824,03/02/2024,10/02/2024,Jadlog,Salvador,Novaes,5,7,38.99,Entregue
10325,14/07/2024,23/07/2024,Loggi,Salvador,Rodrigues de Cavalcanti,6,9,173.92,Entregue
17713,04/03/2024,13/03/2024,Correios,Curitiba,Santos Grande,9,9,140.57,Devolvido
42118,23/08/2024,01/09/2024,Loggi,São Paulo,Mendes,9,9,182.81,Entregue
14805,21/08/2024,25/08/2024,Azul Cargo,Curitiba,Caldeira,5,4,90.01,Entregue
67400,14/04/2024,26/04/2024,Azul Cargo,Belo Horizonte,Castro do Norte,10,12,15.66,Entregue
52689,24/03/2024,03/04/2024,Correios,São Paulo,Sales de Fogaça,10,10,58.13,Entregue
25697,28/11/2024,01/12/2024,Loggi,Recife,da Mota,3,3,288.19,Entregue
47684,17/07/2024,23/07/2024,Loggi,Recife,Santos de da Conceição,7,6,47.01,Em trânsito
11568,02/06/2024,09/06/2024,Azul Cargo,São Paulo,Almeida Paulista,7,7,97.06,Entregue
63768,17/02/2024,20/02/2024,Loggi,Recife,Teixeira da Prata,3,3,185.27,Entregue
57338,20/03/2024,26/03/2024,Loggi,São Paulo,Martins,7,6,147.43,Entregue
42065,28/06/2024,11/07/2024,Correios,Belo Horizonte,Oliveira das Pedras,10,13,291.9,Entregue
63018,17/06/2024,21/06/2024,Jadlog,Recife,da Mata do Oeste,2,4,151.82,Entregue
63109,04/10/2024,11/10/2024,Jadlog,Recife,Nogueira do Oeste,8,7,21.19,Entregue
56936,28/01/2024,01/02/2024,Correios,Curitiba,Barbosa,4,4,115.41,Entregue
30408,18/02/2024,25/02/2024,Azul Cargo,Belo Horizonte,Azevedo do Galho,8,7,204.69,Entregue
42525,23/04/2024,28/04/2024,Jadlog,Salvador,Barbosa do Amparo,5,5,260.7,Entregue
6528,17/12/2024,27/12/2024,Azul Cargo,Salvador,Gomes da Mata,7,10,236.81,Entregue
17386,28/07/2024,06/08/2024,Jadlog,Salvador,Melo,6,9,214.92,Entregue
10594,11/12/2024,13/12/2024,Loggi,São Paulo,Duarte de Santos,3,2,295.03,Entregue
61190,24/12/2024,06/01/2025,Azul Cargo,Salvador,Santos,10,13,99.51,Entregue
19082,05/03/2024,15/03/2024,Correios,Belo Horizonte,Martins,9,10,130.99,Entregue
14849,13/10/2024,22/10/2024,Jadlog,Recife,da Rosa,8,9,194.75,Entregue
27287,01/05/2024,03/05/2024,Loggi,São Paulo,Barros de Moura,3,2,291.79,Entregue
10747,15/09/2024,18/09/2024,Correios,São Paulo,Mendes,4,3,166.33,Entregue
10596,07/12/2024,14/12/2024,Correios,Recife,Alves do Amparo,8,7,251.96,Entregue
14555,28/08/2024,30/08/2024,Loggi,São Paulo,Ferreira,3,2,289.2,Em trânsito
6426,11/09/2024,19/09/2024,Azul Cargo,Salvador,Jesus,9,8,267.32,Entregue
47360,09/09/2024,17/09/2024,Azul Cargo,Salvador,Nascimento,8,8,35.0,Entregue
8365,02/02/2024,08/02/2024,Jadlog,São Paulo,Teixeira,5,6,227.83,Entregue
64225,14/12/2024,24/12/2024,Azul Cargo,Belo Horizonte,da Luz,7,10,101.12,Entregue
17300,06/01/2024,10/01/2024,Jadlog,São Paulo,Fernandes,2,4,154.64,Entregue
22610,06/07/2024,09/07/2024,Jadlog,Salvador,Lopes de da Cunha,2,3,23.98,Entregue
5563,24/06/2024,04/07/2024,Loggi,Recife,Moraes,7,10,138.36,Entregue
34341,04/06/2024,07/06/2024,Jadlog,Curitiba,Jesus Paulista,4,3,93.45,Entregue
38474,23/06/2024,29/06/2024,Jadlog,Salvador,Cardoso de Caldeira,6,6,278.75,Entregue
2516,12/07/2024,18/07/2024,Loggi,Belo Horizonte,Lopes,4,6,34.39,Entregue
125,25/04/2024,03/05/2024,Loggi,São Paulo,Oliveira do Norte,8,8,262.56,Entregue
36890,03/11/2024,13/11/2024,Jadlog,Curitiba,Ramos,8,10,248.47,Entregue
29508,08/11/2024,20/11/2024,Loggi,Salvador,Cunha,9,12,256.58,Em trânsito
15950,12/08/2024,16/08/2024,Loggi,São Paulo,Lima,4,4,129.95,Entregue
23838,26/09/2024,30/09/2024,Correios,São Paulo,Nascimento de Goiás,4,4,276.24,Entregue
5538,09/05/2024,20/05/2024,Correios,Recife,Caldeira,8,11,123.5,Em trânsito
41558,26/11/2024,03/12/2024,Loggi,Belo Horizonte,Silveira,8,7,44.35,Entregue
17234,16/09/2024,21/09/2024,Loggi,Curitiba,Freitas de Rezende,3,5,155.45,Entregue
5789,11/08/2024,20/08/2024,Azul Cargo,Belo Horizonte,Pires,8,9,216.44,Entregue
10343,11/08/2024,21/08/2024,Correios,Curitiba,Mendes,8,10,85.8,Entregue
43644,06/11/2024,11/11/2024,Azul Cargo,Recife,Cardoso de da Mota,6,5,287.26,Entregue
39534,12/02/2024,17/02/2024,Azul Cargo,São Paulo,Costa,4,5,191.88,Entregue
12678,26/05/2024,03/06/2024,Jadlog,São Paulo,Costela,8,8,13.56,Entregue
13020,06/06/2024,14/06/2024,Jadlog,São Paulo,Santos de da Conceição,7,8,144.36,Entregue
17238,03/09/2024,14/09/2024,Azul Cargo,Salvador,Viana,9,11,229.31,Entregue
63188,19/03/2024,23/03/2024,Azul Cargo,Salvador,Farias,2,4,123.64,Entregue
10566,10/11/2024,20/11/2024,Loggi,São Paulo,Lima do Campo,8,10,184.65,Entregue
18141,21/07/2024,28/07/2024,Correios,Belo Horizonte,da Rosa,7,7,67.75,Entregue
2529,16/08/2024,25/08/2024,Loggi,Belo Horizonte,Monteiro,9,9,78.23,Entregue
58696,10/08/2024,18/08/2024,Loggi,Salvador,Gonçalves,5,8,112.91,Entregue
43052,24/06/2024,07/07/2024,Jadlog,Belo Horizonte,Alves de Vieira,10,13,193.82,Entregue
44884,20/09/2024,28/09/2024,Loggi,Recife,Lopes do Campo,5,8,185.0,Entregue
58330,06/05/2024,13/05/2024,Jadlog,Salvador,Sales,6,7,203.56,Entregue
28051,25/01/2024,02/02/2024,Azul Cargo,Salvador,Moura,5,8,270.07,Entregue
46611,04/06/2024,13/06/2024,Azul Cargo,Salvador,Ribeiro,6,9,172.63,Em trânsito
31624,26/06/2024,07/07/2024,Correios,Curitiba,Pereira,8,11,145.44,Em trânsito
27841,03/12/2024,16/12/2024,Loggi,Curitiba,Alves do Galho,10,13,236.05,Entregue
59093,16/04/2024,25/04/2024,Jadlog,Belo Horizonte,Monteiro da Prata,6,9,117.05,Entregue
56614,06/05/2024,18/05/2024,Azul Cargo,Recife,Carvalho Grande,10,12,250.83,Entregue
60542,03/07/2024,08/07/2024,Loggi,Recife,Cardoso dos Dourados,2,5,59.04,Entregue
11681,05/03/2024,16/03/2024,Jadlog,Belo Horizonte,Porto,8,11,246.42,Entregue
25171,28/09/2024,05/10/2024,Loggi,Belo Horizonte,Vieira,6,7,125.83,Entregue
20469,25/06/2024,06/07/2024,Correios,Belo Horizonte,Fogaça,10,11,273.04,Entregue
54638,06/02/2024,12/02/2024,Jadlog,Recife,da Rosa,5,6,94.86,Entregue
42986,19/02/2024,24/02/2024,Loggi,Recife,da Conceição Verde,3,5,50.23,Entregue
63024,02/06/2024,08/06/2024,Correios,Belo Horizonte,da Mata de Rodrigues,6,6,33.07,Entregue
9521,19/11/2024,01/12/2024,Loggi,Salvador,Pinto,10,12,112.95,Entregue
6702,22/07/2024,02/08/2024,Jadlog,São Paulo,Moreira,8,11,33.05,Entregue
8417,03/05/2024,09/05/2024,Jadlog,Curitiba,Barbosa,6,6,267.16,Entregue
35631,26/07/2024,29/07/2024,Correios,Curitiba,Ramos de Fernandes,2,3,176.55,Entregue
54631,18/02/2024,26/02/2024,Azul Cargo,Belo Horizonte,Moreira do Sul,9,8,36.27,Entregue
51804,01/06/2024,05/06/2024,Jadlog,São Paulo,da Rocha,5,4,166.84,Entregue
9721,20/01/2024,24/01/2024,Jadlog,Belo Horizonte,Nascimento dos Dourados,3,4,190.25,Entregue
32233,09/12/2024,17/12/2024,Correios,Belo Horizonte,Moreira do Norte,6,8,128.4,Entregue
58705,20/08/2024,29/08/2024,Correios,Curitiba,Mendes,9,9,259.36,Entregue
40934,05/02/2024,16/02/2024,Azul Cargo,São Paulo,Melo do Galho,10,11,46.99,Entregue
1166,01/10/2024,11/10/2024,Jadlog,Curitiba,Ribeiro,7,10,181.11,Entregue
41797,12/02/2024,21/02/2024,Loggi,Salvador,Porto de Goiás,9,9,258.4,Em trânsito
33883,25/11/2024,29/11/2024,Azul Cargo,Recife,Fogaça da Serra,3,4,176.46,Entregue
24994,18/04/2024,20/04/2024,Correios,Belo Horizonte,Campos,3,2,289.9,Entregue
25901,23/11/2024,06/12/2024,Jadlog,Belo Horizonte,Martins,10,13,14.35,Entregue
12336,15/10/2024,19/10/2024,Azul Cargo,Recife,Carvalho,2,4,152.0,Entregue
63000,07/05/2024,12/05/2024,Correios,São Paulo,Araújo,5,5,203.21,Entregue
11792,26/10/2024,05/11/2024,Jadlog,Belo Horizonte,Fernandes do Galho,7,10,65.48,Entregue
5346,09/10/2024,19/10/2024,Jadlog,Salvador,Fernandes das Flores,7,10,101.34,Entregue
25253,10/10/2024,15/10/2024,Loggi,Belo Horizonte,Santos,3,5,179.6,Entregue
58627,02/06/2024,15/06/2024,Correios,Salvador,Oliveira do Galho,10,13,299.67,Entregue
19849,22/10/2024,25/10/2024,Loggi,Salvador,da Costa de Cardoso,3,3,26.61,Entregue
31268,10/10/2024,18/10/2024,Azul Cargo,Curitiba,Cunha,7,8,282.12,Entregue
31342,23/04/2024,28/04/2024,Loggi,Salvador,Caldeira de Minas,2,5,247.72,Entregue
14515,18/05/2024,23/05/2024,Loggi,Belo Horizonte,Lopes,4,5,26.64,Entregue
25627,25/09/2024,03/10/2024,Jadlog,Recife,da Luz,9,8,158.66,Entregue
38146,18/03/2024,28/03/2024,Correios,Curitiba,Duarte,10,10,106.87,Entregue
12409,05/02/2024,12/02/2024,Azul Cargo,Curitiba,Almeida do Amparo,5,7,273.78,Entregue
48798,05/12/2024,11/12/2024,Loggi,Salvador,Moura do Campo,3,6,197.92,Entregue
44423,21/03/2024,27/03/2024,Correios,Salvador,da Costa,6,6,137.04,Entregue
25637,13/09/2024,20/09/2024,Correios,Belo Horizonte,da Luz Grande,8,7,210.12,Entregue
10689,14/06/2024,21/06/2024,Jadlog,Belo Horizonte,Nogueira do Campo,6,7,225.44,Entregue
22791,01/08/2024,09/08/2024,Jadlog,Curitiba,Cardoso do Campo,6,8,259.33,Entregue
5967,27/07/2024,09/08/2024,Correios,Recife,Ferreira,10,13,216.88,Em trânsito
34937,18/11/2024,26/11/2024,Jadlog,Recife,da Luz de Peixoto,7,8,60.43,Entregue
11917,19/06/2024,24/06/2024,Jadlog,São Paulo,da Rocha Paulista,5,5,40.94,Entregue
59972,14/04/2024,19/04/2024,Loggi,São Paulo,Cavalcanti da Praia,4,5,68.01,Entregue
21271,20/05/2024,24/05/2024,Jadlog,Belo Horizonte,Aragão,5,4,10.03,Em trânsito
39653,13/10/2024,14/10/2024,Jadlog,Salvador,Lopes,2,1,257.27,Devolvido
40416,18/02/2024,29/02/2024,Correios,Curitiba,Fogaça do Galho,10,11,38.3,Entregue
58489,24/02/2024,27/02/2024,Correios,Curitiba,Ferreira de Duarte,2,3,109.15,Entregue
15014,02/08/2024,09/08/2024,Loggi,Curitiba,Campos do Norte,8,7,105.6,Entregue
50960,25/10/2024,31/10/2024,Loggi,Belo Horizonte,da Conceição,6,6,172.02,Entregue
38483,16/07/2024,18/07/2024,Correios,Salvador,Melo da Praia,2,2,106.9,Entregue
54571,07/11/2024,08/11/2024,Azul Cargo,Belo Horizonte,das Neves,2,1,168.11,Entregue
41297,13/05/2024,21/05/2024,Correios,Curitiba,Rodrigues Verde,5,8,288.51,Em trânsito
89,12/03/2024,23/03/2024,Jadlog,Curitiba,Monteiro do Sul,9,11,106.79,Entregue
62464,16/02/2024,27/02/2024,Azul Cargo,Salvador,Santos,10,11,288.65,Entregue
67065,02/06/2024,11/06/2024,Loggi,Recife,Moura,6,9,78.7,Em trânsito
62382,23/10/2024,24/10/2024,Jadlog,Belo Horizonte,Barbosa da Serra,2,1,177.67,Entregue
58292,02/02/2024,13/02/2024,Azul Cargo,São Paulo,Farias do Galho,9,11,190.99,Entregue
31498,26/01/2024,31/01/2024,Loggi,Curitiba,Monteiro,2,5,290.94,Entregue
33071,09/07/2024,19/07/2024,Azul Cargo,Belo Horizonte,Silveira,10,10,204.07,Entregue
55042,08/03/2024,16/03/2024,Loggi,Recife,da Rosa do Amparo,6,8,97.1,Entregue
7120,06/08/2024,11/08/2024,Azul Cargo,Curitiba,Costa,3,5,150.48,Entregue
17963,20/08/2024,27/08/2024,Correios,Curitiba,Cunha,6,7,172.54,Entregue
5012,03/02/2024,12/02/2024,Loggi,Belo Horizonte,Monteiro,7,9,100.41,Entregue
50617,17/12/2024,29/12/2024,Jadlog,Recife,Vieira,9,12,93.62,Entregue
10644,12/03/2024,21/03/2024,Jadlog,Salvador,Azevedo,9,9,222.8,Entregue
2230,27/12/2024,31/12/2024,Correios,Salvador,Costela da Praia,5,4,33.28,Entregue
10949,10/04/2024,16/04/2024,Loggi,São Paulo,Aragão,6,6,200.91,Entregue
40081,22/10/2024,02/11/2024,Loggi,Belo Horizonte,Santos da Prata,9,11,184.31,Entregue
65184,12/06/2024,17/06/2024,Jadlog,Recife,Fogaça,4,5,216.81,Em trânsito
45104,04/04/2024,10/04/2024,Jadlog,Curitiba,Vieira das Pedras,7,6,285.87,Entregue
65882,02/11/2024,09/11/2024,Azul Cargo,Curitiba,da Conceição Paulista,4,7,205.08,Entregue
8937,26/12/2024,01/01/2025,Azul Cargo,Recife,Duarte Grande,5,6,278.55,Entregue
47036,15/11/2024,24/11/2024,Loggi,Curitiba,Barbosa do Amparo,10,9,75.41,Entregue
60943,09/11/2024,22/11/2024,Correios,Curitiba,Mendes das Pedras,10,13,255.16,Entregue
22614,05/07/2024,17/07/2024,Loggi,Belo Horizonte,Barbosa Alegre,9,12,135.38,Entregue
31162,03/04/2024,09/04/2024,Jadlog,Curitiba,Alves,6,6,79.03,Em trânsito
51478,14/08/2024,17/08/2024,Azul Cargo,Belo Horizonte,Ribeiro de Goiás,2,3,47.99,Entregue
65301,13/08/2024,25/08/2024,Jadlog,Curitiba,Pereira do Sul,9,12,67.15,Entregue
45938,15/03/2024,18/03/2024,Loggi,Belo Horizonte,Almeida,2,3,244.41,Entregue
30158,05/11/2024,12/11/2024,Loggi,Belo Horizonte,da Luz,6,7,257.05,Entregue
29556,27/01/2024,01/02/2024,Loggi,Belo Horizonte,da Luz,6,5,290.57,Em trânsito
903,02/04/2024,09/04/2024,Correios,São Paulo,Silva de Ferreira,5,7,28.48,Entregue
12825,22/10/2024,01/11/2024,Azul Cargo,Salvador,Costela de da Mota,8,10,288.7,Em trânsito
30069,21/04/2024,03/05/2024,Azul Cargo,Recife,Jesus de Freitas,10,12,14.92,Entregue
30964,20/08/2024,25/08/2024,Azul Cargo,Salvador,Correia Verde,6,5,85.17,Entregue
61092,16/08/2024,23/08/2024,Azul Cargo,Salvador,Moura,7,7,69.79,Entregue
129,10/04/2024,17/04/2024,Jadlog,Salvador,Campos,7,7,274.4,Entregue
56965,10/03/2024,19/03/2024,Correios,São Paulo,Silva do Oeste,8,9,297.75,Entregue
64408,17/01/2024,30/01/2024,Correios,São Paulo,Rodrigues de Cavalcanti,10,13,173.96,Entregue
56141,21/09/2024,27/09/2024,Correios,Curitiba,Rocha Grande,4,6,94.08,Entregue
31078,04/12/2024,15/12/2024,Azul Cargo,Recife,Lopes da Serra,8,11,188.27,Entregue
67866,13/11/2024,20/11/2024,Azul Cargo,Curitiba,da Cunha do Campo,5,7,139.06,Entregue
57686,18/09/2024,23/09/2024,Correios,Recife,Nogueira,6,5,164.04,Entregue
41305,28/05/2024,05/06/2024,Azul Cargo,Salvador,da Luz da Mata,8,8,42.54,Entregue
52879,16/05/2024,21/05/2024,Loggi,São Paulo,da Rosa,6,5,274.62,Entregue
40445,13/03/2024,19/03/2024,Azul Cargo,Curitiba,Santos de da Conceição,4,6,192.56,Entregue
39172,20/02/2024,26/02/2024,Azul Cargo,São Paulo,Moura,4,6,107.31,Entregue
6537,19/12/2024,26/12/2024,Correios,Recife,Campos Paulista,8,7,194.03,Entregue
57638,20/06/2024,28/06/2024,Azul Cargo,Recife,da Rosa,5,8,60.52,Entregue
5247,14/08/2024,24/08/2024,Jadlog,São Paulo,Costela da Mata,8,10,169.07,Entregue
2886,05/08/2024,07/08/2024,Jadlog,Belo Horizonte,Ferreira do Norte,2,2,127.96,Entregue
31367,15/05/2024,20/05/2024,Jadlog,Salvador,da Costa de Cardoso,5,5,129.54,Entregue
61502,08/07/2024,15/07/2024,Azul Cargo,Recife,Barbosa Alegre,6,7,162.83,Entregue
61442,11/02/2024,21/02/2024,Loggi,Curitiba,Caldeira,9,10,238.85,Entregue
52614,18/10/2024,23/10/2024,Loggi,Curitiba,Vieira de Goiás,2,5,85.47,Entregue
18311,05/04/2024,10/04/2024,Correios,Curitiba,Fogaça,4,5,80.14,Entregue
62710,08/07/2024,17/07/2024,Correios,Salvador,Lopes,9,9,45.95,Entregue
38658,25/06/2024,02/07/2024,Correios,Salvador,Melo,5,7,268.84,Entregue
50820,14/01/2024,19/01/2024,Jadlog,Belo Horizonte,da Mota de Cardoso,2,5,148.35,Entregue
7060,10/04/2024,19/04/2024,Jadlog,Recife,Silva,10,9,108.77,Entregue
37400,25/03/2024,01/04/2024,Correios,Curitiba,Fogaça,7,7,131.11,Entregue
41332,25/06/2024,03/07/2024,Correios,Curitiba,Ramos de Moura,7,8,293.88,Entregue
2559,19/10/2024,25/10/2024,Loggi,São Paulo,das Neves de Moreira,7,6,225.9,Em trânsito
16274,08/04/2024,19/04/2024,Correios,Salvador,Viana de Cardoso,8,11,252.23,Entregue
7877,22/10/2024,25/10/2024,Loggi,São Paulo,Correia da Mata,3,3,143.44,Entregue
37655,04/07/2024,12/07/2024,Loggi,São Paulo,Cunha,5,8,113.36,Entregue
54602,02/01/2024,13/01/2024,Jadlog,Salvador,da Mota,9,11,152.62,Entregue
30714,16/12/2024,20/12/2024,Loggi,Salvador,Correia da Mata,2,4,287.02,Entregue
17993,13/10/2024,22/10/2024,Azul Cargo,Curitiba,Freitas de Rezende,9,9,231.5,Entregue
50444,09/02/2024,14/02/2024,Jadlog,Recife,Gomes do Oeste,5,5,199.45,Entregue
29491,10/10/2024,15/10/2024,Jadlog,São Paulo,Mendes das Pedras,4,5,198.24,Entregue
51126,17/08/2024,28/08/2024,Correios,Belo Horizonte,da Paz Verde,8,11,258.9,Em trânsito
35402,14/01/2024,18/01/2024,Azul Cargo,Recife,Barbosa do Amparo,2,4,219.04,Entregue
27852,08/12/2024,15/12/2024,Jadlog,Recife,Porto,4,7,128.75,Entregue
10685,18/06/2024,26/06/2024,Jadlog,São Paulo,Carvalho,5,8,199.54,Entregue
2550,24/09/2024,02/10/2024,Loggi,São Paulo,Melo da Praia,7,8,283.33,Entregue
6822,03/12/2024,08/12/2024,Azul Cargo,Recife,Fernandes do Norte,5,5,127.24,Entregue
55390,27/11/2024,02/12/2024,Azul Cargo,Salvador,das Neves de Moreira,4,5,53.66,Entregue
485,19/01/2024,24/01/2024,Azul Cargo,Salvador,Farias,2,5,20.44,Entregue
40685,19/11/2024,26/11/2024,Loggi,Recife,Alves,4,7,235.12,Entregue
1220,21/01/2024,28/01/2024,Loggi,Salvador,Nogueira de Souza,8,7,153.78,Em trânsito
3788,01/11/2024,06/11/2024,Azul Cargo,Salvador,da Costa,3,5,149.2,Entregue
54857,22/09/2024,27/09/2024,Correios,Curitiba,Carvalho,6,5,298.43,Entregue
53995,09/09/2024,19/09/2024,Jadlog,Belo Horizonte,Pinto de Gomes,8,10,295.15,Entregue
10838,09/02/2024,21/02/2024,Jadlog,Curitiba,Pinto,10,12,148.48,Entregue
31151,22/03/2024,27/03/2024,Jadlog,São Paulo,Cardoso,3,5,98.22,Entregue
15598,13/12/2024,19/12/2024,Correios,Recife,Cardoso,4,6,114.72,Entregue
24115,12/02/2024,20/02/2024,Correios,Belo Horizonte,Moreira de Lima,6,8,260.73,Entregue
26904,21/10/2024,30/10/2024,Azul Cargo,Curitiba,da Mata do Oeste,6,9,155.42,Entregue
38957,23/11/2024,01/12/2024,Loggi,Recife,da Rosa,9,8,138.68,Entregue
40615,11/09/2024,19/09/2024,Azul Cargo,Belo Horizonte,da Cunha da Prata,7,8,194.23,Entregue
59847,27/08/2024,09/09/2024,Azul Cargo,Recife,Vieira,10,13,239.18,Entregue
12827,14/10/2024,24/10/2024,Azul Cargo,São Paulo,Cunha de Fernandes,9,10,258.19,Entregue
64691,09/07/2024,16/07/2024,Loggi,Recife,Duarte,8,7,221.66,Entregue
28168,02/09/2024,06/09/2024,Jadlog,Curitiba,Fogaça do Sul,2,4,23.25,Em trânsito
24322,27/04/2024,02/05/2024,Correios,São Paulo,Rezende do Sul,5,5,31.02,Em trânsito
29708,21/05/2024,31/05/2024,Loggi,São Paulo,Correia das Flores,8,10,32.42,Entregue
18276,05/03/2024,11/03/2024,Loggi,Curitiba,Freitas Grande,4,6,97.94,Entregue
64337,04/08/2024,09/08/2024,Jadlog,Curitiba,Rocha do Sul,5,5,94.45,Em trânsito
36372,27/12/2024,01/01/2025,Jadlog,Salvador,Teixeira,3,5,239.17,Entregue
15531,19/10/2024,28/10/2024,Jadlog,São Paulo,Porto de Goiás,10,9,224.15,Entregue
14968,02/05/2024,03/05/2024,Azul Cargo,São Paulo,Cardoso,2,1,209.22,Entregue
60418,25/04/2024,30/04/2024,Jadlog,Curitiba,Costela de da Mota,2,5,253.89,Entregue
1792,19/05/2024,23/05/2024,Correios,São Paulo,Silva,4,4,149.57,Entregue
12321,14/09/2024,16/09/2024,Jadlog,Curitiba,da Costa,3,2,77.98,Entregue
3438,19/11/2024,28/11/2024,Azul Cargo,Belo Horizonte,Ferreira da Prata,9,9,266.13,Entregue
56795,26/04/2024,30/04/2024,Azul Cargo,Curitiba,da Costa Verde,2,4,87.9,Em trânsito
65677,05/06/2024,07/06/2024,Jadlog,Curitiba,Costela da Praia,3,2,81.45,Entregue
50457,19/02/2024,27/02/2024,Correios,Belo Horizonte,Mendes,7,8,176.1,Entregue
25405,25/02/2024,05/03/2024,Correios,Curitiba,Rezende,10,9,275.92,Entregue
49402,22/04/2024,01/05/2024,Jadlog,Salvador,da Luz da Mata,10,9,185.78,Entregue
29297,26/09/2024,30/09/2024,Loggi,Salvador,Gonçalves,3,4,35.63,Entregue
29570,09/01/2024,17/01/2024,Jadlog,Curitiba,da Costa das Pedras,9,8,127.92,Entregue
8634,20/05/2024,31/05/2024,Loggi,Belo Horizonte,Caldeira dos Dourados,9,11,283.75,Entregue
29538,01/01/2024,05/01/2024,Azul Cargo,São Paulo,Aragão Verde,2,4,18.96,Entregue
55139,06/10/2024,13/10/2024,Azul Cargo,Recife,Freitas,4,7,276.89,Entregue
51710,15/12/2024,25/12/2024,Azul Cargo,Recife,da Mota,8,10,212.92,Entregue
21888,12/08/2024,18/08/2024,Azul Cargo,Belo Horizonte,Oliveira do Amparo,7,6,108.6,Entregue
52184,24/06/2024,27/06/2024,Jadlog,Curitiba,Carvalho,3,3,87.14,Entregue
30835,11/03/2024,23/03/2024,Loggi,Curitiba,Costela,9,12,234.47,Entregue
38854,05/05/2024,09/05/2024,Jadlog,Salvador,Rocha do Sul,5,4,298.38,Entregue
22537,06/02/2024,16/02/2024,Correios,Salvador,Monteiro da Prata,10,10,16.22,Entregue
61860,25/04/2024,03/05/2024,Azul Cargo,Curitiba,Teixeira da Prata,9,8,112.97,Entregue
65116,07/04/2024,10/04/2024,Azul Cargo,Recife,Moraes de Goiás,2,3,289.09,Entregue
56034,23/01/2024,01/02/2024,Azul Cargo,São Paulo,Fernandes das Flores,10,9,203.82,Entregue
4802,02/02/2024,05/02/2024,Correios,Belo Horizonte,da Rocha do Sul,2,3,58.81,Devolvido
2904,10/09/2024,14/09/2024,Azul Cargo,Salvador,Mendes das Pedras,5,4,259.71,Entregue
21847,20/05/2024,27/05/2024,Correios,Curitiba,Nogueira do Campo,4,7,262.89,Entregue
21634,14/02/2024,24/02/2024,Loggi,Belo Horizonte,da Cunha,8,10,104.13,Entregue
32707,24/08/2024,03/09/2024,Azul Cargo,Curitiba,Barbosa Alegre,9,10,137.29,Entregue
65553,08/03/2024,16/03/2024,Jadlog,Curitiba,Ramos,7,8,33.3,Entregue
20934,28/12/2024,03/01/2025,Correios,Belo Horizonte,Ramos,6,6,208.66,Entregue
50361,03/10/2024,04/10/2024,Loggi,Recife,Araújo de Ramos,2,1,248.92,Entregue
16760,07/11/2024,10/11/2024,Loggi,São Paulo,da Mota,3,3,72.62,Entregue
58087,14/12/2024,20/12/2024,Jadlog,Curitiba,Santos da Serra,7,6,114.64,Entregue
59805,10/05/2024,15/05/2024,Azul Cargo,Curitiba,da Mota,4,5,95.55,Entregue
3875,15/02/2024,24/02/2024,Azul Cargo,São Paulo,Aragão de Moreira,9,9,251.65,Entregue
60583,25/08/2024,30/08/2024,Loggi,Salvador,Sales de Fogaça,6,5,92.28,Entregue
34822,26/02/2024,04/03/2024,Jadlog,Belo Horizonte,Lima,5,7,203.35,Em trânsito
52032,18/09/2024,20/09/2024,Loggi,Curitiba,Almeida do Amparo,3,2,108.94,Entregue
22179,19/03/2024,28/03/2024,Jadlog,São Paulo,Nunes,8,9,287.93,Entregue
8386,15/03/2024,23/03/2024,Correios,Recife,Castro de da Rosa,8,8,263.77,Entregue
60047,11/08/2024,13/08/2024,Correios,Salvador,Lima do Campo,3,2,134.53,Entregue
57513,14/11/2024,25/11/2024,Azul Cargo,Salvador,Vieira,10,11,267.09,Entregue
42656,02/08/2024,14/08/2024,Jadlog,Salvador,da Cunha Alegre,9,12,128.7,Entregue
49142,27/11/2024,06/12/2024,Correios,São Paulo,Pires do Sul,7,9,140.16,Entregue
59840,11/07/2024,23/07/2024,Jadlog,Recife,Fogaça,9,12,203.86,Entregue
60523,15/06/2024,19/06/2024,Loggi,Recife,Moraes das Flores,5,4,118.25,Entregue
51542,28/01/2024,02/02/2024,Jadlog,Salvador,Fogaça de Goiás,5,5,134.0,Entregue
18451,07/12/2024,16/12/2024,Loggi,Belo Horizonte,Viana,7,9,52.01,Entregue
36929,10/02/2024,17/02/2024,Azul Cargo,Salvador,Aragão,5,7,296.75,Entregue
49004,13/01/2024,19/01/2024,Correios,Belo Horizonte,Cardoso,3,6,200.44,Entregue
35692,13/08/2024,15/08/2024,Loggi,Belo Horizonte,Freitas da Mata,2,2,283.31,Entregue
27163,23/02/2024,29/02/2024,Correios,Salvador,Cavalcanti Alegre,5,6,118.86,Devolvido
22125,17/11/2024,20/11/2024,Loggi,Recife,Ramos,3,3,61.82,Entregue
59801,01/05/2024,04/05/2024,Correios,Salvador,Caldeira,3,3,82.03,Entregue
13322,04/01/2024,16/01/2024,Loggi,São Paulo,Nogueira do Campo,10,12,47.22,Em trânsito
53410,02/06/2024,09/06/2024,Loggi,Salvador,Moura,8,7,72.36,Entregue
6200,07/04/2024,09/04/2024,Jadlog,São Paulo,Vieira das Pedras,3,2,265.63,Entregue
29777,03/07/2024,13/07/2024,Loggi,Salvador,Cardoso de Silveira,7,10,90.48,Entregue
25765,12/03/2024,16/03/2024,Jadlog,Curitiba,Dias de Minas,3,4,69.38,Entregue
67481,07/09/2024,16/09/2024,Azul Cargo,São Paulo,Rodrigues do Sul,10,9,210.88,Entregue
65091,15/03/2024,23/03/2024,Loggi,São Paulo,Costa,6,8,268.84,Entregue
18844,06/06/2024,13/06/2024,Loggi,Belo Horizonte,Fernandes dos Dourados,6,7,32.37,Entregue
20630,02/05/2024,10/05/2024,Azul Cargo,Salvador,Rocha,8,8,156.7,Entregue
58310,11/03/2024,17/03/2024,Loggi,Salvador,da Cruz,6,6,177.07,Entregue
19896,21/01/2024,30/01/2024,Azul Cargo,Belo Horizonte,da Paz Grande,8,9,66.83,Em trânsito
4616,24/03/2024,03/04/2024,Loggi,São Paulo,Gomes,10,10,89.71,Entregue
5626,03/10/2024,11/10/2024,Jadlog,Recife,Ferreira,7,8,95.33,Entregue
32297,21/04/2024,28/04/2024,Loggi,Recife,Cardoso das Flores,6,7,209.33,Entregue
281,15/08/2024,24/08/2024,Azul Cargo,Curitiba,Duarte de Minas,9,9,266.33,Entregue
25822,12/06/2024,19/06/2024,Correios,Curitiba,Moraes,4,7,74.3,Entregue
35923,24/04/2024,01/05/2024,Jadlog,Salvador,Oliveira do Amparo,5,7,57.06,Entregue
36106,03/02/2024,05/02/2024,Azul Cargo,Salvador,Jesus Paulista,3,2,228.35,Entregue
19056,03/02/2024,11/02/2024,Correios,São Paulo,Barbosa das Flores,8,8,82.88,Entregue
33637,03/10/2024,15/10/2024,Correios,Belo Horizonte,da Conceição das Pedras,9,12,164.92,Entregue
4624,08/04/2024,10/04/2024,Azul Cargo,Recife,Costa,2,2,245.63,Entregue
44033,21/08/2024,30/08/2024,Jadlog,Belo Horizonte,Ramos,7,9,133.69,Entregue
26488,14/01/2024,23/01/2024,Jadlog,Belo Horizonte,Silva,7,9,215.93,Entregue
14305,26/04/2024,29/04/2024,Loggi,Curitiba,da Mota,4,3,170.83,Entregue
53412,11/06/2024,19/06/2024,Azul Cargo,Salvador,Monteiro,8,8,295.16,Entregue
27549,12/11/2024,24/11/2024,Loggi,Recife,Souza Alegre,9,12,214.41,Entregue
35669,27/08/2024,07/09/2024,Correios,Belo Horizonte,da Cruz de Minas,10,11,266.87,Entregue
23901,16/12/2024,17/12/2024,Jadlog,Salvador,Cardoso de Pires,2,1,265.23,Entregue
1748,03/02/2024,10/02/2024,Jadlog,Belo Horizonte,da Mata de Rocha,7,7,28.42,Entregue
64011,25/08/2024,05/09/2024,Azul Cargo,São Paulo,Gonçalves de Goiás,8,11,205.48,Entregue
25800,21/05/2024,31/05/2024,Jadlog,Recife,Cardoso Alegre,7,10,87.56,Entregue
45462,06/12/2024,11/12/2024,Correios,Salvador,da Mata da Mata,6,5,94.84,Entregue
58444,25/01/2024,31/01/2024,Azul Cargo,São Paulo,da Rocha do Sul,7,6,192.75,Entregue
35181,22/03/2024,31/03/2024,Correios,São Paulo,Ribeiro,7,9,160.6,Entregue
17169,10/05/2024,18/05/2024,Azul Cargo,Belo Horizonte,das Neves do Oeste,7,8,71.02,Entregue
24895,13/02/2024,20/02/2024,Correios,Salvador,Pires da Prata,7,7,243.86,Entregue
36697,13/12/2024,17/12/2024,Azul Cargo,Belo Horizonte,Rezende de Rezende,3,4,236.3,Entregue
13646,06/11/2024,10/11/2024,Jadlog,Belo Horizonte,Castro de Monteiro,3,4,223.34,Entregue
47460,10/03/2024,15/03/2024,Jadlog,São Paulo,Correia dos Dourados,2,5,230.23,Entregue
33977,23/06/2024,30/06/2024,Jadlog,São Paulo,Cardoso do Campo,8,7,62.55,Entregue
21177,24/02/2024,06/03/2024,Azul Cargo,Salvador,Jesus,9,11,179.57,Entregue
39382,02/03/2024,14/03/2024,Correios,Belo Horizonte,Viana,9,12,190.15,Entregue
51790,02/06/2024,09/06/2024,Azul Cargo,São Paulo,Duarte do Oeste,7,7,98.89,Entregue
60186,10/07/2024,16/07/2024,Azul Cargo,Salvador,Gonçalves de Goiás,7,6,60.81,Em trânsito
66530,28/05/2024,05/06/2024,Azul Cargo,Recife,Dias das Flores,7,8,281.24,Entregue
53232,08/05/2024,17/05/2024,Correios,Curitiba,Sales do Oeste,9,9,42.95,Entregue
59877,13/09/2024,25/09/2024,Azul Cargo,Curitiba,da Cunha Grande,9,12,43.72,Entregue
37746,12/01/2024,23/01/2024,Loggi,Curitiba,Costela da Mata,8,11,259.62,Entregue
30077,22/05/2024,26/05/2024,Jadlog,São Paulo,da Luz dos Dourados,4,4,152.35,Entregue
24041,28/09/2024,10/10/2024,Loggi,Curitiba,da Cunha,9,12,49.72,Entregue
56363,02/11/2024,09/11/2024,Loggi,Belo Horizonte,Silva,7,7,290.58,Entregue
57096,21/12/2024,30/12/2024,Loggi,Salvador,Rezende Alegre,6,9,221.94,Entregue
34332,02/05/2024,10/05/2024,Correios,Curitiba,Souza,8,8,22.43,Entregue
5673,11/12/2024,20/12/2024,Jadlog,Curitiba,Melo,8,9,189.23,Entregue
33418,21/03/2024,01/04/2024,Loggi,Curitiba,Sales do Galho,9,11,115.01,Entregue
36027,15/10/2024,24/10/2024,Azul Cargo,Belo Horizonte,Nogueira,7,9,124.17,Entregue
61316,12/08/2024,18/08/2024,Azul Cargo,Recife,Costa,7,6,105.42,Entregue
6258,25/06/2024,07/07/2024,Jadlog,São Paulo,da Luz da Prata,10,12,162.31,Entregue
37907,08/12/2024,15/12/2024,Azul Cargo,Curitiba,Dias de Minas,4,7,247.11,Entregue
27683,07/04/2024,15/04/2024,Correios,São Paulo,Porto,9,8,198.06,Entregue
16318,19/06/2024,01/07/2024,Azul Cargo,Curitiba,da Mata,9,12,51.22,Entregue
15485,21/09/2024,30/09/2024,Correios,Recife,Rezende,6,9,231.77,Entregue
4570,14/12/2024,23/12/2024,Azul Cargo,São Paulo,Araújo,9,9,183.0,Em trânsito
8474,22/08/2024,25/08/2024,Azul Cargo,Recife,da Cruz do Sul,2,3,44.6,Entregue
6066,18/01/2024,30/01/2024,Correios,Recife,Rocha,9,12,60.59,Entregue
34670,13/03/2024,25/03/2024,Loggi,Recife,Dias de Minas,9,12,248.43,Em trânsito
45147,28/05/2024,07/06/2024,Loggi,Recife,Almeida de Minas,8,10,97.96,Entregue
5971,14/08/2024,16/08/2024,Azul Cargo,Salvador,da Conceição,3,2,259.52,Entregue
40654,22/10/2024,27/10/2024,Jadlog,Belo Horizonte,da Luz,5,5,97.27,Entregue
39624,21/08/2024,26/08/2024,Jadlog,Curitiba,da Costa das Pedras,6,5,160.39,Entregue
11115,16/08/2024,27/08/2024,Jadlog,Salvador,Gomes da Mata,9,11,196.46,Entregue
60434,26/04/2024,02/05/2024,Correios,Salvador,Pinto da Praia,7,6,299.76,Entregue
57475,03/09/2024,07/09/2024,Jadlog,Curitiba,Dias do Sul,3,4,83.89,Entregue
18286,21/03/2024,26/03/2024,Jadlog,Curitiba,Silveira,6,5,134.33,Entregue
44044,28/08/2024,08/09/2024,Jadlog,Salvador,Carvalho,8,11,204.49,Entregue
51270,06/07/2024,10/07/2024,Jadlog,Belo Horizonte,Freitas do Norte,4,4,261.74,Entregue
268,09/07/2024,22/07/2024,Azul Cargo,Salvador,Rodrigues,10,13,234.76,Entregue
65992,02/02/2024,10/02/2024,Correios,Salvador,Aragão,5,8,222.76,Entregue
57297,14/01/2024,19/01/2024,Azul Cargo,Recife,Ferreira,2,5,259.01,Entregue
22819,05/10/2024,08/10/2024,Correios,Belo Horizonte,Silva,3,3,77.66,Entregue
40262,18/05/2024,25/05/2024,Loggi,Belo Horizonte,Ferreira,4,7,19.3,Entregue
33580,26/08/2024,29/08/2024,Azul Cargo,São Paulo,da Mota,4,3,51.82,Entregue
17724,13/04/2024,18/04/2024,Loggi,Curitiba,Rocha do Sul,4,5,195.53,Em trânsito
48481,18/02/2024,24/02/2024,Jadlog,Recife,Freitas,3,6,53.29,Entregue
20697,17/09/2024,21/09/2024,Correios,Salvador,Aragão Verde,3,4,160.21,Entregue
27097,08/11/2024,12/11/2024,Correios,Recife,Ribeiro Verde,5,4,62.53,Em trânsito
4250,03/05/2024,13/05/2024,Correios,Curitiba,Oliveira da Prata,7,10,223.18,Devolvido
60095,09/12/2024,12/12/2024,Loggi,Curitiba,Lima,4,3,35.8,Entregue
64473,19/05/2024,22/05/2024,Azul Cargo,São Paulo,Rodrigues,3,3,15.63,Entregue
39610,13/07/2024,20/07/2024,Loggi,Curitiba,Silveira de Pereira,5,7,246.92,Entregue
46825,12/08/2024,16/08/2024,Azul Cargo,Salvador,Melo do Galho,5,4,255.69,Entregue
32073,26/08/2024,01/09/2024,Jadlog,São Paulo,Nascimento de Goiás,5,6,164.48,Entregue
56532,28/11/2024,05/12/2024,Azul Cargo,Recife,Aragão Verde,5,7,188.59,Entregue
63972,21/07/2024,29/07/2024,Loggi,Curitiba,da Mata de Rodrigues,8,8,173.87,Entregue
15153,22/02/2024,03/03/2024,Loggi,Curitiba,Oliveira Grande,7,10,198.28,Entregue
27230,20/03/2024,25/03/2024,Correios,Belo Horizonte,Lopes,2,5,210.32,Entregue
27756,03/07/2024,09/07/2024,Loggi,São Paulo,Castro da Praia,5,6,231.41,Entregue
57049,01/09/2024,12/09/2024,Correios,Recife,da Costa,10,11,293.59,Entregue
68041,18/12/2024,19/12/2024,Jadlog,Belo Horizonte,Teixeira,2,1,232.94,Entregue
36911,02/01/2024,09/01/2024,Azul Cargo,Salvador,Pereira,8,7,232.43,Entregue
53725,05/04/2024,16/04/2024,Azul Cargo,São Paulo,Moraes da Prata,10,11,102.35,Entregue
58103,06/01/2024,19/01/2024,Azul Cargo,Recife,da Mata,10,13,254.84,Entregue
25804,20/05/2024,30/05/2024,Azul Cargo,Salvador,Lima das Flores,9,10,272.03,Entregue
33987,23/06/2024,28/06/2024,Azul Cargo,São Paulo,Vieira de Gomes,3,5,199.68,Entregue
3309,21/02/2024,29/02/2024,Jadlog,São Paulo,Campos do Norte,9,8,46.23,Entregue
7226,07/02/2024,10/02/2024,Jadlog,Recife,Cavalcanti,2,3,222.2,Entregue
37429,09/05/2024,17/05/2024,Azul Cargo,Salvador,Jesus dos Dourados,9,8,242.96,Entregue
1214,15/01/2024,21/01/2024,Jadlog,Salvador,Melo do Oeste,5,6,138.0,Entregue
27486,21/10/2024,25/10/2024,Azul Cargo,Curitiba,Oliveira do Amparo,3,4,281.57,Entregue
58455,07/01/2024,10/01/2024,Correios,Salvador,Jesus,2,3,186.17,Entregue
42795,15/01/2024,22/01/2024,Loggi,Curitiba,Barros,8,7,243.14,Entregue
60255,13/11/2024,25/11/2024,Azul Cargo,Curitiba,Pinto de Pinto,9,12,271.53,Entregue
36291,05/09/2024,15/09/2024,Azul Cargo,Salvador,Vieira de Goiás,7,10,30.46,Entregue
55630,28/02/2024,06/03/2024,Azul Cargo,Salvador,Pires do Amparo,4,7,252.21,Entregue
66190,23/06/2024,02/07/2024,Azul Cargo,Salvador,Santos,6,9,78.48,Entregue
64309,08/05/2024,15/05/2024,Azul Cargo,São Paulo,Vieira,6,7,77.18,Entregue
53853,17/12/2024,29/12/2024,Jadlog,Curitiba,Cavalcanti do Sul,9,12,88.58,Entregue
45349,15/10/2024,19/10/2024,Loggi,Salvador,Pinto de Pinto,5,4,206.38,Entregue
66950,12/03/2024,14/03/2024,Loggi,Salvador,Teixeira,2,2,169.03,Entregue
755,09/07/2024,16/07/2024,Azul Cargo,Recife,Pinto,6,7,139.8,Entregue
19600,21/06/2024,25/06/2024,Loggi,Recife,Lopes dos Dourados,2,4,74.11,Entregue
5013,04/02/2024,13/02/2024,Correios,Belo Horizonte,Fernandes das Flores,10,9,58.11,Entregue
55226,21/03/2024,01/04/2024,Jadlog,São Paulo,Farias de Rezende,10,11,119.83,Entregue
25297,25/11/2024,02/12/2024,Jadlog,Belo Horizonte,Cardoso de Pires,7,7,260.69,Entregue
27837,28/11/2024,08/12/2024,Correios,Belo Horizonte,Silveira,7,10,190.82,Entregue
20169,17/07/2024,22/07/2024,Loggi,Belo Horizonte,Duarte de Monteiro,2,5,106.3,Entregue
1098,16/05/2024,26/05/2024,Azul Cargo,Recife,da Cunha,8,10,275.28,Entregue
20641,12/06/2024,17/06/2024,Loggi,Recife,da Rosa,4,5,76.09,Entregue
61467,24/04/2024,02/05/2024,Loggi,Belo Horizonte,Ramos,6,8,284.78,Entregue
35212,01/04/2024,07/04/2024,Jadlog,Salvador,Fernandes dos Dourados,5,6,142.73,Entregue
54607,10/01/2024,17/01/2024,Jadlog,Salvador,Fernandes do Campo,4,7,291.86,Entregue
10187,20/09/2024,27/09/2024,Jadlog,Curitiba,Santos Grande,8,7,224.0,Entregue
4569,08/12/2024,12/12/2024,Azul Cargo,Salvador,Duarte,2,4,125.39,Entregue
9519,16/11/2024,21/11/2024,Azul Cargo,Belo Horizonte,Duarte do Oeste,4,5,214.46,Entregue
42712,06/10/2024,07/10/2024,Jadlog,Recife,Lopes,2,1,267.24,Entregue
62405,06/11/2024,11/11/2024,Loggi,Curitiba,Nascimento da Prata,3,5,113.11,Entregue
61109,18/08/2024,22/08/2024,Jadlog,Belo Horizonte,Ramos de Fernandes,4,4,160.43,Entregue
54312,08/06/2024,12/06/2024,Correios,São Paulo,da Mota,4,4,19.08,Entregue
38758,15/12/2024,18/12/2024,Jadlog,Recife,Viana de Fogaça,4,3,99.18,Entregue
33320,14/12/2024,19/12/2024,Correios,Curitiba,Costa,5,5,253.01,Em trânsito
44588,06/02/2024,15/02/2024,Azul Cargo,Curitiba,Lopes,7,9,85.47,Entregue
61721,13/08/2024,20/08/2024,Correios,Curitiba,Cardoso,7,7,285.45,Entregue
35333,19/11/2024,29/11/2024,Azul Cargo,Salvador,Rezende dos Dourados,9,10,266.01,Entregue
14234,07/11/2024,12/11/2024,Loggi,Recife,Barbosa,4,5,38.52,Entregue
51845,27/09/2024,30/09/2024,Jadlog,Belo Horizonte,Vieira de Cavalcanti,4,3,166.5,Entregue
52566,09/08/2024,13/08/2024,Correios,Curitiba,Ramos,5,4,249.62,Entregue
18922,04/09/2024,16/09/2024,Correios,Belo Horizonte,Lopes,9,12,21.06,Entregue
46165,04/09/2024,11/09/2024,Azul Cargo,São Paulo,Teixeira,8,7,270.87,Entregue
13541,27/03/2024,05/04/2024,Azul Cargo,Recife,da Rosa das Flores,10,9,215.29,Entregue
35804,13/10/2024,22/10/2024,Jadlog,Curitiba,Correia da Mata,8,9,219.92,Entregue
40320,16/09/2024,23/09/2024,Jadlog,Curitiba,Silva,6,7,171.17,Entregue
66856,19/12/2024,24/12/2024,Correios,São Paulo,Castro do Campo,4,5,15.83,Entregue
30648,11/09/2024,19/09/2024,Loggi,Recife,Mendes,9,8,298.55,Entregue
34915,14/09/2024,20/09/2024,Loggi,Belo Horizonte,Silveira de Aragão,3,6,123.0,Entregue
626,09/11/2024,20/11/2024,Azul Cargo,Recife,Moura,8,11,256.92,Entregue
35131,08/12/2024,15/12/2024,Azul Cargo,Salvador,da Mata,4,7,225.34,Entregue
50161,06/09/2024,10/09/2024,Jadlog,Salvador,das Neves de Goiás,2,4,268.35,Entregue
51818,22/07/2024,25/07/2024,Jadlog,Curitiba,Correia de da Luz,4,3,115.78,Entregue
61093,19/08/2024,29/08/2024,Loggi,São Paulo,Moreira de Araújo,9,10,172.11,Entregue
56174,12/11/2024,18/11/2024,Loggi,Curitiba,Araújo de Pinto,3,6,19.49,Entregue
15663,27/02/2024,03/03/2024,Azul Cargo,Recife,da Rosa,2,5,114.28,Entregue
43785,06/03/2024,10/03/2024,Jadlog,Curitiba,Jesus dos Dourados,5,4,81.32,Entregue
5829,04/10/2024,07/10/2024,Correios,Curitiba,Silveira,2,3,18.5,Entregue
13268,12/09/2024,20/09/2024,Correios,Recife,da Luz,9,8,152.16,Entregue
13594,17/07/2024,21/07/2024,Loggi,Salvador,Cunha,3,4,128.16,Entregue
41273,08/05/2024,18/05/2024,Loggi,São Paulo,Costa,8,10,92.06,Devolvido
40295,14/06/2024,24/06/2024,Loggi,Salvador,da Luz,9,10,252.66,Entregue
28816,26/10/2024,05/11/2024,Azul Cargo,Belo Horizonte,Moraes de Goiás,8,10,221.81,Entregue
47525,04/07/2024,06/07/2024,Azul Cargo,Recife,Lopes,3,2,239.98,Entregue
15656,12/01/2024,21/01/2024,Azul Cargo,Belo Horizonte,Aragão,6,9,13.09,Entregue
7500,28/09/2024,04/10/2024,Azul Cargo,Belo Horizonte,Moraes das Pedras,4,6,235.13,Entregue
16034,28/12/2024,03/01/2025,Loggi,Belo Horizonte,Moraes de da Luz,6,6,245.98,Entregue
20021,06/04/2024,16/04/2024,Azul Cargo,São Paulo,Vieira de Goiás,8,10,271.13,Entregue
44205,01/12/2024,04/12/2024,Jadlog,Salvador,Ferreira,4,3,159.65,Entregue
3511,01/02/2024,06/02/2024,Jadlog,Belo Horizonte,Correia do Oeste,3,5,101.88,Entregue
28407,20/01/2024,27/01/2024,Loggi,Recife,Almeida do Norte,7,7,99.33,Entregue
2060,07/06/2024,12/06/2024,Jadlog,Curitiba,Pereira,3,5,84.54,Entregue
62119,28/05/2024,04/06/2024,Jadlog,Belo Horizonte,Monteiro,6,7,156.8,Entregue
56088,23/05/2024,27/05/2024,Azul Cargo,Curitiba,Rezende,3,4,59.31,Entregue
28629,04/06/2024,11/06/2024,Jadlog,Recife,da Mata,5,7,84.46,Entregue
39863,03/04/2024,07/04/2024,Jadlog,Belo Horizonte,da Rosa,4,4,207.17,Entregue
25215,20/10/2024,30/10/2024,Correios,Curitiba,Lima,7,10,39.82,Entregue
35245,07/06/2024,13/06/2024,Jadlog,Recife,Carvalho,7,6,272.09,Entregue
1825,14/07/2024,25/07/2024,Loggi,Salvador,Silva de Moura,10,11,75.5,Entregue
22015,09/04/2024,20/04/2024,Azul Cargo,São Paulo,Peixoto de Santos,10,11,81.32,Entregue
52443,26/12/2024,02/01/2025,Jadlog,Belo Horizonte,Santos da Serra,5,7,196.43,Entregue
5533,25/04/2024,30/04/2024,Azul Cargo,São Paulo,Correia de da Luz,5,5,141.41,Entregue
48973,10/11/2024,14/11/2024,Jadlog,Recife,Aragão,3,4,164.61,Entregue
22360,21/02/2024,01/03/2024,Jadlog,Curitiba,Pinto de Pinto,6,9,136.64,Entregue
29972,14/12/2024,23/12/2024,Azul Cargo,Recife,Rodrigues,6,9,105.37,Entregue
39109,11/09/2024,15/09/2024,Jadlog,Curitiba,Almeida Paulista,5,4,129.66,Entregue
15375,07/06/2024,18/06/2024,Correios,Belo Horizonte,Aragão,8,11,39.62,Entregue
41178,17/03/2024,24/03/2024,Jadlog,Recife,Pires do Amparo,7,7,221.05,Entregue
25496,03/05/2024,11/05/2024,Azul Cargo,Curitiba,Ramos de Nogueira,7,8,147.48,Entregue
59915,07/12/2024,12/12/2024,Jadlog,Curitiba,Rezende,5,5,117.7,Entregue
22622,28/08/2024,30/08/2024,Jadlog,Curitiba,Carvalho,3,2,48.08,Entregue
47815,23/03/2024,24/03/2024,Azul Cargo,São Paulo,Lopes das Pedras,2,1,243.74,Entregue
28178,10/10/2024,17/10/2024,Loggi,Recife,Vieira de da Luz,4,7,136.32,Entregue
4129,27/08/2024,06/09/2024,Jadlog,Recife,da Mota de Fogaça,10,10,124.7,Entregue
40483,15/04/2024,26/04/2024,Correios,Belo Horizonte,Fogaça,10,11,219.44,Entregue
36718,24/01/2024,31/01/2024,Jadlog,Belo Horizonte,Castro de Monteiro,4,7,122.67,Entregue
63150,01/12/2024,06/12/2024,Azul Cargo,Salvador,Ribeiro,4,5,239.59,Entregue
59997,10/05/2024,20/05/2024,Loggi,Curitiba,Fogaça,9,10,169.6,Entregue
7498,20/09/2024,23/09/2024,Azul Cargo,São Paulo,Mendes,2,3,165.09,Entregue
42799,10/01/2024,12/01/2024,Azul Cargo,Belo Horizonte,Moreira de Goiás,3,2,85.67,Entregue
49289,24/09/2024,06/10/2024,Azul Cargo,São Paulo,Costa,9,12,222.24,Entregue
30782,25/02/2024,05/03/2024,Azul Cargo,Belo Horizonte,Lopes,9,9,84.45,Entregue
39307,13/11/2024,17/11/2024,Correios,São Paulo,Gomes,3,4,92.9,Entregue
57228,09/08/2024,12/08/2024,Loggi,Salvador,Nascimento,4,3,88.63,Entregue
42034,06/04/2024,14/04/2024,Azul Cargo,São Paulo,Jesus Paulista,6,8,164.9,Entregue
47795,13/02/2024,24/02/2024,Azul Cargo,São Paulo,Barros,8,11,178.45,Entregue
53246,19/06/2024,29/06/2024,Azul Cargo,Salvador,da Conceição da Mata,10,10,148.94,Entregue
55683,28/03/2024,03/04/2024,Azul Cargo,Belo Horizonte,Rocha,5,6,227.89,Entregue
54902,19/10/2024,21/10/2024,Loggi,Belo Horizonte,Aragão,3,2,280.41,Em trânsito
4564,14/12/2024,17/12/2024,Jadlog,Recife,Carvalho,4,3,231.12,Entregue
8837,28/06/2024,03/07/2024,Loggi,Belo Horizonte,da Costa Grande,3,5,148.49,Entregue
51320,26/09/2024,04/10/2024,Correios,Recife,da Mata,8,8,289.66,Entregue
213,02/06/2024,07/06/2024,Jadlog,Curitiba,das Neves de Moreira,2,5,191.46,Entregue
36171,20/04/2024,27/04/2024,Jadlog,Curitiba,Martins dos Dourados,6,7,272.78,Entregue
23517,23/11/2024,24/11/2024,Correios,São Paulo,Aragão,2,1,61.43,Entregue
10742,06/09/2024,15/09/2024,Correios,Curitiba,da Rosa,8,9,85.04,Entregue
34588,24/09/2024,26/09/2024,Azul Cargo,Curitiba,Duarte de Monteiro,3,2,202.57,Entregue
55629,10/02/2024,17/02/2024,Loggi,São Paulo,Castro do Campo,8,7,219.67,Entregue
20173,26/07/2024,07/08/2024,Azul Cargo,São Paulo,Silveira de Novaes,9,12,102.92,Entregue
49677,10/12/2024,17/12/2024,Jadlog,Recife,Costela,8,7,192.74,Entregue
20738,23/12/2024,30/12/2024,Jadlog,Salvador,Dias do Campo,6,7,124.19,Entregue
23229,14/05/2024,24/05/2024,Azul Cargo,Salvador,da Cruz,9,10,91.94,Entregue
3701,07/08/2024,16/08/2024,Correios,Belo Horizonte,da Rosa,7,9,69.1,Entregue
42243,25/03/2024,03/04/2024,Azul Cargo,São Paulo,Jesus de Freitas,6,9,173.62,Entregue
44688,11/08/2024,18/08/2024,Loggi,Recife,Teixeira,4,7,165.47,Entregue
66802,06/08/2024,16/08/2024,Azul Cargo,Curitiba,Gomes,9,10,56.32,Entregue
65395,07/11/2024,15/11/2024,Correios,Belo Horizonte,da Costa,7,8,170.82,Entregue
66675,26/12/2024,07/01/2025,Correios,Belo Horizonte,Castro da Praia,10,12,117.07,Entregue
36569,28/02/2024,06/03/2024,Azul Cargo,São Paulo,da Rosa Verde,7,7,294.55,Entregue
49497,10/11/2024,15/11/2024,Azul Cargo,Salvador,Alves,2,5,82.4,Entregue
38762,01/12/2024,12/12/2024,Jadlog,Curitiba,da Rosa do Norte,9,11,96.65,Entregue
43085,03/08/2024,06/08/2024,Jadlog,Belo Horizonte,da Rosa,2,3,193.07,Entregue
64432,13/02/2024,15/02/2024,Azul Cargo,São Paulo,Fogaça,2,2,287.16,Entregue
32305,11/05/2024,16/05/2024,Correios,Recife,Oliveira do Galho,5,5,71.26,Entregue
60099,25/12/2024,30/12/2024,Jadlog,Salvador,Cavalcanti,4,5,100.33,Entregue
10736,08/09/2024,16/09/2024,Correios,Recife,Alves das Pedras,6,8,284.72,Entregue
23446,27/10/2024,02/11/2024,Correios,Recife,Nunes,7,6,270.13,Entregue
8455,06/07/2024,18/07/2024,Correios,Salvador,Cardoso de da Mota,9,12,242.28,Entregue
47696,25/07/2024,27/07/2024,Correios,São Paulo,Dias de Minas,3,2,166.2,Entregue
56770,12/02/2024,19/02/2024,Jadlog,Recife,da Conceição Verde,5,7,129.08,Entregue
46789,05/06/2024,10/06/2024,Loggi,Curitiba,da Luz,5,5,246.56,Entregue
23689,23/10/2024,24/10/2024,Azul Cargo,Curitiba,Campos do Norte,2,1,178.6,Entregue
40266,01/05/2024,06/05/2024,Azul Cargo,São Paulo,Barbosa,4,5,161.79,Entregue
34756,24/09/2024,01/10/2024,Azul Cargo,São Paulo,da Rosa do Amparo,5,7,199.64,Entregue
6146,19/03/2024,31/03/2024,Jadlog,Recife,Rezende,10,12,144.64,Entregue
26981,26/03/2024,04/04/2024,Loggi,Recife,Cardoso,10,9,235.92,Entregue
37687,15/09/2024,27/09/2024,Correios,Salvador,da Rosa de Lima,9,12,142.36,Entregue
3936,15/07/2024,24/07/2024,Correios,Salvador,da Conceição das Pedras,6,9,239.23,Entregue
30309,24/09/2024,01/10/2024,Loggi,São Paulo,Carvalho,4,7,249.94,Entregue
10497,18/07/2024,23/07/2024,Jadlog,Belo Horizonte,Moreira de Araújo,6,5,240.46,Entregue
59961,12/03/2024,24/03/2024,Loggi,Curitiba,Cardoso,9,12,197.3,Devolvido
11994,28/11/2024,10/12/2024,Correios,São Paulo,Ferreira do Norte,9,12,198.84,Entregue
31596,27/06/2024,06/07/2024,Loggi,Salvador,Cardoso de da Conceição,7,9,207.62,Entregue
56384,19/12/2024,23/12/2024,Azul Cargo,Belo Horizonte,Almeida do Amparo,4,4,26.47,Entregue
29772,08/06/2024,20/06/2024,Correios,Salvador,Oliveira do Galho,9,12,273.74,Entregue
64844,12/05/2024,22/05/2024,Loggi,Belo Horizonte,Moura,10,10,137.36,Entregue
4493,11/08/2024,12/08/2024,Loggi,Recife,Barros,2,1,125.58,Entregue
30482,06/04/2024,13/04/2024,Loggi,Salvador,Souza,4,7,186.46,Entregue
16484,09/05/2024,14/05/2024,Correios,São Paulo,da Cruz de Minas,5,5,249.57,Entregue
50798,03/11/2024,13/11/2024,Loggi,São Paulo,Viana,8,10,47.05,Entregue
59830,04/07/2024,13/07/2024,Jadlog,São Paulo,Farias,10,9,21.86,Entregue
14758,20/06/2024,27/06/2024,Loggi,Recife,Rezende,6,7,169.67,Entregue
13840,16/12/2024,24/12/2024,Correios,Belo Horizonte,Lima,7,8,61.15,Entregue
7202,08/01/2024,15/01/2024,Azul Cargo,Belo Horizonte,Alves das Pedras,8,7,208.39,Entregue
6348,10/08/2024,19/08/2024,Azul Cargo,Salvador,Ferreira,9,9,291.76,Entregue
39876,12/05/2024,22/05/2024,Jadlog,Recife,Mendes,10,10,178.78,Entregue
7267,03/05/2024,16/05/2024,Jadlog,Salvador,da Cunha,10,13,219.18,Entregue
42813,03/02/2024,07/02/2024,Correios,Curitiba,Nascimento de Goiás,2,4,263.98,Entregue
53820,05/10/2024,14/10/2024,Correios,Salvador,Novaes dos Dourados,7,9,92.43,Em trânsito
2296,14/04/2024,22/04/2024,Loggi,Curitiba,Jesus dos Dourados,5,8,151.98,Em trânsito
27039,21/07/2024,01/08/2024,Jadlog,Belo Horizonte,Ramos de Moura,9,11,105.59,Entregue
36271,20/08/2024,31/08/2024,Loggi,Salvador,Moraes,10,11,45.46,Entregue
35040,13/05/2024,16/05/2024,Correios,Salvador,Vieira do Amparo,2,3,80.69,Entregue
53791,22/08/2024,02/09/2024,Correios,Belo Horizonte,Cardoso do Campo,8,11,50.79,Entregue
43732,23/01/2024,30/01/2024,Loggi,Recife,Rezende do Amparo,5,7,94.4,Entregue
57793,26/04/2024,05/05/2024,Azul Cargo,Salvador,Santos,10,9,69.48,Em trânsito
50511,15/06/2024,24/06/2024,Jadlog,Belo Horizonte,Ribeiro,7,9,250.75,Entregue
68043,06/12/2024,17/12/2024,Loggi,São Paulo,Pinto,9,11,26.29,Entregue
23521,25/11/2024,05/12/2024,Loggi,São Paulo,Duarte Grande,10,10,80.49,Entregue
45939,13/03/2024,19/03/2024,Loggi,Belo Horizonte,Gomes,6,6,163.67,Entregue
58506,14/02/2024,17/02/2024,Jadlog,Belo Horizonte,Ferreira,2,3,11.22,Entregue
11374,25/06/2024,02/07/2024,Correios,Recife,das Neves,6,7,242.44,Entregue
34127,22/04/2024,26/04/2024,Correios,Recife,Araújo,4,4,31.53,Entregue
62415,08/12/2024,16/12/2024,Loggi,Recife,Pires do Sul,7,8,144.59,Entregue
51782,20/05/2024,25/05/2024,Jadlog,Belo Horizonte,Santos,3,5,83.17,Entregue
49526,14/01/2024,23/01/2024,Jadlog,Salvador,Cardoso de Goiás,9,9,53.65,Entregue
54696,22/04/2024,26/04/2024,Loggi,Belo Horizonte,Almeida da Praia,3,4,149.18,Entregue
65409,16/11/2024,20/11/2024,Loggi,São Paulo,Nunes,3,4,65.42,Entregue
6586,19/02/2024,22/02/2024,Azul Cargo,São Paulo,Melo do Sul,4,3,51.26,Entregue
16658,11/04/2024,21/04/2024,Azul Cargo,São Paulo,da Costa,10,10,133.19,Entregue
48275,19/08/2024,27/08/2024,Correios,Salvador,Nogueira,9,8,284.63,Entregue
25285,05/11/2024,11/11/2024,Correios,São Paulo,Cardoso de da Mota,4,6,29.47,Entregue
31074,19/11/2024,28/11/2024,Azul Cargo,São Paulo,Rodrigues,7,9,198.7,Entregue
10418,13/01/2024,19/01/2024,Jadlog,Recife,Freitas,7,6,286.34,Entregue
5880,12/02/2024,21/02/2024,Azul Cargo,Belo Horizonte,Aragão Verde,8,9,216.15,Entregue
20840,08/06/2024,13/06/2024,Jadlog,Curitiba,Gonçalves,4,5,20.57,Entregue
41015,18/08/2024,21/08/2024,Loggi,Curitiba,Moraes,4,3,277.31,Entregue
2528,19/08/2024,30/08/2024,Correios,Belo Horizonte,Costela,8,11,279.35,Entregue
16281,11/04/2024,20/04/2024,Loggi,Recife,Pinto,7,9,186.61,Entregue
57723,08/12/2024,13/12/2024,Loggi,Curitiba,Barbosa,4,5,41.72,Entregue
6185,19/04/2024,25/04/2024,Correios,São Paulo,Dias das Flores,6,6,30.38,Entregue
1286,04/02/2024,09/02/2024,Correios,Curitiba,Pinto de Peixoto,3,5,209.82,Entregue
13033,05/06/2024,10/06/2024,Jadlog,São Paulo,Santos,3,5,122.06,Em trânsito
51646,11/08/2024,19/08/2024,Correios,Recife,Melo,7,8,33.69,Entregue
30027,21/01/2024,27/01/2024,Correios,Belo Horizonte,Alves,6,6,268.12,Entregue
38980,04/01/2024,12/01/2024,Jadlog,Salvador,da Rosa,6,8,218.25,Entregue
53481,13/11/2024,19/11/2024,Loggi,São Paulo,Barros de Costa,5,6,32.93,Entregue
66695,27/01/2024,05/02/2024,Loggi,Belo Horizonte,Moraes das Flores,6,9,59.98,Entregue
59347,07/09/2024,11/09/2024,Azul Cargo,Recife,Silveira de Novaes,3,4,194.16,Entregue
67806,01/07/2024,13/07/2024,Jadlog,Recife,Duarte,9,12,217.93,Entregue
44597,07/03/2024,15/03/2024,Correios,Belo Horizonte,Campos,5,8,252.8,Entregue
25688,13/11/2024,23/11/2024,Jadlog,Salvador,Melo do Sul,9,10,246.63,Devolvido
14487,01/04/2024,07/04/2024,Correios,Recife,da Costa das Pedras,3,6,266.12,Devolvido
33434,15/04/2024,18/04/2024,Loggi,São Paulo,Carvalho,2,3,90.51,Entregue
9919,22/02/2024,01/03/2024,Correios,Belo Horizonte,Jesus dos Dourados,7,8,142.61,Entregue
432,02/11/2024,08/11/2024,Correios,Curitiba,da Rosa,6,6,179.41,Entregue
23552,03/12/2024,09/12/2024,Jadlog,São Paulo,Novaes,7,6,293.15,Entregue
34654,27/01/2024,01/02/2024,Jadlog,Belo Horizonte,das Neves das Flores,2,5,262.64,Em trânsito
62386,17/10/2024,23/10/2024,Loggi,Salvador,da Rosa do Norte,5,6,211.48,Entregue
43093,16/09/2024,21/09/2024,Loggi,São Paulo,Costa,6,5,193.81,Entregue
66406,01/11/2024,07/11/2024,Jadlog,Recife,da Conceição,5,6,23.57,Entregue
20420,25/03/2024,03/04/2024,Azul Cargo,São Paulo,Ferreira de Barbosa,8,9,58.86,Entregue
17042,16/08/2024,21/08/2024,Jadlog,Belo Horizonte,Farias,2,5,167.21,Entregue
25454,05/04/2024,13/04/2024,Loggi,Curitiba,Cardoso,6,8,72.54,Entregue
14722,08/05/2024,21/05/2024,Correios,Belo Horizonte,da Cunha,10,13,47.35,Entregue
34125,18/04/2024,30/04/2024,Loggi,Recife,Oliveira do Amparo,9,12,59.69,Entregue
11459,13/12/2024,21/12/2024,Azul Cargo,Recife,Freitas Verde,5,8,19.03,Entregue
6001,01/09/2024,06/09/2024,Correios,Curitiba,Sales do Galho,5,5,295.36,Em trânsito
55909,27/09/2024,06/10/2024,Correios,São Paulo,das Neves do Sul,9,9,70.47,Entregue
64103,09/10/2024,19/10/2024,Loggi,Recife,da Rosa,7,10,246.72,Entregue
57359,14/04/2024,24/04/2024,Jadlog,Belo Horizonte,da Cunha,10,10,257.06,Entregue
52788,18/10/2024,19/10/2024,Azul Cargo,Salvador,Nunes do Oeste,2,1,60.49,Entregue
10214,18/11/2024,23/11/2024,Loggi,Recife,Carvalho da Praia,4,5,96.36,Entregue
51726,26/01/2024,04/02/2024,Azul Cargo,Salvador,Costela,6,9,153.15,Entregue
24462,15/12/2024,24/12/2024,Loggi,Curitiba,Moraes,6,9,239.88,Entregue
18216,19/12/2024,28/12/2024,Azul Cargo,Curitiba,da Costa,9,9,142.42,Entregue
5397,17/11/2024,27/11/2024,Correios,Curitiba,Moura,9,10,180.44,Entregue
28097,27/04/2024,07/05/2024,Azul Cargo,Recife,Caldeira,8,10,295.77,Entregue
9062,08/06/2024,16/06/2024,Jadlog,São Paulo,Souza,5,8,165.75,Entregue
57372,10/05/2024,22/05/2024,Azul Cargo,Salvador,da Cruz de Minas,10,12,246.85,Entregue
8614,11/04/2024,17/04/2024,Correios,Curitiba,da Luz de Peixoto,3,6,286.19,Entregue
12080,25/05/2024,31/05/2024,Azul Cargo,São Paulo,Santos,7,6,15.92,Entregue
50387,20/11/2024,26/11/2024,Azul Cargo,Curitiba,Ramos,3,6,169.53,Entregue
45388,09/10/2024,18/10/2024,Azul Cargo,Recife,Pinto dos Dourados,8,9,25.61,Entregue
23963,05/05/2024,15/05/2024,Correios,Curitiba,da Costa,8,10,72.25,Entregue
274,02/07/2024,07/07/2024,Loggi,Recife,da Luz de Novaes,6,5,148.22,Devolvido
58401,03/10/2024,09/10/2024,Correios,São Paulo,Azevedo,5,6,176.67,Entregue
51872,03/11/2024,07/11/2024,Loggi,Curitiba,Santos,4,4,74.36,Entregue
53739,27/05/2024,01/06/2024,Jadlog,São Paulo,Lopes,5,5,276.71,Entregue
67061,06/05/2024,13/05/2024,Jadlog,Salvador,da Luz de Moura,4,7,122.09,Entregue
48221,23/07/2024,31/07/2024,Azul Cargo,Salvador,Cardoso,5,8,109.73,Entregue
60062,25/10/2024,02/11/2024,Azul Cargo,Recife,Silveira,7,8,183.79,Entregue
14754,28/06/2024,05/07/2024,Loggi,São Paulo,Azevedo da Serra,4,7,297.63,Entregue
37288,12/09/2024,18/09/2024,Jadlog,São Paulo,Cardoso do Campo,4,6,155.03,Entregue
21211,16/03/2024,24/03/2024,Loggi,Belo Horizonte,Santos de da Conceição,5,8,155.87,Entregue
61544,23/09/2024,04/10/2024,Correios,Salvador,Silva de Gonçalves,10,11,45.12,Entregue
5953,08/07/2024,17/07/2024,Azul Cargo,Curitiba,Nunes do Oeste,10,9,96.86,Entregue
53993,21/09/2024,29/09/2024,Jadlog,Curitiba,Caldeira,7,8,227.2,Entregue
57288,03/12/2024,07/12/2024,Correios,São Paulo,Pereira,5,4,241.66,Entregue
7326,02/09/2024,10/09/2024,Loggi,Recife,das Neves de Minas,9,8,229.09,Entregue
12891,20/12/2024,24/12/2024,Correios,Recife,Moura da Mata,5,4,213.21,Entregue
34916,28/09/2024,06/10/2024,Azul Cargo,São Paulo,Rezende do Amparo,9,8,35.35,Entregue
61027,18/04/2024,23/04/2024,Correios,São Paulo,das Neves de Goiás,4,5,49.86,Em trânsito
24746,05/06/2024,16/06/2024,Loggi,Belo Horizonte,Ramos,10,11,264.43,Entregue
4791,26/02/2024,04/03/2024,Correios,Salvador,da Rosa,4,7,272.29,Entregue
46399,07/05/2024,13/05/2024,Loggi,Salvador,Gonçalves,3,6,58.5,Entregue
12104,16/06/2024,20/06/2024,Jadlog,São Paulo,Novaes de Almeida,3,4,294.69,Entregue
29082,17/08/2024,23/08/2024,Azul Cargo,Salvador,Duarte do Campo,4,6,234.16,Entregue
57050,01/09/2024,03/09/2024,Azul Cargo,Salvador,Costela da Serra,2,2,218.13,Entregue
16752,11/10/2024,18/10/2024,Loggi,Curitiba,Carvalho,4,7,157.44,Entregue
28082,13/03/2024,19/03/2024,Azul Cargo,São Paulo,da Cruz,4,6,233.01,Entregue
1917,18/12/2024,27/12/2024,Azul Cargo,São Paulo,Alves do Galho,8,9,217.94,Entregue
14421,21/11/2024,02/12/2024,Loggi,Salvador,Melo do Oeste,10,11,116.78,Entregue
58316,02/04/2024,14/04/2024,Correios,Curitiba,Ramos de Nogueira,9,12,197.21,Entregue
8279,14/09/2024,19/09/2024,Correios,Recife,da Rocha Grande,2,5,227.93,Entregue
36833,13/07/2024,15/07/2024,Jadlog,Salvador,Rezende,2,2,209.28,Entregue
49017,02/02/2024,07/02/2024,Azul Cargo,Recife,Caldeira das Pedras,3,5,236.53,Entregue
6937,17/08/2024,24/08/2024,Jadlog,Salvador,da Rosa,5,7,22.03,Entregue
60416,28/04/2024,08/05/2024,Loggi,Salvador,Peixoto de Lima,10,10,56.1,Entregue
64932,15/11/2024,21/11/2024,Azul Cargo,Belo Horizonte,Teixeira,5,6,81.87,Entregue
1929,24/01/2024,06/02/2024,Loggi,Salvador,Moraes de Goiás,10,13,15.19,Entregue
51259,28/06/2024,07/07/2024,Loggi,São Paulo,Lopes,7,9,215.8,Entregue
33316,26/11/2024,04/12/2024,Jadlog,Curitiba,Ferreira da Prata,9,8,17.21,Entregue
31278,04/11/2024,07/11/2024,Correios,Recife,da Paz,2,3,27.93,Entregue
34183,07/07/2024,12/07/2024,Correios,Recife,Campos,4,5,20.88,Entregue
44422,17/03/2024,26/03/2024,Correios,Curitiba,Duarte de Santos,9,9,96.74,Entregue
24057,05/11/2024,12/11/2024,Azul Cargo,Recife,Santos de da Conceição,8,7,64.2,Entregue
66501,17/04/2024,25/04/2024,Loggi,São Paulo,Vieira de da Luz,7,8,173.53,Entregue
57142,10/03/2024,12/03/2024,Azul Cargo,Salvador,Cardoso das Flores,3,2,286.07,Entregue
44172,27/12/2024,29/12/2024,Correios,Salvador,Fernandes das Pedras,2,2,290.1,Entregue
67811,07/07/2024,12/07/2024,Azul Cargo,São Paulo,Teixeira,4,5,162.97,Entregue
63509,24/11/2024,02/12/2024,Correios,São Paulo,Ramos,7,8,222.59,Entregue
12312,19/09/2024,30/09/2024,Loggi,Curitiba,Jesus dos Dourados,10,11,192.89,Entregue
5800,02/08/2024,09/08/2024,Jadlog,Salvador,Nascimento Paulista,8,7,56.93,Entregue
65996,16/02/2024,22/02/2024,Jadlog,Curitiba,da Conceição,4,6,69.51,Entregue
18011,27/11/2024,06/12/2024,Jadlog,Curitiba,da Cunha,6,9,52.95,Entregue
27310,20/05/2024,28/05/2024,Loggi,Curitiba,Costela do Sul,8,8,248.38,Entregue
51272,08/07/2024,10/07/2024,Correios,Salvador,Costa Alegre,2,2,202.73,Entregue
42339,08/09/2024,17/09/2024,Azul Cargo,Recife,Correia,8,9,81.36,Entregue
28194,14/11/2024,26/11/2024,Azul Cargo,Curitiba,Freitas de Rezende,9,12,141.98,Entregue
30992,05/08/2024,07/08/2024,Jadlog,São Paulo,da Mota Grande,2,2,105.48,Entregue
19691,25/12/2024,03/01/2025,Loggi,Belo Horizonte,Castro de Carvalho,10,9,292.03,Entregue
46784,01/05/2024,13/05/2024,Jadlog,Recife,Cunha,9,12,97.06,Entregue
23669,16/08/2024,21/08/2024,Azul Cargo,São Paulo,da Rocha do Norte,2,5,136.39,Entregue
67574,24/03/2024,31/03/2024,Loggi,São Paulo,Ribeiro das Flores,7,7,299.25,Entregue
41668,10/06/2024,14/06/2024,Correios,Recife,Pires do Amparo,2,4,116.5,Entregue
62900,15/12/2024,22/12/2024,Loggi,Salvador,Duarte,6,7,78.26,Entregue
19152,17/07/2024,25/07/2024,Correios,Salvador,Viana de Jesus,6,8,181.79,Entregue
10100,28/02/2024,06/03/2024,Jadlog,Belo Horizonte,Teixeira de Souza,5,7,158.63,Entregue
55722,02/04/2024,06/04/2024,Loggi,Salvador,da Mota de Fogaça,3,4,176.31,Entregue
49755,01/07/2024,03/07/2024,Jadlog,Recife,da Cunha Grande,2,2,119.66,Entregue
54882,22/09/2024,27/09/2024,Loggi,Recife,Moreira,5,5,138.14,Entregue
35318,04/10/2024,10/10/2024,Jadlog,Recife,Ramos,4,6,293.51,Entregue
45494,18/02/2024,28/02/2024,Loggi,Salvador,Castro de Goiás,9,10,115.38,Entregue
31558,13/04/2024,20/04/2024,Azul Cargo,Belo Horizonte,Silveira Paulista,5,7,262.95,Entregue
18830,12/06/2024,20/06/2024,Loggi,São Paulo,Duarte,6,8,238.56,Entregue
57909,08/12/2024,13/12/2024,Correios,Belo Horizonte,Pereira do Sul,4,5,221.86,Entregue
6840,13/02/2024,20/02/2024,Loggi,Recife,Ribeiro dos Dourados,5,7,55.56,Entregue
25713,04/12/2024,08/12/2024,Correios,Salvador,Moraes,4,4,10.47,Entregue
61711,08/07/2024,12/07/2024,Jadlog,Curitiba,Gonçalves,2,4,273.86,Entregue
44291,28/05/2024,07/06/2024,Azul Cargo,Belo Horizonte,da Rosa,7,10,231.03,Entregue
42607,12/07/2024,23/07/2024,Correios,Salvador,Rocha,9,11,142.89,Entregue
11057,26/07/2024,30/07/2024,Azul Cargo,São Paulo,Lima do Campo,5,4,79.02,Entregue
36659,25/08/2024,05/09/2024,Jadlog,Recife,da Cunha do Campo,8,11,45.79,Entregue
13662,24/12/2024,01/01/2025,Jadlog,Recife,Moura,9,8,138.39,Entregue
40221,23/02/2024,01/03/2024,Jadlog,Belo Horizonte,Silva do Oeste,7,7,14.62,Entregue
63709,15/01/2024,21/01/2024,Jadlog,Curitiba,da Luz,6,6,264.66,Entregue
31337,25/03/2024,02/04/2024,Jadlog,Recife,Fogaça do Galho,7,8,153.78,Entregue
30058,01/04/2024,08/04/2024,Azul Cargo,São Paulo,Pires,7,7,250.63,Entregue
48309,20/09/2024,27/09/2024,Azul Cargo,Recife,Monteiro,7,7,183.47,Entregue
14010,25/09/2024,29/09/2024,Jadlog,Curitiba,Castro de Carvalho,2,4,292.91,Entregue
3182,03/05/2024,08/05/2024,Correios,São Paulo,Oliveira da Serra,4,5,244.5,Entregue
38425,16/03/2024,19/03/2024,Jadlog,Salvador,Farias de Rezende,4,3,219.52,Entregue
48623,13/12/2024,22/12/2024,Loggi,Salvador,Silva,10,9,250.15,Entregue
46596,22/05/2024,26/05/2024,Azul Cargo,São Paulo,da Cunha Alegre,4,4,72.57,Entregue
58117,25/01/2024,27/01/2024,Correios,Belo Horizonte,Almeida de Freitas,3,2,292.52,Entregue
62632,21/05/2024,27/05/2024,Correios,Curitiba,Rocha Grande,4,6,126.73,Entregue
44191,06/12/2024,09/12/2024,Loggi,Recife,Barros,4,3,67.59,Entregue
9759,05/03/2024,12/03/2024,Loggi,Belo Horizonte,Campos de Nogueira,6,7,76.92,Entregue
18719,03/03/2024,08/03/2024,Azul Cargo,Salvador,da Cunha da Prata,6,5,195.55,Entregue
35105,24/09/2024,02/10/2024,Loggi,Salvador,da Rocha Paulista,9,8,218.55,Entregue
32687,03/06/2024,16/06/2024,Jadlog,Recife,Vieira do Amparo,10,13,104.14,Entregue
15120,15/01/2024,21/01/2024,Jadlog,Belo Horizonte,Oliveira,7,6,44.59,Devolvido
19429,10/09/2024,19/09/2024,Azul Cargo,Curitiba,Pires,7,9,129.95,Entregue
56168,07/11/2024,19/11/2024,Jadlog,Salvador,Costela do Sul,10,12,13.64,Entregue
19617,18/07/2024,30/07/2024,Jadlog,Belo Horizonte,da Luz de Moura,10,12,217.91,Em trânsito
13520,19/02/2024,20/02/2024,Azul Cargo,Recife,Silva,2,1,225.87,Entregue
24430,27/10/2024,07/11/2024,Loggi,São Paulo,Moraes Grande,9,11,25.76,Entregue
14070,25/01/2024,01/02/2024,Azul Cargo,São Paulo,Mendes,6,7,212.94,Entregue
13905,24/04/2024,06/05/2024,Azul Cargo,Salvador,Pereira,10,12,267.92,Entregue
45478,21/01/2024,27/01/2024,Correios,São Paulo,Santos de da Conceição,7,6,150.61,Entregue
17031,21/07/2024,26/07/2024,Azul Cargo,Belo Horizonte,Lopes,2,5,295.91,Entregue
53563,17/05/2024,26/05/2024,Correios,São Paulo,Lopes,6,9,111.08,Em trânsito
30702,15/11/2024,24/11/2024,Jadlog,Curitiba,Duarte,9,9,34.01,Entregue
63318,17/11/2024,28/11/2024,Loggi,Belo Horizonte,Rezende,10,11,223.05,Entregue
6976,17/11/2024,20/11/2024,Correios,Curitiba,Pereira do Galho,3,3,149.15,Entregue
54458,22/04/2024,01/05/2024,Azul Cargo,São Paulo,Viana,8,9,258.35,Entregue
35088,21/09/2024,26/09/2024,Jadlog,Belo Horizonte,Fogaça do Norte,4,5,140.74,Entregue
2153,05/09/2024,13/09/2024,Jadlog,Belo Horizonte,Silveira Grande,8,8,287.73,Entregue
16265,07/03/2024,13/03/2024,Correios,Curitiba,Melo,7,6,246.97,Entregue
53955,27/07/2024,05/08/2024,Azul Cargo,São Paulo,Ferreira da Prata,9,9,241.88,Entregue
29175,24/01/2024,26/01/2024,Loggi,São Paulo,Melo,3,2,249.11,Entregue
7859,08/09/2024,11/09/2024,Azul Cargo,Belo Horizonte,Ferreira,3,3,33.1,Em trânsito
10030,02/10/2024,08/10/2024,Loggi,Salvador,Rodrigues,4,6,271.49,Entregue
63449,03/07/2024,13/07/2024,Correios,Salvador,Ramos de Moura,10,10,177.96,Entregue
24603,15/09/2024,23/09/2024,Jadlog,Curitiba,Campos do Norte,6,8,155.49,Entregue
9106,17/08/2024,29/08/2024,Correios,Recife,da Luz Grande,10,12,197.51,Entregue
39948,21/06/2024,23/06/2024,Azul Cargo,Salvador,da Conceição Grande,3,2,130.03,Entregue
57596,13/03/2024,15/03/2024,Loggi,São Paulo,Alves,3,2,150.77,Entregue
23725,26/01/2024,06/02/2024,Correios,Recife,da Cunha,10,11,139.37,Entregue
50496,05/05/2024,13/05/2024,Loggi,São Paulo,Viana,6,8,145.56,Entregue
18116,17/05/2024,21/05/2024,Loggi,Salvador,Fernandes de Campos,4,4,293.06,Entregue
62781,03/09/2024,08/09/2024,Jadlog,Curitiba,Aragão Verde,4,5,151.91,Entregue
64052,26/09/2024,03/10/2024,Jadlog,Salvador,da Costa Verde,6,7,53.48,Entregue
64269,22/03/2024,29/03/2024,Jadlog,Recife,Melo do Sul,5,7,15.48,Entregue
1381,05/05/2024,11/05/2024,Correios,Curitiba,Fogaça,7,6,88.72,Entregue
13059,19/08/2024,28/08/2024,Jadlog,São Paulo,Rocha,6,9,32.91,Entregue
55159,09/12/2024,20/12/2024,Loggi,Salvador,Alves,10,11,28.68,Em trânsito
48610,18/11/2024,19/11/2024,Loggi,Belo Horizonte,Moreira,2,1,267.37,Entregue
18574,08/07/2024,11/07/2024,Jadlog,São Paulo,Ferreira de Barbosa,2,3,125.55,Em trânsito
6434,26/10/2024,04/11/2024,Jadlog,Recife,Rodrigues do Sul,9,9,42.95,Entregue
25286,12/11/2024,18/11/2024,Azul Cargo,Salvador,das Neves das Flores,6,6,208.11,Entregue
22669,10/11/2024,22/11/2024,Azul Cargo,São Paulo,Mendes,9,12,39.58,Entregue
31652,05/08/2024,11/08/2024,Correios,Salvador,Barbosa das Flores,3,6,197.41,Entregue
56369,25/12/2024,03/01/2025,Correios,Belo Horizonte,Silveira de Aragão,9,9,283.52,Entregue
51616,07/06/2024,15/06/2024,Jadlog,São Paulo,Silveira Grande,6,8,222.4,Entregue
42467,05/03/2024,15/03/2024,Azul Cargo,São Paulo,Correia de da Luz,8,10,46.43,Entregue
2133,23/09/2024,25/09/2024,Azul Cargo,Belo Horizonte,Pereira,2,2,92.89,Entregue
37716,27/11/2024,09/12/2024,Correios,Belo Horizonte,Santos,10,12,21.89,Entregue
27256,25/04/2024,03/05/2024,Correios,Curitiba,Teixeira,6,8,29.44,Entregue
159,12/05/2024,14/05/2024,Azul Cargo,Belo Horizonte,Azevedo,3,2,282.74,Entregue
57452,27/08/2024,31/08/2024,Azul Cargo,Belo Horizonte,Rocha,4,4,153.63,Entregue
37303,03/10/2024,06/10/2024,Azul Cargo,São Paulo,Teixeira,2,3,105.52,Entregue
36119,22/02/2024,29/02/2024,Azul Cargo,Salvador,Castro de Monteiro,8,7,101.19,Entregue
27562,03/11/2024,12/11/2024,Correios,Curitiba,Fernandes do Norte,7,9,67.72,Entregue
24469,27/12/2024,07/01/2025,Azul Cargo,Belo Horizonte,da Cunha do Campo,8,11,107.12,Em trânsito
12595,07/02/2024,14/02/2024,Jadlog,Salvador,da Costa das Pedras,4,7,250.98,Entregue
28314,12/07/2024,20/07/2024,Loggi,Curitiba,Cardoso,7,8,163.03,Entregue
2256,16/02/2024,23/02/2024,Azul Cargo,São Paulo,Castro do Norte,6,7,85.89,Entregue
14917,14/01/2024,27/01/2024,Azul Cargo,Belo Horizonte,Araújo,10,13,79.28,Em trânsito
891,08/03/2024,16/03/2024,Azul Cargo,Recife,Almeida dos Dourados,8,8,83.92,Entregue
38632,04/04/2024,10/04/2024,Jadlog,São Paulo,Santos,7,6,181.5,Entregue
60193,09/07/2024,15/07/2024,Loggi,Recife,da Costa,4,6,207.92,Entregue
10605,22/01/2024,31/01/2024,Correios,Belo Horizonte,Carvalho,7,9,99.71,Entregue
41655,22/04/2024,23/04/2024,Jadlog,Recife,Duarte Verde,2,1,271.41,Entregue
5580,08/07/2024,18/07/2024,Jadlog,Belo Horizonte,Pereira,7,10,293.6,Entregue
2531,03/08/2024,13/08/2024,Loggi,Salvador,Moreira de Goiás,7,10,18.85,Entregue
26193,25/06/2024,08/07/2024,Loggi,São Paulo,Farias,10,13,218.1,Entregue
58695,07/08/2024,15/08/2024,Correios,Belo Horizonte,Rodrigues de Cavalcanti,6,8,88.1,Entregue
60052,22/09/2024,28/09/2024,Correios,Salvador,Cardoso dos Dourados,6,6,24.94,Entregue
66564,07/06/2024,15/06/2024,Azul Cargo,Recife,Cardoso,6,8,188.67,Entregue
22199,23/04/2024,28/04/2024,Azul Cargo,Belo Horizonte,Moreira de Lima,3,5,142.82,Entregue
30185,09/01/2024,13/01/2024,Jadlog,Recife,Moreira de Araújo,2,4,82.17,Entregue
9794,15/05/2024,20/05/2024,Correios,Belo Horizonte,da Mota do Amparo,5,5,78.59,Entregue
35044,05/06/2024,15/06/2024,Jadlog,São Paulo,Pereira do Galho,9,10,226.54,Entregue
64941,05/12/2024,14/12/2024,Jadlog,São Paulo,Farias,8,9,22.63,Entregue
53883,01/02/2024,07/02/2024,Azul Cargo,Salvador,Gonçalves de Goiás,5,6,54.66,Entregue
697,12/03/2024,15/03/2024,Loggi,São Paulo,da Mata da Mata,4,3,38.69,Entregue
44811,06/04/2024,16/04/2024,Correios,São Paulo,Souza,10,10,28.38,Entregue
56083,02/05/2024,08/05/2024,Loggi,Salvador,Pires,4,6,131.2,Entregue
64594,27/01/2024,05/02/2024,Loggi,Salvador,Rezende dos Dourados,7,9,167.97,Entregue
21914,03/10/2024,15/10/2024,Azul Cargo,Salvador,Nogueira Paulista,9,12,274.63,Entregue
53819,03/10/2024,13/10/2024,Azul Cargo,Belo Horizonte,Duarte do Campo,7,10,14.97,Entregue
63091,22/10/2024,29/10/2024,Azul Cargo,Salvador,Vieira,5,7,136.28,Entregue
63926,07/06/2024,10/06/2024,Jadlog,Curitiba,da Luz de Peixoto,2,3,228.52,Entregue
18667,25/01/2024,05/02/2024,Jadlog,Curitiba,da Luz dos Dourados,8,11,205.1,Entregue
30357,06/12/2024,17/12/2024,Loggi,Recife,Correia Verde,10,11,233.97,Entregue
2976,13/02/2024,20/02/2024,Jadlog,Curitiba,Monteiro,7,7,151.66,Em trânsito
863,20/01/2024,28/01/2024,Loggi,Recife,Farias,6,8,146.27,Entregue
31768,26/01/2024,31/01/2024,Azul Cargo,São Paulo,Nunes,4,5,10.79,Entregue
7762,20/03/2024,21/03/2024,Jadlog,Salvador,Fogaça,2,1,38.89,Entregue
59653,26/07/2024,30/07/2024,Azul Cargo,Recife,Nogueira Paulista,4,4,131.52,Entregue
19167,20/08/2024,27/08/2024,Jadlog,Salvador,Rocha,4,7,33.0,Entregue
30197,12/02/2024,22/02/2024,Correios,Curitiba,Mendes,7,10,212.71,Entregue
33487,02/05/2024,09/05/2024,Loggi,Recife,Moraes,4,7,190.84,Em trânsito
60229,24/10/2024,29/10/2024,Correios,Curitiba,Jesus dos Dourados,2,5,160.57,Em trânsito
42283,28/06/2024,04/07/2024,Jadlog,Belo Horizonte,Dias,4,6,54.78,Entregue
10578,19/11/2024,29/11/2024,Loggi,Salvador,Cunha,8,10,82.25,Entregue
5541,12/05/2024,23/05/2024,Azul Cargo,São Paulo,Novaes de Almeida,8,11,210.35,Entregue
26660,18/01/2024,21/01/2024,Loggi,São Paulo,Farias do Campo,4,3,181.27,Entregue
9142,06/10/2024,16/10/2024,Correios,São Paulo,Jesus dos Dourados,10,10,137.16,Entregue
39821,15/03/2024,28/03/2024,Azul Cargo,Salvador,Carvalho,10,13,90.43,Entregue
65362,09/10/2024,11/10/2024,Azul Cargo,Belo Horizonte,Azevedo das Flores,2,2,120.45,Entregue
11840,21/01/2024,02/02/2024,Correios,Recife,Rodrigues,10,12,130.32,Entregue
67758,19/04/2024,26/04/2024,Azul Cargo,Curitiba,Rezende,8,7,31.93,Entregue
17115,06/01/2024,14/01/2024,Correios,São Paulo,Cardoso do Campo,6,8,173.47,Entregue
9933,23/03/2024,02/04/2024,Loggi,Curitiba,Carvalho,7,10,111.14,Entregue
65419,07/12/2024,16/12/2024,Jadlog,Salvador,Teixeira,10,9,177.63,Entregue
16108,15/06/2024,24/06/2024,Correios,Recife,Costa,8,9,254.12,Em trânsito
22938,14/06/2024,25/06/2024,Jadlog,Curitiba,Freitas de Moraes,10,11,215.83,Entregue
47356,23/08/2024,27/08/2024,Azul Cargo,Curitiba,Oliveira de Teixeira,2,4,109.71,Entregue
31383,23/06/2024,29/06/2024,Loggi,São Paulo,Sales de Fogaça,4,6,38.92,Entregue
44075,22/09/2024,25/09/2024,Loggi,Salvador,da Luz de Peixoto,4,3,20.76,Entregue
27839,10/12/2024,15/12/2024,Loggi,Belo Horizonte,Moura,4,5,17.82,Entregue
22916,19/05/2024,29/05/2024,Loggi,Belo Horizonte,Rezende Alegre,8,10,162.39,Entregue
3929,12/06/2024,19/06/2024,Jadlog,Belo Horizonte,Costela,6,7,197.86,Entregue
3174,05/04/2024,11/04/2024,Jadlog,Curitiba,Teixeira Paulista,7,6,116.17,Entregue
35055,20/06/2024,24/06/2024,Loggi,São Paulo,Rocha,5,4,233.38,Entregue
36128,01/02/2024,06/02/2024,Azul Cargo,Salvador,Ferreira,5,5,283.43,Entregue
39187,25/03/2024,28/03/2024,Jadlog,Recife,Dias do Sul,3,3,114.92,Entregue
50069,07/03/2024,16/03/2024,Azul Cargo,Recife,Barros de Moura,8,9,155.12,Entregue
44700,18/09/2024,29/09/2024,Loggi,Salvador,Costa,8,11,102.7,Entregue
24927,21/03/2024,26/03/2024,Azul Cargo,São Paulo,Lopes das Pedras,5,5,183.34,Entregue
51747,27/03/2024,03/04/2024,Correios,Curitiba,Moraes do Campo,4,7,278.51,Entregue
22363,01/02/2024,07/02/2024,Loggi,Salvador,Teixeira,7,6,225.26,Entregue
41691,10/07/2024,15/07/2024,Loggi,Belo Horizonte,Freitas de Lima,3,5,20.52,Entregue
690,22/02/2024,24/02/2024,Loggi,Salvador,Rocha do Sul,2,2,66.57,Entregue
31826,19/02/2024,26/02/2024,Azul Cargo,Curitiba,Silveira,5,7,137.98,Entregue
11213,19/10/2024,24/10/2024,Correios,Curitiba,Moura,5,5,232.5,Entregue
15220,19/03/2024,27/03/2024,Azul Cargo,Recife,Monteiro,7,8,99.1,Entregue
57163,27/04/2024,06/05/2024,Loggi,Curitiba,Santos de Costela,7,9,22.32,Devolvido
13203,27/05/2024,01/06/2024,Correios,Belo Horizonte,Rodrigues de Cavalcanti,5,5,116.91,Entregue
20571,28/02/2024,03/03/2024,Correios,São Paulo,Jesus,4,4,22.16,Em trânsito
19932,28/01/2024,01/02/2024,Correios,Recife,da Rocha da Serra,2,4,259.14,Entregue
6676,22/06/2024,30/06/2024,Azul Cargo,Curitiba,Cardoso do Campo,8,8,204.36,Entregue
11913,01/05/2024,13/05/2024,Jadlog,Belo Horizonte,Ramos,9,12,163.84,Entregue
51451,18/06/2024,20/06/2024,Correios,Curitiba,Melo,3,2,275.0,Entregue
16854,27/06/2024,05/07/2024,Loggi,Curitiba,Novaes,8,8,155.76,Entregue
49357,07/01/2024,14/01/2024,Jadlog,Recife,Fogaça,4,7,230.35,Entregue
15292,27/05/2024,03/06/2024,Jadlog,Recife,Moura,5,7,248.94,Entregue
65364,24/10/2024,02/11/2024,Jadlog,Belo Horizonte,Oliveira da Serra,6,9,84.55,Entregue
41665,02/05/2024,06/05/2024,Correios,Curitiba,da Luz,3,4,292.12,Entregue
27283,26/05/2024,28/05/2024,Jadlog,São Paulo,Barros,2,2,115.86,Entregue
4294,16/08/2024,18/08/2024,Jadlog,Curitiba,Viana,3,2,125.82,Entregue
37210,04/03/2024,05/03/2024,Correios,Salvador,Costa,2,1,133.0,Em trânsito
40521,19/05/2024,25/05/2024,Azul Cargo,Curitiba,Ramos,4,6,168.28,Entregue
12965,25/03/2024,29/03/2024,Correios,São Paulo,Carvalho,5,4,31.76,Entregue
4423,15/04/2024,21/04/2024,Azul Cargo,Curitiba,Nogueira,4,6,286.96,Entregue
43921,26/06/2024,30/06/2024,Jadlog,Salvador,Duarte do Campo,4,4,259.88,Em trânsito
65278,19/08/2024,27/08/2024,Jadlog,Recife,Costa,8,8,129.69,Em trânsito
49440,15/07/2024,21/07/2024,Correios,Recife,Duarte,6,6,225.19,Entregue
19656,14/10/2024,20/10/2024,Jadlog,Curitiba,Jesus dos Dourados,6,6,277.39,Entregue
2339,02/06/2024,09/06/2024,Jadlog,São Paulo,Martins,5,7,227.13,Entregue
39935,23/06/2024,03/07/2024,Jadlog,Salvador,Rodrigues da Serra,8,10,32.25,Entregue
58088,04/12/2024,10/12/2024,Correios,Recife,da Cunha,5,6,39.04,Entregue
8769,28/02/2024,08/03/2024,Azul Cargo,Curitiba,Costa de Gonçalves,10,9,296.0,Entregue
24466,05/12/2024,08/12/2024,Azul Cargo,São Paulo,Pinto de Gomes,4,3,145.67,Entregue
30066,24/04/2024,02/05/2024,Correios,Salvador,Barbosa do Amparo,7,8,84.97,Em trânsito
35559,11/05/2024,17/05/2024,Correios,Belo Horizonte,Costela de Rezende,5,6,183.63,Entregue
52144,08/03/2024,16/03/2024,Jadlog,Curitiba,da Cruz,5,8,43.76,Entregue
20849,21/07/2024,27/07/2024,Azul Cargo,Belo Horizonte,Azevedo,5,6,129.02,Entregue
49979,13/09/2024,16/09/2024,Azul Cargo,Salvador,Santos,3,3,240.21,Entregue
12995,28/05/2024,07/06/2024,Azul Cargo,São Paulo,Oliveira Grande,10,10,23.88,Entregue
52294,26/02/2024,02/03/2024,Jadlog,Curitiba,Novaes dos Dourados,6,5,258.1,Entregue
43550,27/08/2024,30/08/2024,Jadlog,São Paulo,da Mata,4,3,93.73,Entregue
16468,02/05/2024,04/05/2024,Loggi,Curitiba,da Rosa,2,2,263.28,Entregue
31042,25/10/2024,26/10/2024,Correios,Curitiba,Alves,2,1,79.64,Entregue
66478,25/02/2024,01/03/2024,Correios,Curitiba,Duarte Verde,6,5,138.46,Entregue
53115,08/09/2024,13/09/2024,Correios,Curitiba,Jesus Paulista,2,5,286.16,Entregue
48919,21/08/2024,29/08/2024,Azul Cargo,São Paulo,Dias do Oeste,8,8,297.39,Entregue
51208,24/02/2024,04/03/2024,Correios,Belo Horizonte,Mendes das Pedras,10,9,193.32,Entregue
46823,25/08/2024,28/08/2024,Azul Cargo,Belo Horizonte,Santos da Serra,2,3,286.5,Entregue
32839,06/04/2024,12/04/2024,Correios,Salvador,Ferreira,4,6,79.16,Entregue
47560,13/10/2024,20/10/2024,Azul Cargo,Recife,da Costa,5,7,248.37,Entregue
36703,13/12/2024,20/12/2024,Jadlog,Curitiba,Melo do Oeste,6,7,178.45,Entregue
61749,04/10/2024,11/10/2024,Azul Cargo,Curitiba,Correia Verde,7,7,157.85,Entregue
30272,17/06/2024,25/06/2024,Azul Cargo,Recife,Oliveira de Teixeira,9,8,259.79,Entregue
31964,05/06/2024,10/06/2024,Jadlog,Salvador,Cavalcanti Alegre,3,5,140.45,Entregue
6677,24/06/2024,04/07/2024,Jadlog,Curitiba,da Cunha,10,10,120.02,Entregue
17688,24/01/2024,03/02/2024,Azul Cargo,Curitiba,da Mota da Praia,7,10,268.52,Entregue
62795,06/09/2024,09/09/2024,Jadlog,Recife,Barros de Novaes,3,3,270.8,Em trânsito
4130,01/08/2024,07/08/2024,Loggi,Salvador,Souza,3,6,205.26,Entregue
55578,22/01/2024,30/01/2024,Jadlog,São Paulo,Pereira,8,8,265.15,Entregue
54372,28/10/2024,08/11/2024,Jadlog,Salvador,Pires de Moura,9,11,231.5,Em trânsito
47891,20/08/2024,25/08/2024,Azul Cargo,Recife,Lima,3,5,204.69,Entregue
36131,18/02/2024,22/02/2024,Loggi,Belo Horizonte,Rodrigues Verde,2,4,132.28,Entregue
39390,22/04/2024,29/04/2024,Jadlog,Recife,da Costa,7,7,235.66,Entregue
49420,19/05/2024,27/05/2024,Azul Cargo,Salvador,Viana,7,8,102.52,Entregue
11260,17/12/2024,26/12/2024,Azul Cargo,Curitiba,Mendes de Cardoso,6,9,186.19,Entregue
67710,15/01/2024,18/01/2024,Correios,São Paulo,Nogueira,2,3,273.99,Entregue
63380,27/03/2024,31/03/2024,Jadlog,Salvador,Freitas de Minas,4,4,84.95,Entregue
7107,26/07/2024,03/08/2024,Loggi,Belo Horizonte,Alves de Vieira,9,8,80.19,Entregue
65965,14/01/2024,25/01/2024,Azul Cargo,Salvador,Costela,10,11,273.33,Em trânsito
18203,02/11/2024,09/11/2024,Azul Cargo,Salvador,da Rosa,4,7,200.01,Entregue
35074,28/08/2024,06/09/2024,Loggi,Belo Horizonte,Ramos,6,9,234.01,Entregue
58007,03/07/2024,12/07/2024,Loggi,São Paulo,Melo do Galho,8,9,62.28,Entregue
42062,27/06/2024,30/06/2024,Correios,Recife,Castro do Campo,4,3,155.26,Entregue
64904,26/09/2024,01/10/2024,Jadlog,Belo Horizonte,Monteiro da Praia,5,5,48.7,Entregue
23638,15/07/2024,25/07/2024,Jadlog,Belo Horizonte,Almeida do Norte,8,10,283.8,Entregue
2332,23/06/2024,29/06/2024,Loggi,São Paulo,Lopes,4,6,156.46,Em trânsito
40153,13/12/2024,16/12/2024,Correios,Curitiba,da Mata,2,3,125.65,Entregue
26361,14/05/2024,25/05/2024,Correios,São Paulo,Jesus Paulista,8,11,274.77,Entregue
40660,03/10/2024,08/10/2024,Jadlog,São Paulo,Pinto do Galho,6,5,136.42,Entregue
49904,16/04/2024,21/04/2024,Azul Cargo,Salvador,Dias do Campo,2,5,72.7,Entregue
53124,19/10/2024,29/10/2024,Jadlog,Recife,Silveira Grande,10,10,268.84,Em trânsito
61025,13/04/2024,21/04/2024,Correios,Recife,Almeida do Amparo,9,8,256.28,Entregue
38947,22/11/2024,25/11/2024,Correios,Belo Horizonte,Jesus Paulista,4,3,105.81,Entregue
64814,24/03/2024,28/03/2024,Azul Cargo,São Paulo,Barbosa,4,4,98.75,Entregue
30415,04/02/2024,10/02/2024,Correios,Salvador,Mendes,4,6,283.13,Entregue
60422,18/04/2024,26/04/2024,Azul Cargo,Recife,da Rocha do Norte,9,8,281.74,Devolvido
34146,14/05/2024,21/05/2024,Jadlog,Belo Horizonte,Novaes,4,7,270.8,Entregue
16223,21/01/2024,29/01/2024,Loggi,Belo Horizonte,Cavalcanti da Praia,7,8,112.55,Entregue
45393,04/10/2024,15/10/2024,Jadlog,Belo Horizonte,Moreira,9,11,161.98,Entregue
34416,04/10/2024,14/10/2024,Correios,Recife,da Mata,8,10,121.33,Entregue
39702,21/01/2024,01/02/2024,Correios,São Paulo,das Neves,9,11,20.34,Entregue
27488,25/10/2024,03/11/2024,Correios,Salvador,da Costa,9,9,262.04,Entregue
2910,20/09/2024,28/09/2024,Azul Cargo,Belo Horizonte,da Cruz,9,8,226.08,Entregue
7423,08/03/2024,12/03/2024,Jadlog,Curitiba,Carvalho,3,4,236.51,Entregue
65615,09/04/2024,18/04/2024,Correios,São Paulo,Pinto da Praia,9,9,51.57,Entregue
53433,27/08/2024,02/09/2024,Azul Cargo,Belo Horizonte,Moraes,6,6,25.41,Em trânsito
10641,24/03/2024,03/04/2024,Loggi,Belo Horizonte,Silva,10,10,229.35,Entregue
41051,26/11/2024,07/12/2024,Azul Cargo,Recife,Carvalho,9,11,269.56,Entregue
62692,28/07/2024,06/08/2024,Azul Cargo,Recife,da Conceição,7,9,129.21,Entregue
18663,27/01/2024,06/02/2024,Azul Cargo,Belo Horizonte,Monteiro,8,10,212.21,Entregue
44834,05/06/2024,06/06/2024,Loggi,Curitiba,Fernandes das Pedras,2,1,188.87,Entregue
24302,06/02/2024,12/02/2024,Azul Cargo,Salvador,Fogaça de Goiás,4,6,297.98,Entregue
7570,08/01/2024,10/01/2024,Correios,Belo Horizonte,Ferreira da Prata,3,2,291.36,Entregue
12688,21/05/2024,03/06/2024,Jadlog,Salvador,Mendes,10,13,53.79,Entregue
60051,14/09/2024,20/09/2024,Correios,São Paulo,Lima,5,6,185.55,Entregue
27272,20/04/2024,27/04/2024,Jadlog,Curitiba,Rocha Grande,8,7,120.35,Entregue
15461,13/08/2024,24/08/2024,Azul Cargo,Salvador,Monteiro,9,11,51.04,Entregue
47566,22/11/2024,25/11/2024,Jadlog,Belo Horizonte,da Paz do Sul,3,3,298.79,Devolvido
45396,14/11/2024,21/11/2024,Correios,Recife,Mendes,7,7,244.38,Entregue
16994,17/05/2024,29/05/2024,Loggi,São Paulo,da Rosa,9,12,138.57,Entregue
47528,26/08/2024,30/08/2024,Azul Cargo,Salvador,Rocha,4,4,96.42,Entregue
37383,05/02/2024,15/02/2024,Loggi,Salvador,Aragão do Amparo,10,10,213.1,Entregue
7948,06/03/2024,11/03/2024,Loggi,São Paulo,Souza,3,5,86.43,Entregue
14114,08/04/2024,17/04/2024,Correios,Curitiba,da Cruz,8,9,145.0,Em trânsito
49327,16/11/2024,25/11/2024,Loggi,Belo Horizonte,Pires do Sul,7,9,294.08,Entregue
12326,02/09/2024,09/09/2024,Correios,São Paulo,Nogueira do Campo,4,7,135.3,Entregue
6905,16/06/2024,23/06/2024,Azul Cargo,Belo Horizonte,da Costa,8,7,48.68,Entregue
42877,28/07/2024,02/08/2024,Loggi,Belo Horizonte,Cardoso,5,5,179.34,Entregue
1335,08/04/2024,16/04/2024,Azul Cargo,Curitiba,da Paz de Teixeira,7,8,162.23,Entregue
65804,25/09/2024,02/10/2024,Jadlog,Belo Horizonte,Barbosa,6,7,288.64,Entregue
64373,12/10/2024,22/10/2024,Loggi,Recife,Rodrigues de Cavalcanti,10,10,149.77,Entregue
33943,14/04/2024,23/04/2024,Azul Cargo,Curitiba,da Rocha do Sul,9,9,224.8,Entregue
50370,15/10/2024,24/10/2024,Correios,Curitiba,Rocha Grande,8,9,139.76,Entregue
59664,04/08/2024,12/08/2024,Azul Cargo,Salvador,Cardoso de Pires,7,8,109.38,Entregue
67055,15/05/2024,18/05/2024,Jadlog,Curitiba,da Luz,3,3,86.98,Entregue
22609,26/07/2024,31/07/2024,Loggi,Salvador,da Mota,5,5,291.21,Entregue
60772,15/12/2024,23/12/2024,Azul Cargo,Recife,Ribeiro de Fogaça,8,8,186.78,Entregue
42199,24/01/2024,01/02/2024,Azul Cargo,São Paulo,Cardoso,8,8,271.62,Entregue
53427,15/07/2024,24/07/2024,Correios,Curitiba,Melo,10,9,101.13,Entregue
8019,28/06/2024,30/06/2024,Loggi,Curitiba,Araújo de Ramos,3,2,22.56,Entregue
18480,27/01/2024,29/01/2024,Correios,São Paulo,Vieira de Gomes,3,2,58.35,Em trânsito
63119,13/11/2024,20/11/2024,Jadlog,Salvador,Silva,4,7,243.61,Entregue
48851,07/03/2024,12/03/2024,Correios,Salvador,Rezende do Amparo,4,5,104.29,Entregue
47229,15/12/2024,17/12/2024,Loggi,Curitiba,Ferreira de Barbosa,3,2,10.81,Entregue
26393,23/07/2024,01/08/2024,Loggi,Recife,Azevedo,8,9,202.8,Entregue
22377,20/03/2024,26/03/2024,Correios,Salvador,da Rocha,6,6,252.43,Entregue
47096,12/02/2024,23/02/2024,Jadlog,São Paulo,Cardoso,8,11,209.62,Entregue
27979,26/09/2024,04/10/2024,Jadlog,Recife,Moreira,9,8,172.23,Entregue
4917,09/10/2024,13/10/2024,Correios,São Paulo,Cardoso,5,4,25.23,Entregue
26701,28/02/2024,04/03/2024,Correios,São Paulo,Caldeira dos Dourados,5,5,35.34,Entregue
22781,01/08/2024,07/08/2024,Loggi,Recife,Gomes da Mata,7,6,31.22,Entregue
52001,07/07/2024,18/07/2024,Correios,São Paulo,Jesus,8,11,66.9,Entregue
52489,24/03/2024,01/04/2024,Azul Cargo,Recife,da Conceição,8,8,204.8,Entregue
44491,05/08/2024,08/08/2024,Azul Cargo,São Paulo,Pereira,2,3,159.92,Entregue
11082,08/07/2024,18/07/2024,Azul Cargo,São Paulo,Rodrigues,8,10,202.46,Entregue
64565,15/10/2024,23/10/2024,Correios,Curitiba,das Neves do Sul,9,8,291.42,Entregue
9622,03/06/2024,06/06/2024,Loggi,Belo Horizonte,Fogaça,2,3,90.19,Entregue
47577,28/11/2024,06/12/2024,Loggi,Curitiba,da Rosa de Duarte,8,8,108.21,Entregue
67860,22/10/2024,23/10/2024,Correios,Curitiba,Santos,2,1,162.58,Entregue
2593,20/01/2024,29/01/2024,Loggi,São Paulo,Peixoto,8,9,160.14,Entregue
63459,28/08/2024,03/09/2024,Jadlog,Belo Horizonte,Fogaça,6,6,129.63,Entregue
2708,17/09/2024,23/09/2024,Loggi,Recife,Rezende do Amparo,6,6,215.62,Entregue
1163,10/10/2024,15/10/2024,Jadlog,Belo Horizonte,Ribeiro de Goiás,2,5,136.55,Entregue
29997,21/12/2024,26/12/2024,Loggi,São Paulo,da Paz,3,5,176.07,Em trânsito
32092,26/09/2024,03/10/2024,Azul Cargo,Recife,da Paz de Teixeira,6,7,86.46,Entregue
28592,07/05/2024,10/05/2024,Correios,Curitiba,Farias das Pedras,2,3,194.72,Entregue
64074,03/09/2024,09/09/2024,Correios,Salvador,da Rocha,6,6,16.05,Entregue
20006,12/03/2024,18/03/2024,Azul Cargo,Belo Horizonte,da Rocha da Serra,7,6,91.47,Entregue
48238,15/07/2024,19/07/2024,Azul Cargo,Curitiba,Cardoso das Flores,5,4,210.56,Entregue
22827,12/11/2024,23/11/2024,Loggi,Salvador,Ribeiro,8,11,94.63,Entregue
28506,24/03/2024,31/03/2024,Azul Cargo,Salvador,Araújo,5,7,223.36,Entregue
65585,19/04/2024,23/04/2024,Correios,Recife,Rezende dos Dourados,4,4,287.52,Entregue
35796,07/10/2024,18/10/2024,Jadlog,São Paulo,da Rosa,9,11,137.21,Entregue
23972,18/06/2024,26/06/2024,Correios,Curitiba,Almeida do Amparo,5,8,45.42,Entregue
59504,11/08/2024,19/08/2024,Azul Cargo,São Paulo,Pires do Norte,9,8,244.66,Entregue
33239,19/06/2024,25/06/2024,Correios,Recife,Moraes,4,6,13.49,Entregue
42045,01/04/2024,05/04/2024,Jadlog,Recife,Alves,3,4,38.13,Entregue
31224,08/08/2024,16/08/2024,Azul Cargo,Belo Horizonte,Pires,6,8,90.67,Em trânsito
55298,24/06/2024,02/07/2024,Azul Cargo,Curitiba,Ramos,8,8,118.78,Entregue
3402,04/09/2024,11/09/2024,Jadlog,Curitiba,da Mata da Mata,5,7,81.76,Em trânsito
7361,22/11/2024,29/11/2024,Azul Cargo,Belo Horizonte,Rocha,8,7,243.39,Entregue
23892,06/12/2024,11/12/2024,Jadlog,Salvador,Nogueira,5,5,174.96,Entregue
45852,01/01/2024,08/01/2024,Loggi,Curitiba,da Luz,6,7,189.76,Entregue
6195,10/04/2024,14/04/2024,Azul Cargo,Curitiba,Moura,2,4,44.86,Entregue
35190,10/03/2024,11/03/2024,Loggi,São Paulo,Lopes,2,1,177.98,Em trânsito
18968,21/10/2024,24/10/2024,Correios,São Paulo,da Luz,4,3,299.01,Entregue
12754,04/07/2024,15/07/2024,Loggi,Curitiba,da Mata da Mata,9,11,174.51,Entregue
47295,06/04/2024,18/04/2024,Jadlog,São Paulo,Azevedo,9,12,257.96,Entregue
19715,05/01/2024,07/01/2024,Jadlog,Salvador,Cardoso de da Conceição,3,2,198.05,Entregue
3138,10/02/2024,13/02/2024,Correios,Recife,da Rosa,4,3,217.07,Entregue
9599,17/05/2024,23/05/2024,Loggi,Curitiba,Aragão,6,6,149.97,Entregue
7428,16/04/2024,24/04/2024,Loggi,Curitiba,Souza,8,8,277.37,Entregue
39208,03/04/2024,07/04/2024,Azul Cargo,Recife,das Neves,4,4,56.53,Entregue
61547,21/09/2024,27/09/2024,Jadlog,Curitiba,Sales de Nunes,7,6,198.92,Entregue
11509,13/03/2024,22/03/2024,Azul Cargo,Salvador,Silveira dos Dourados,6,9,82.46,Entregue
41427,23/08/2024,03/09/2024,Jadlog,Recife,Silva,10,11,167.37,Entregue
50726,13/06/2024,16/06/2024,Correios,Curitiba,Peixoto,3,3,283.68,Entregue
23973,16/06/2024,24/06/2024,Jadlog,Curitiba,Jesus de Freitas,9,8,62.26,Entregue
2814,13/04/2024,25/04/2024,Loggi,Salvador,Lopes,9,12,181.81,Entregue
4813,12/03/2024,20/03/2024,Jadlog,Curitiba,da Luz,9,8,259.33,Entregue
23775,03/04/2024,10/04/2024,Jadlog,Curitiba,da Paz,6,7,177.19,Entregue
31606,19/06/2024,20/06/2024,Loggi,Salvador,Alves,2,1,299.53,Entregue
42776,02/12/2024,08/12/2024,Correios,Recife,das Neves,3,6,261.57,Entregue
13191,06/03/2024,16/03/2024,Loggi,Recife,Vieira do Amparo,8,10,12.26,Entregue
9204,19/01/2024,26/01/2024,Jadlog,Curitiba,da Mata,4,7,37.3,Entregue
35050,22/06/2024,24/06/2024,Jadlog,Recife,da Mata,2,2,73.07,Em trânsito
62589,02/04/2024,07/04/2024,Loggi,São Paulo,Azevedo,2,5,51.45,Entregue
13414,14/07/2024,17/07/2024,Jadlog,Belo Horizonte,Rezende,4,3,30.65,Entregue
12548,08/12/2024,16/12/2024,Loggi,Salvador,Costa Alegre,7,8,121.68,Entregue
62357,10/09/2024,20/09/2024,Jadlog,Belo Horizonte,Correia do Oeste,9,10,52.94,Entregue
7787,06/05/2024,12/05/2024,Jadlog,Curitiba,Vieira de Goiás,6,6,259.72,Entregue
2617,18/02/2024,26/02/2024,Correios,Curitiba,Duarte,7,8,272.53,Entregue
40493,18/04/2024,23/04/2024,Jadlog,Salvador,Moreira de Goiás,4,5,56.96,Entregue
20008,15/03/2024,20/03/2024,Jadlog,Recife,Fernandes,4,5,250.29,Entregue
44087,04/09/2024,05/09/2024,Azul Cargo,Salvador,Barbosa,2,1,46.48,Entregue
58113,01/01/2024,10/01/2024,Correios,São Paulo,da Mota,7,9,146.56,Entregue
47848,20/06/2024,24/06/2024,Jadlog,São Paulo,Araújo,5,4,43.9,Entregue
15268,06/04/2024,13/04/2024,Azul Cargo,Salvador,Cardoso,4,7,140.83,Em trânsito
37402,06/04/2024,14/04/2024,Azul Cargo,São Paulo,Duarte,7,8,298.05,Entregue
7065,11/04/2024,18/04/2024,Loggi,Curitiba,Costela,4,7,119.11,Entregue
28783,25/09/2024,01/10/2024,Jadlog,São Paulo,Azevedo,6,6,289.95,Em trânsito
5605,19/09/2024,01/10/2024,Jadlog,São Paulo,Monteiro,9,12,213.25,Entregue
49434,02/06/2024,05/06/2024,Correios,Recife,Campos do Norte,3,3,226.95,Entregue
64982,05/01/2024,12/01/2024,Loggi,Recife,Souza do Galho,4,7,120.62,Entregue
25030,26/05/2024,03/06/2024,Azul Cargo,Recife,Porto,6,8,275.02,Em trânsito
60015,14/07/2024,20/07/2024,Correios,Curitiba,Duarte,6,6,240.54,Entregue
43568,03/09/2024,12/09/2024,Loggi,Recife,Cardoso do Campo,10,9,62.15,Entregue
15808,26/11/2024,09/12/2024,Correios,Belo Horizonte,da Mota de Cardoso,10,13,287.54,Entregue
20756,17/01/2024,24/01/2024,Loggi,Curitiba,da Rosa,4,7,173.42,Devolvido
18572,09/07/2024,19/07/2024,Azul Cargo,Belo Horizonte,Rezende,9,10,134.07,Entregue
54860,09/09/2024,10/09/2024,Jadlog,São Paulo,da Luz dos Dourados,2,1,26.65,Entregue
5842,27/11/2024,28/11/2024,Azul Cargo,Recife,da Rocha das Flores,2,1,113.04,Entregue
8410,19/04/2024,23/04/2024,Correios,Belo Horizonte,Azevedo da Serra,5,4,96.17,Entregue
53989,20/09/2024,23/09/2024,Jadlog,Belo Horizonte,Caldeira de da Mota,2,3,50.03,Entregue
1806,28/06/2024,05/07/2024,Loggi,Salvador,Duarte,6,7,202.19,Entregue
48795,07/12/2024,12/12/2024,Jadlog,Belo Horizonte,Alves de Vieira,6,5,224.78,Entregue
48831,18/02/2024,22/02/2024,Loggi,Curitiba,Jesus de Freitas,5,4,275.29,Devolvido
31376,04/06/2024,05/06/2024,Jadlog,São Paulo,da Mota de Fogaça,2,1,227.85,Devolvido
29543,11/01/2024,15/01/2024,Jadlog,Belo Horizonte,Farias,5,4,102.45,Entregue
27050,26/08/2024,03/09/2024,Azul Cargo,Curitiba,da Mata das Pedras,5,8,122.3,Entregue
56349,22/10/2024,29/10/2024,Loggi,São Paulo,Lima das Flores,5,7,45.21,Entregue
34348,25/06/2024,04/07/2024,Correios,Salvador,Costela,8,9,107.15,Entregue
46504,12/11/2024,23/11/2024,Jadlog,Salvador,Ramos,10,11,161.35,Entregue
66572,17/07/2024,28/07/2024,Jadlog,Belo Horizonte,Cardoso,10,11,63.06,Entregue
28601,03/05/2024,13/05/2024,Jadlog,Belo Horizonte,Silva,7,10,175.37,Entregue
45899,25/02/2024,05/03/2024,Azul Cargo,Belo Horizonte,da Cruz,9,9,285.32,Entregue
63292,08/09/2024,09/09/2024,Azul Cargo,Curitiba,Rodrigues da Serra,2,1,71.09,Entregue
37943,05/03/2024,18/03/2024,Loggi,Recife,Peixoto de Lima,10,13,141.17,Entregue
11142,26/09/2024,30/09/2024,Correios,Recife,da Luz do Galho,5,4,199.3,Entregue
59776,08/03/2024,13/03/2024,Loggi,Curitiba,Ferreira da Prata,4,5,251.69,Entregue
21019,22/05/2024,02/06/2024,Jadlog,São Paulo,Moura,9,11,60.74,Entregue
67265,17/10/2024,21/10/2024,Loggi,Belo Horizonte,Freitas Verde,4,4,197.03,Entregue
29937,22/11/2024,01/12/2024,Correios,Curitiba,da Cunha,10,9,115.5,Entregue
41498,09/10/2024,15/10/2024,Azul Cargo,Recife,Rocha,5,6,94.03,Entregue
35869,20/12/2024,28/12/2024,Correios,São Paulo,Nogueira de Souza,7,8,165.84,Entregue
5602,09/08/2024,18/08/2024,Azul Cargo,Salvador,Jesus Paulista,6,9,297.38,Entregue
52048,15/09/2024,27/09/2024,Loggi,Recife,Pires do Amparo,9,12,244.83,Entregue
53929,13/05/2024,19/05/2024,Azul Cargo,Curitiba,Rodrigues do Sul,3,6,236.07,Entregue
21949,20/12/2024,29/12/2024,Jadlog,Recife,Monteiro,9,9,202.11,Entregue
65890,09/11/2024,18/11/2024,Jadlog,São Paulo,Pinto de Gomes,8,9,280.52,Entregue
48358,17/10/2024,23/10/2024,Correios,Curitiba,da Luz de Novaes,6,6,76.18,Devolvido
62094,10/03/2024,13/03/2024,Jadlog,São Paulo,Santos,3,3,121.04,Entregue
850,17/12/2024,19/12/2024,Jadlog,São Paulo,Cardoso dos Dourados,3,2,83.99,Entregue
19037,04/12/2024,07/12/2024,Correios,Belo Horizonte,Ferreira,3,3,112.14,Entregue
21370,27/07/2024,02/08/2024,Loggi,Recife,Sales de Nunes,3,6,116.0,Entregue
8881,16/09/2024,24/09/2024,Loggi,Recife,da Conceição,8,8,200.29,Em trânsito
8787,26/03/2024,07/04/2024,Correios,Belo Horizonte,da Mata,9,12,286.69,Entregue
2009,27/04/2024,03/05/2024,Azul Cargo,Belo Horizonte,Cunha,5,6,222.67,Entregue
22047,21/06/2024,30/06/2024,Azul Cargo,São Paulo,Cunha do Galho,6,9,221.22,Entregue
38955,21/11/2024,28/11/2024,Loggi,São Paulo,Farias do Galho,8,7,292.3,Entregue
43948,28/06/2024,04/07/2024,Azul Cargo,Salvador,Carvalho,5,6,252.37,Entregue
35473,24/03/2024,31/03/2024,Azul Cargo,São Paulo,Aragão do Oeste,6,7,159.67,Entregue
67298,24/11/2024,29/11/2024,Jadlog,Salvador,Farias,6,5,139.23,Entregue
32038,15/07/2024,22/07/2024,Azul Cargo,São Paulo,da Cruz do Amparo,8,7,157.61,Entregue
56763,16/01/2024,25/01/2024,Correios,Recife,Rodrigues,8,9,165.71,Entregue
12363,19/11/2024,29/11/2024,Jadlog,Belo Horizonte,Mendes,10,10,184.56,Entregue
60415,26/04/2024,03/05/2024,Jadlog,Belo Horizonte,da Costa,8,7,16.08,Entregue
39084,18/08/2024,29/08/2024,Correios,Curitiba,Moraes,9,11,74.19,Entregue
27130,28/01/2024,05/02/2024,Jadlog,Recife,Moreira,9,8,20.36,Entregue
43225,23/05/2024,24/05/2024,Correios,São Paulo,da Luz,2,1,218.31,Em trânsito
7985,04/05/2024,08/05/2024,Loggi,Belo Horizonte,da Paz do Sul,3,4,260.11,Entregue
11014,16/06/2024,19/06/2024,Jadlog,Salvador,Correia do Oeste,3,3,249.42,Entregue
57168,24/04/2024,30/04/2024,Correios,São Paulo,Alves,6,6,289.38,Entregue
49589,04/06/2024,09/06/2024,Azul Cargo,São Paulo,Fogaça,5,5,121.72,Entregue
57646,23/06/2024,05/07/2024,Loggi,Belo Horizonte,Lima das Flores,9,12,214.66,Em trânsito
12946,25/02/2024,06/03/2024,Jadlog,Belo Horizonte,das Neves do Oeste,9,10,210.08,Entregue
41750,23/11/2024,01/12/2024,Azul Cargo,Belo Horizonte,Vieira de Cavalcanti,7,8,127.81,Entregue
17487,08/02/2024,15/02/2024,Jadlog,São Paulo,Castro do Campo,8,7,82.39,Entregue
18302,05/04/2024,09/04/2024,Loggi,Salvador,Melo,4,4,58.12,Em trânsito
36772,24/04/2024,02/05/2024,Correios,Curitiba,Cavalcanti Alegre,9,8,121.4,Entregue
27456,11/09/2024,20/09/2024,Azul Cargo,São Paulo,Carvalho,6,9,175.11,Entregue
52884,02/05/2024,07/05/2024,Azul Cargo,Recife,Costa de Gonçalves,2,5,202.44,Em trânsito
38167,08/04/2024,11/04/2024,Correios,São Paulo,Ferreira,2,3,156.41,Entregue
57641,15/06/2024,24/06/2024,Loggi,Belo Horizonte,Teixeira,10,9,98.68,Entregue
8312,01/11/2024,06/11/2024,Loggi,Salvador,Fernandes das Pedras,5,5,54.49,Entregue
8908,19/10/2024,27/10/2024,Azul Cargo,São Paulo,Lima,8,8,154.44,Entregue
65150,27/05/2024,31/05/2024,Loggi,Recife,Oliveira do Amparo,5,4,183.9,Entregue
45814,03/11/2024,13/11/2024,Correios,Belo Horizonte,Castro da Praia,9,10,136.45,Entregue
6330,02/07/2024,07/07/2024,Loggi,Recife,Vieira,3,5,152.4,Entregue
40347,07/10/2024,13/10/2024,Azul Cargo,Belo Horizonte,Costa,3,6,221.7,Em trânsito
12798,12/08/2024,19/08/2024,Loggi,Curitiba,da Cunha Alegre,4,7,68.42,Entregue
52548,05/07/2024,11/07/2024,Azul Cargo,Recife,Azevedo do Galho,6,6,76.56,Entregue
60338,02/02/2024,12/02/2024,Loggi,Belo Horizonte,Azevedo,10,10,75.95,Entregue
48821,12/01/2024,18/01/2024,Azul Cargo,Recife,Moreira,6,6,51.98,Entregue
8858,07/08/2024,15/08/2024,Loggi,Curitiba,Mendes,6,8,214.16,Entregue
12758,03/07/2024,14/07/2024,Jadlog,São Paulo,Jesus,10,11,255.35,Entregue
5032,18/02/2024,21/02/2024,Azul Cargo,São Paulo,Pereira,4,3,205.02,Entregue
43737,08/02/2024,17/02/2024,Loggi,Salvador,da Mata,10,9,116.7,Entregue
3503,18/02/2024,20/02/2024,Correios,Salvador,da Luz dos Dourados,3,2,157.86,Entregue
64741,21/10/2024,30/10/2024,Jadlog,São Paulo,Martins,10,9,56.96,Entregue
26132,01/02/2024,08/02/2024,Jadlog,São Paulo,Nunes do Oeste,6,7,178.04,Entregue
17836,19/12/2024,21/12/2024,Loggi,Curitiba,da Rosa Verde,2,2,22.0,Entregue
45200,18/06/2024,26/06/2024,Correios,Recife,Araújo de Pinto,5,8,260.21,Entregue
33909,23/01/2024,25/01/2024,Correios,Belo Horizonte,Ribeiro,2,2,194.09,Entregue
1843,07/08/2024,11/08/2024,Jadlog,Belo Horizonte,da Rosa,4,4,163.15,Entregue
46924,13/03/2024,24/03/2024,Jadlog,São Paulo,da Rosa,10,11,131.14,Entregue
50080,24/04/2024,03/05/2024,Correios,Salvador,Moraes,8,9,83.83,Entregue
53965,06/07/2024,15/07/2024,Azul Cargo,Curitiba,da Cunha da Praia,9,9,35.83,Entregue
33571,02/08/2024,12/08/2024,Loggi,São Paulo,Castro do Norte,9,10,97.99,Entregue
57835,04/06/2024,09/06/2024,Jadlog,Salvador,da Rocha,5,5,264.83,Entregue
17941,21/06/2024,26/06/2024,Azul Cargo,São Paulo,da Rosa,2,5,180.09,Entregue
64210,04/12/2024,11/12/2024,Azul Cargo,São Paulo,Mendes,6,7,263.04,Entregue
46677,01/10/2024,07/10/2024,Loggi,São Paulo,Freitas de Moraes,6,6,257.25,Entregue
20058,03/04/2024,08/04/2024,Jadlog,São Paulo,Azevedo,5,5,185.23,Devolvido
6101,15/02/2024,18/02/2024,Jadlog,Belo Horizonte,Nunes do Oeste,4,3,120.62,Entregue
36595,19/04/2024,26/04/2024,Azul Cargo,Curitiba,Correia do Oeste,4,7,54.48,Entregue
7455,26/05/2024,07/06/2024,Loggi,Curitiba,Lopes,9,12,269.52,Entregue
48236,05/07/2024,12/07/2024,Loggi,Recife,da Mata,4,7,17.19,Em trânsito
37873,02/10/2024,04/10/2024,Azul Cargo,São Paulo,Silva,2,2,259.22,Entregue
62765,13/08/2024,22/08/2024,Jadlog,Belo Horizonte,Santos,7,9,68.42,Entregue
61369,06/11/2024,14/11/2024,Correios,Curitiba,Azevedo das Pedras,5,8,185.63,Entregue
35413,04/02/2024,09/02/2024,Loggi,Salvador,Ribeiro das Flores,3,5,26.39,Entregue
40912,01/01/2024,09/01/2024,Azul Cargo,São Paulo,Vieira do Norte,6,8,118.32,Entregue
38253,09/07/2024,17/07/2024,Jadlog,Belo Horizonte,da Cruz,5,8,161.79,Entregue
61380,02/11/2024,15/11/2024,Loggi,Curitiba,Alves,10,13,28.67,Entregue
18512,19/03/2024,27/03/2024,Azul Cargo,Belo Horizonte,Rocha,6,8,88.06,Devolvido
16704,28/08/2024,04/09/2024,Correios,Salvador,Nascimento,7,7,225.18,Entregue
1793,27/05/2024,30/05/2024,Loggi,Recife,Lima,2,3,137.53,Entregue
4412,03/03/2024,08/03/2024,Jadlog,São Paulo,Costa,3,5,294.71,Entregue
48573,15/09/2024,17/09/2024,Azul Cargo,Recife,da Mata,3,2,193.32,Entregue
6511,07/12/2024,17/12/2024,Jadlog,Recife,Azevedo,9,10,52.27,Entregue
62501,02/02/2024,07/02/2024,Azul Cargo,Curitiba,Jesus de Freitas,3,5,227.26,Em trânsito
64132,28/10/2024,01/11/2024,Loggi,Belo Horizonte,Vieira,5,4,112.42,Entregue
12346,12/10/2024,19/10/2024,Azul Cargo,São Paulo,Rocha,5,7,253.04,Entregue
22802,06/09/2024,15/09/2024,Azul Cargo,Belo Horizonte,Nunes,10,9,137.82,Entregue
6794,24/11/2024,30/11/2024,Loggi,Salvador,Azevedo,7,6,106.71,Em trânsito
20904,25/10/2024,26/10/2024,Correios,Belo Horizonte,Santos de Costela,2,1,126.5,Entregue
37836,16/08/2024,24/08/2024,Loggi,Salvador,Silva de Minas,9,8,230.08,Entregue
38962,23/11/2024,25/11/2024,Azul Cargo,Belo Horizonte,da Conceição,2,2,23.65,Entregue
40570,16/07/2024,19/07/2024,Correios,Curitiba,Moraes,4,3,143.98,Entregue
6690,07/07/2024,19/07/2024,Azul Cargo,São Paulo,da Costa,9,12,230.03,Entregue
21506,15/10/2024,23/10/2024,Jadlog,Curitiba,Campos,9,8,277.07,Entregue
21617,07/01/2024,09/01/2024,Jadlog,Belo Horizonte,Vieira de da Luz,2,2,111.5,Entregue
67174,01/08/2024,11/08/2024,Azul Cargo,Belo Horizonte,Aragão do Amparo,7,10,68.15,Entregue
3945,25/07/2024,30/07/2024,Jadlog,Belo Horizonte,Dias do Sul,3,5,265.13,Entregue
65638,19/05/2024,31/05/2024,Correios,Recife,Cardoso,9,12,179.91,Entregue
29625,15/03/2024,19/03/2024,Loggi,Belo Horizonte,da Luz Grande,5,4,196.84,Entregue
39328,08/12/2024,14/12/2024,Loggi,São Paulo,da Mota do Sul,3,6,113.96,Entregue
23862,17/10/2024,27/10/2024,Loggi,Salvador,da Mata,8,10,126.65,Em trânsito
61969,21/08/2024,24/08/2024,Loggi,Belo Horizonte,Fernandes dos Dourados,3,3,70.27,Entregue
54377,18/10/2024,21/10/2024,Azul Cargo,Recife,Novaes,2,3,80.2,Entregue
3594,07/05/2024,18/05/2024,Loggi,Recife,Silveira,9,11,112.07,Entregue
26982,13/03/2024,24/03/2024,Correios,São Paulo,das Neves,8,11,148.35,Entregue
48452,28/01/2024,02/02/2024,Azul Cargo,Salvador,Moraes,3,5,130.96,Entregue
31962,22/06/2024,28/06/2024,Jadlog,Curitiba,da Luz,3,6,18.76,Devolvido
3800,08/11/2024,20/11/2024,Correios,Recife,Barros,10,12,299.43,Entregue
9632,07/07/2024,10/07/2024,Loggi,Recife,Sales do Galho,4,3,113.0,Entregue
57920,24/01/2024,06/02/2024,Jadlog,Curitiba,Dias de Minas,10,13,285.43,Entregue
49597,22/07/2024,02/08/2024,Correios,Recife,Cardoso de da Mota,8,11,200.66,Entregue
59118,22/06/2024,02/07/2024,Loggi,Salvador,Ferreira da Prata,7,10,34.62,Entregue
45111,08/04/2024,20/04/2024,Jadlog,Recife,das Neves,9,12,234.95,Entregue
18208,21/11/2024,26/11/2024,Correios,Curitiba,Moreira de Lima,5,5,299.31,Entregue
34835,03/03/2024,04/03/2024,Jadlog,Salvador,Nogueira do Norte,2,1,93.3,Entregue
29139,23/11/2024,30/11/2024,Correios,Salvador,Lima de Lima,5,7,10.7,Entregue
23232,13/05/2024,26/05/2024,Loggi,Curitiba,Dias,10,13,173.8,Entregue
53947,09/07/2024,15/07/2024,Loggi,Belo Horizonte,Freitas de Moraes,6,6,106.26,Entregue
67952,17/05/2024,18/05/2024,Jadlog,São Paulo,da Rosa,2,1,263.97,Entregue
38927,24/10/2024,03/11/2024,Loggi,Curitiba,Aragão,10,10,13.55,Entregue
177,22/05/2024,24/05/2024,Correios,Salvador,Moraes,2,2,104.23,Entregue
56605,22/04/2024,28/04/2024,Azul Cargo,Belo Horizonte,Ramos de Lima,3,6,284.15,Entregue
35359,26/12/2024,06/01/2025,Jadlog,Belo Horizonte,Almeida do Norte,8,11,254.61,Entregue
40717,07/12/2024,11/12/2024,Loggi,São Paulo,Souza,4,4,247.7,Entregue
43538,07/08/2024,16/08/2024,Correios,São Paulo,Ribeiro das Flores,7,9,146.13,Entregue
47808,14/02/2024,18/02/2024,Loggi,Belo Horizonte,Cardoso,5,4,63.43,Entregue
47829,25/04/2024,06/05/2024,Azul Cargo,Curitiba,Farias,10,11,267.11,Entregue
24030,04/09/2024,11/09/2024,Jadlog,Belo Horizonte,Pinto,7,7,86.25,Entregue
32551,11/08/2024,15/08/2024,Jadlog,São Paulo,Costela,4,4,108.13,Entregue
38855,22/05/2024,04/06/2024,Loggi,Curitiba,Cardoso dos Dourados,10,13,186.69,Entregue
937,11/06/2024,21/06/2024,Loggi,Belo Horizonte,Silveira Grande,10,10,203.42,Entregue
51675,27/10/2024,29/10/2024,Azul Cargo,Salvador,Teixeira,2,2,115.44,Entregue
1686,04/12/2024,11/12/2024,Correios,Salvador,Rezende dos Dourados,5,7,62.5,Entregue
1119,24/07/2024,03/08/2024,Correios,São Paulo,da Luz,9,10,21.05,Entregue
34285,22/02/2024,03/03/2024,Correios,Curitiba,da Rosa,9,10,69.85,Entregue
20365,14/12/2024,18/12/2024,Azul Cargo,Recife,Dias do Sul,3,4,280.84,Entregue
5200,06/07/2024,08/07/2024,Azul Cargo,Belo Horizonte,Fogaça,2,2,121.5,Entregue
18939,17/09/2024,23/09/2024,Jadlog,Salvador,Cardoso Alegre,5,6,246.54,Entregue
60119,22/02/2024,02/03/2024,Loggi,Salvador,Castro do Galho,9,9,231.09,Entregue
60321,07/02/2024,15/02/2024,Azul Cargo,Recife,Monteiro,5,8,12.44,Entregue
29923,03/10/2024,14/10/2024,Correios,São Paulo,da Rocha,9,11,182.24,Entregue
42623,10/07/2024,12/07/2024,Jadlog,Belo Horizonte,Vieira de Cavalcanti,2,2,106.68,Entregue
55355,17/10/2024,23/10/2024,Azul Cargo,Curitiba,Aragão,5,6,33.88,Devolvido
54235,16/01/2024,28/01/2024,Correios,Belo Horizonte,Cardoso das Flores,10,12,145.01,Entregue
67096,15/06/2024,27/06/2024,Azul Cargo,Recife,Azevedo do Galho,9,12,288.23,Entregue
37162,12/12/2024,16/12/2024,Correios,Salvador,Costela da Praia,4,4,46.06,Em trânsito
35083,01/08/2024,08/08/2024,Jadlog,Recife,Viana de Jesus,7,7,120.29,Entregue
46838,10/09/2024,17/09/2024,Azul Cargo,Salvador,Costa de Gonçalves,5,7,37.05,Em trânsito
9009,22/03/2024,31/03/2024,Azul Cargo,Belo Horizonte,da Mota da Mata,10,9,276.67,Em trânsito
49083,05/07/2024,09/07/2024,Azul Cargo,Curitiba,Rocha,2,4,162.95,Entregue
14078,16/01/2024,21/01/2024,Loggi,Salvador,da Rosa,3,5,275.72,Entregue
42510,22/04/2024,30/04/2024,Loggi,Recife,Silva,6,8,70.53,Entregue
59309,08/07/2024,19/07/2024,Loggi,Salvador,Silveira Grande,10,11,263.61,Entregue
9102,11/08/2024,19/08/2024,Azul Cargo,Belo Horizonte,da Rocha,8,8,156.86,Em trânsito
48133,03/05/2024,08/05/2024,Azul Cargo,Belo Horizonte,Pinto de Goiás,6,5,261.33,Devolvido
61653,13/03/2024,20/03/2024,Azul Cargo,São Paulo,Pereira do Galho,4,7,241.69,Entregue
57052,05/09/2024,14/09/2024,Azul Cargo,Salvador,Pires,8,9,264.0,Entregue
54641,21/03/2024,03/04/2024,Correios,Salvador,Azevedo Paulista,10,13,25.27,Entregue
49041,28/04/2024,05/05/2024,Correios,Curitiba,Azevedo do Galho,7,7,233.2,Entregue
42574,02/06/2024,06/06/2024,Jadlog,São Paulo,da Rosa,4,4,183.34,Entregue
26690,12/02/2024,22/02/2024,Correios,Salvador,Jesus dos Dourados,8,10,208.43,Entregue
25314,26/12/2024,02/01/2025,Azul Cargo,Curitiba,Aragão,4,7,228.95,Entregue
14155,12/06/2024,23/06/2024,Azul Cargo,Salvador,Carvalho Grande,10,11,127.8,Entregue
4879,08/07/2024,16/07/2024,Jadlog,Belo Horizonte,da Luz,9,8,273.35,Entregue
65133,05/05/2024,09/05/2024,Loggi,Belo Horizonte,Alves,4,4,152.41,Entregue
67240,10/09/2024,16/09/2024,Loggi,Curitiba,da Paz Verde,3,6,290.53,Entregue
17761,04/07/2024,11/07/2024,Azul Cargo,Curitiba,Gonçalves,8,7,230.9,Entregue
48274,25/08/2024,03/09/2024,Jadlog,Recife,Fogaça,8,9,97.66,Entregue
41455,16/09/2024,26/09/2024,Azul Cargo,São Paulo,da Rosa de Lima,10,10,57.46,Entregue
2955,02/12/2024,11/12/2024,Jadlog,São Paulo,Nogueira,9,9,203.94,Entregue
19965,18/02/2024,24/02/2024,Loggi,Salvador,Dias de Minas,7,6,91.84,Entregue
12703,27/05/2024,31/05/2024,Azul Cargo,Salvador,Sales de Fogaça,5,4,104.99,Entregue
21563,04/11/2024,14/11/2024,Azul Cargo,Belo Horizonte,Silveira,10,10,11.67,Entregue
11903,03/05/2024,06/05/2024,Jadlog,Recife,Jesus,3,3,146.31,Entregue
1697,13/12/2024,16/12/2024,Azul Cargo,Belo Horizonte,Moura,4,3,266.71,Entregue
44744,06/12/2024,18/12/2024,Jadlog,Recife,Rocha Grande,9,12,183.95,Entregue
43645,22/11/2024,29/11/2024,Azul Cargo,Recife,Porto,7,7,264.19,Em trânsito
9268,24/06/2024,01/07/2024,Loggi,Curitiba,Carvalho,4,7,73.15,Entregue
48865,10/05/2024,17/05/2024,Loggi,Curitiba,Fernandes de Mendes,6,7,218.05,Entregue
49292,21/09/2024,27/09/2024,Jadlog,Belo Horizonte,Ramos de Nogueira,5,6,217.24,Entregue
27596,04/12/2024,10/12/2024,Correios,Curitiba,da Luz,6,6,237.43,Entregue
36572,16/03/2024,25/03/2024,Azul Cargo,Belo Horizonte,Correia Verde,10,9,46.94,Entregue
11484,20/01/2024,28/01/2024,Jadlog,Curitiba,da Cunha Alegre,7,8,91.48,Entregue
20659,03/07/2024,09/07/2024,Correios,Salvador,Alves,7,6,165.56,Entregue
23615,16/05/2024,26/05/2024,Jadlog,Curitiba,Jesus dos Dourados,8,10,97.17,Entregue
50566,07/09/2024,17/09/2024,Azul Cargo,São Paulo,da Rosa,8,10,15.59,Entregue
145,05/04/2024,12/04/2024,Jadlog,Curitiba,da Mata das Pedras,7,7,214.79,Entregue
35529,21/05/2024,25/05/2024,Correios,Belo Horizonte,da Luz,3,4,288.33,Entregue
37898,05/12/2024,09/12/2024,Jadlog,Belo Horizonte,Mendes,2,4,50.53,Entregue
41255,10/04/2024,21/04/2024,Jadlog,Curitiba,Ramos,8,11,133.44,Entregue
59123,13/07/2024,18/07/2024,Jadlog,Belo Horizonte,Jesus Paulista,6,5,116.13,Entregue
62807,08/09/2024,21/09/2024,Loggi,São Paulo,da Rosa,10,13,73.22,Entregue
51519,12/11/2024,25/11/2024,Loggi,Belo Horizonte,Sales do Galho,10,13,196.38,Entregue
43151,06/12/2024,15/12/2024,Azul Cargo,Salvador,Castro de Goiás,7,9,34.03,Entregue
3453,21/12/2024,27/12/2024,Jadlog,Curitiba,Nascimento de Goiás,6,6,27.97,Entregue
10649,14/04/2024,23/04/2024,Loggi,Curitiba,Sales Paulista,10,9,143.39,Entregue
22499,10/12/2024,13/12/2024,Correios,Curitiba,Souza do Galho,4,3,201.94,Entregue
16496,25/06/2024,07/07/2024,Correios,Belo Horizonte,da Mota da Praia,9,12,168.6,Em trânsito
8342,07/01/2024,18/01/2024,Jadlog,São Paulo,Pinto dos Dourados,8,11,167.11,Entregue
7674,04/09/2024,13/09/2024,Azul Cargo,Salvador,Jesus Paulista,9,9,232.82,Entregue
30215,23/03/2024,31/03/2024,Jadlog,Belo Horizonte,Moura,8,8,34.85,Entregue
25198,25/09/2024,02/10/2024,Loggi,Salvador,Ramos de Nogueira,5,7,110.04,Entregue
67609,10/05/2024,14/05/2024,Loggi,Belo Horizonte,Novaes,3,4,15.15,Entregue
26773,04/05/2024,11/05/2024,Loggi,Recife,Mendes,8,7,229.03,Entregue
34971,26/01/2024,03/02/2024,Azul Cargo,Curitiba,Melo do Oeste,8,8,156.47,Entregue
38780,06/01/2024,15/01/2024,Jadlog,São Paulo,Campos,7,9,242.71,Entregue
54302,05/05/2024,14/05/2024,Jadlog,Belo Horizonte,da Mota do Amparo,8,9,133.88,Em trânsito
20519,19/10/2024,26/10/2024,Correios,Curitiba,Fogaça do Galho,5,7,86.01,Entregue
35722,23/09/2024,29/09/2024,Azul Cargo,Belo Horizonte,Barbosa,3,6,87.14,Entregue
55924,17/10/2024,30/10/2024,Correios,São Paulo,Peixoto de Lima,10,13,160.94,Entregue
13941,01/06/2024,02/06/2024,Azul Cargo,Recife,Fogaça,2,1,281.81,Entregue
13127,21/12/2024,01/01/2025,Correios,Salvador,Fogaça da Praia,8,11,70.83,Entregue
50173,27/10/2024,04/11/2024,Correios,Salvador,da Cunha Alegre,5,8,177.74,Entregue
3293,20/01/2024,24/01/2024,Jadlog,São Paulo,da Paz do Amparo,4,4,94.34,Entregue
15813,16/12/2024,23/12/2024,Jadlog,São Paulo,Ribeiro,4,7,82.6,Entregue
50792,22/11/2024,28/11/2024,Azul Cargo,São Paulo,Santos da Serra,3,6,111.75,Entregue
37287,21/08/2024,26/08/2024,Azul Cargo,Curitiba,Freitas,2,5,139.7,Entregue
20702,24/10/2024,05/11/2024,Loggi,Recife,Barbosa da Serra,10,12,244.39,Em trânsito
12585,01/02/2024,09/02/2024,Correios,Belo Horizonte,Araújo,9,8,29.36,Entregue
64705,07/08/2024,17/08/2024,Correios,Recife,Azevedo,9,10,87.14,Entregue
64412,19/01/2024,22/01/2024,Jadlog,Salvador,Souza do Galho,2,3,79.78,Entregue
40239,12/03/2024,18/03/2024,Jadlog,Curitiba,Gonçalves,5,6,236.36,Entregue
11426,06/09/2024,14/09/2024,Correios,Curitiba,Dias de Minas,9,8,101.46,Entregue
3483,14/01/2024,23/01/2024,Jadlog,São Paulo,Azevedo Paulista,7,9,198.02,Entregue
44321,22/08/2024,27/08/2024,Loggi,Salvador,Lopes,4,5,167.15,Entregue
38743,08/11/2024,17/11/2024,Correios,São Paulo,Moreira de Araújo,7,9,116.37,Entregue
58792,27/11/2024,03/12/2024,Correios,Belo Horizonte,Mendes,7,6,77.72,Entregue
22883,18/02/2024,27/02/2024,Loggi,Recife,Farias das Pedras,6,9,255.14,Entregue
5550,14/05/2024,21/05/2024,Correios,Curitiba,Santos de da Conceição,4,7,119.86,Entregue
702,26/03/2024,07/04/2024,Correios,Curitiba,da Rocha da Serra,9,12,18.02,Entregue
29224,11/04/2024,22/04/2024,Jadlog,Salvador,Alves do Amparo,10,11,93.87,Entregue
4464,04/06/2024,13/06/2024,Jadlog,Curitiba,Araújo de Ramos,6,9,30.51,Entregue
2494,28/05/2024,01/06/2024,Jadlog,Recife,Caldeira das Pedras,4,4,248.09,Entregue
52293,05/02/2024,11/02/2024,Jadlog,São Paulo,Correia Verde,6,6,23.98,Entregue
12515,12/09/2024,16/09/2024,Azul Cargo,Salvador,Vieira,3,4,237.25,Entregue
19146,06/07/2024,13/07/2024,Correios,São Paulo,Duarte,7,7,25.4,Em trânsito
48688,23/05/2024,31/05/2024,Loggi,Salvador,Martins das Pedras,9,8,273.44,Em trânsito
45509,21/04/2024,26/04/2024,Azul Cargo,Curitiba,da Mota da Mata,2,5,117.58,Entregue
32375,03/10/2024,10/10/2024,Jadlog,Recife,Correia das Flores,5,7,69.64,Entregue
13160,25/01/2024,01/02/2024,Correios,São Paulo,Alves do Galho,5,7,299.27,Entregue
58389,09/09/2024,15/09/2024,Jadlog,São Paulo,Azevedo da Serra,6,6,187.73,Entregue
13034,03/06/2024,16/06/2024,Loggi,Belo Horizonte,da Luz Grande,10,13,256.22,Entregue
10222,28/12/2024,01/01/2025,Azul Cargo,Curitiba,da Luz Grande,4,4,131.08,Entregue
65034,11/02/2024,22/02/2024,Jadlog,São Paulo,Correia do Oeste,10,11,187.88,Entregue
53444,22/09/2024,28/09/2024,Jadlog,Salvador,Freitas Verde,4,6,29.37,Entregue
42515,17/04/2024,20/04/2024,Jadlog,Curitiba,Silva,4,3,263.87,Entregue
41033,27/10/2024,02/11/2024,Jadlog,Recife,Campos,5,6,208.07,Em trânsito
6499,21/11/2024,23/11/2024,Loggi,Recife,Costela de Rezende,3,2,60.24,Entregue
8054,03/09/2024,11/09/2024,Loggi,Recife,Santos,8,8,186.75,Entregue
48179,27/06/2024,30/06/2024,Azul Cargo,Curitiba,Rezende do Sul,4,3,179.14,Entregue
16613,01/01/2024,03/01/2024,Azul Cargo,Salvador,Ferreira,2,2,293.12,Entregue
67340,17/12/2024,25/12/2024,Azul Cargo,São Paulo,Pinto de Pinto,6,8,112.24,Entregue
14209,04/09/2024,10/09/2024,Loggi,Belo Horizonte,das Neves de Minas,7,6,184.35,Entregue
43277,18/08/2024,21/08/2024,Azul Cargo,São Paulo,Duarte,3,3,27.19,Em trânsito
54525,23/09/2024,01/10/2024,Loggi,Belo Horizonte,Ferreira,7,8,165.23,Entregue
41152,02/02/2024,08/02/2024,Loggi,Belo Horizonte,Mendes,3,6,25.56,Entregue
47763,07/12/2024,16/12/2024,Jadlog,São Paulo,Freitas de Minas,10,9,102.95,Entregue
49271,16/08/2024,28/08/2024,Loggi,Recife,Nogueira Paulista,10,12,167.52,Entregue
25862,21/09/2024,25/09/2024,Azul Cargo,Salvador,Mendes,3,4,128.4,Em trânsito
111,25/03/2024,02/04/2024,Correios,São Paulo,da Mata de Rocha,9,8,171.16,Entregue
25892,28/10/2024,06/11/2024,Loggi,Belo Horizonte,Araújo,7,9,294.88,Entregue
64938,21/11/2024,26/11/2024,Jadlog,Salvador,Azevedo,4,5,34.21,Entregue
65229,24/07/2024,01/08/2024,Azul Cargo,Curitiba,Pinto de Pinto,6,8,207.54,Entregue
47284,03/03/2024,07/03/2024,Azul Cargo,Belo Horizonte,Freitas Verde,3,4,210.64,Entregue
65020,08/02/2024,17/02/2024,Azul Cargo,São Paulo,Lopes dos Dourados,9,9,83.83,Entregue
53659,08/12/2024,14/12/2024,Loggi,São Paulo,Cardoso,6,6,12.69,Entregue
19762,24/05/2024,27/05/2024,Correios,São Paulo,Oliveira da Prata,3,3,113.57,Entregue
37164,20/12/2024,24/12/2024,Azul Cargo,Belo Horizonte,Pires,2,4,290.05,Entregue
45011,25/02/2024,06/03/2024,Correios,Recife,Moraes,9,10,221.39,Entregue
40009,12/08/2024,17/08/2024,Azul Cargo,Recife,Alves,6,5,226.97,Entregue
62855,12/10/2024,13/10/2024,Azul Cargo,Recife,Rodrigues,2,1,11.78,Entregue
18120,25/05/2024,31/05/2024,Correios,São Paulo,da Rosa do Norte,4,6,81.57,Entregue
9818,11/07/2024,15/07/2024,Loggi,Belo Horizonte,da Conceição,4,4,282.58,Entregue
36210,13/06/2024,19/06/2024,Azul Cargo,São Paulo,da Mata,6,6,230.79,Entregue
22975,08/09/2024,14/09/2024,Loggi,Salvador,Almeida da Mata,5,6,172.79,Entregue
26551,25/05/2024,06/06/2024,Jadlog,Curitiba,Lima,9,12,237.68,Entregue
41928,09/10/2024,19/10/2024,Azul Cargo,Salvador,da Mota da Mata,9,10,102.93,Entregue
43710,18/01/2024,22/01/2024,Jadlog,Recife,Moraes de da Luz,5,4,37.11,Em trânsito
60565,27/07/2024,06/08/2024,Loggi,Recife,Lopes,9,10,282.05,Entregue
61426,11/01/2024,17/01/2024,Loggi,São Paulo,Farias,6,6,272.77,Entregue
8172,12/02/2024,21/02/2024,Loggi,Curitiba,Alves,10,9,228.37,Entregue
32666,02/04/2024,08/04/2024,Correios,Belo Horizonte,Nogueira,6,6,76.2,Entregue
44443,05/05/2024,14/05/2024,Azul Cargo,Salvador,Oliveira da Serra,10,9,278.67,Entregue
42961,10/12/2024,17/12/2024,Jadlog,Curitiba,Castro do Galho,4,7,217.92,Entregue
49513,27/12/2024,30/12/2024,Azul Cargo,Belo Horizonte,Almeida de Minas,3,3,143.03,Entregue
24862,02/01/2024,04/01/2024,Loggi,Belo Horizonte,Freitas,2,2,174.01,Entregue
47190,24/09/2024,03/10/2024,Azul Cargo,Belo Horizonte,Farias,9,9,37.64,Entregue
24204,08/08/2024,19/08/2024,Correios,Recife,Nascimento,8,11,266.97,Entregue
39616,16/08/2024,27/08/2024,Jadlog,Curitiba,Aragão de Fernandes,10,11,183.25,Entregue
57605,19/04/2024,27/04/2024,Azul Cargo,São Paulo,Souza Alegre,7,8,208.99,Entregue
24876,12/01/2024,19/01/2024,Jadlog,Curitiba,Martins de Correia,4,7,146.53,Entregue
16002,10/10/2024,17/10/2024,Loggi,Salvador,Ramos,8,7,126.0,Devolvido
15349,25/06/2024,03/07/2024,Loggi,Curitiba,Mendes de Cardoso,6,8,278.8,Entregue
5059,05/03/2024,14/03/2024,Correios,Salvador,Pinto,7,9,33.6,Entregue
27011,23/05/2024,25/05/2024,Jadlog,Curitiba,Santos,3,2,49.71,Em trânsito
25975,27/04/2024,02/05/2024,Loggi,São Paulo,da Rocha Grande,3,5,192.73,Entregue
647,12/12/2024,18/12/2024,Jadlog,Recife,Silva do Sul,6,6,150.53,Entregue
33326,28/12/2024,02/01/2025,Loggi,Curitiba,Duarte Verde,6,5,251.46,Entregue
44354,10/10/2024,12/10/2024,Azul Cargo,São Paulo,da Mata,2,2,140.03,Entregue
49102,12/09/2024,18/09/2024,Correios,São Paulo,Caldeira dos Dourados,6,6,252.2,Entregue
64463,26/04/2024,04/05/2024,Jadlog,Recife,das Neves,7,8,252.14,Em trânsito
3187,25/05/2024,05/06/2024,Jadlog,Recife,Moreira do Amparo,8,11,213.02,Entregue
61691,16/06/2024,20/06/2024,Loggi,Salvador,Moraes,2,4,158.14,Entregue
50053,04/02/2024,13/02/2024,Loggi,Recife,Lima,10,9,42.09,Entregue
64389,19/12/2024,22/12/2024,Loggi,Belo Horizonte,Campos,4,3,140.46,Entregue
24842,16/01/2024,19/01/2024,Azul Cargo,Salvador,Oliveira Grande,4,3,38.11,Entregue
10707,02/07/2024,11/07/2024,Loggi,Salvador,da Cunha do Campo,7,9,174.06,Entregue
48555,26/08/2024,07/09/2024,Jadlog,Recife,da Rocha da Serra,9,12,268.17,Entregue
29875,23/09/2024,29/09/2024,Correios,Recife,Vieira do Amparo,4,6,35.92,Entregue
55259,22/04/2024,01/05/2024,Azul Cargo,São Paulo,Ferreira de Barbosa,9,9,166.54,Entregue
62097,03/03/2024,11/03/2024,Azul Cargo,Belo Horizonte,Jesus,6,8,128.05,Entregue
67532,24/01/2024,28/01/2024,Loggi,Belo Horizonte,Rocha,5,4,265.66,Entregue
67490,21/10/2024,29/10/2024,Jadlog,Curitiba,Alves,9,8,122.85,Entregue
15319,22/05/2024,30/05/2024,Azul Cargo,Recife,Vieira do Norte,8,8,153.44,Entregue
40940,06/03/2024,16/03/2024,Loggi,Recife,da Cunha Grande,8,10,270.3,Entregue
3941,14/07/2024,18/07/2024,Jadlog,Belo Horizonte,da Cruz,2,4,211.8,Entregue
50766,19/09/2024,29/09/2024,Azul Cargo,Salvador,Viana,8,10,116.73,Entregue
35583,18/06/2024,28/06/2024,Azul Cargo,Belo Horizonte,Caldeira,9,10,283.27,Entregue
31447,22/11/2024,25/11/2024,Jadlog,Salvador,da Mota de Cardoso,3,3,156.11,Entregue
41682,21/07/2024,28/07/2024,Correios,São Paulo,Moraes Verde,4,7,81.67,Entregue
44258,23/03/2024,31/03/2024,Jadlog,São Paulo,Rodrigues,8,8,122.5,Entregue
5707,04/02/2024,16/02/2024,Azul Cargo,Curitiba,Nascimento Paulista,10,12,181.43,Entregue
40549,04/06/2024,11/06/2024,Loggi,São Paulo,Fogaça do Galho,6,7,71.62,Entregue
16137,25/07/2024,01/08/2024,Correios,São Paulo,Gonçalves,8,7,173.76,Entregue
41791,16/01/2024,26/01/2024,Jadlog,Salvador,Farias,8,10,60.26,Entregue
59427,20/03/2024,27/03/2024,Correios,Salvador,Santos,4,7,165.51,Entregue
31551,01/04/2024,13/04/2024,Correios,Belo Horizonte,Correia do Oeste,10,12,112.38,Entregue
17109,20/12/2024,24/12/2024,Jadlog,Salvador,Mendes,2,4,74.65,Em trânsito
16470,05/05/2024,12/05/2024,Loggi,Salvador,Castro do Galho,6,7,283.87,Entregue
16000,24/10/2024,27/10/2024,Jadlog,Belo Horizonte,Monteiro,4,3,255.15,Entregue
12487,15/07/2024,25/07/2024,Loggi,Curitiba,Oliveira das Pedras,8,10,168.8,Entregue
46588,16/05/2024,21/05/2024,Correios,Belo Horizonte,Fernandes do Norte,6,5,151.06,Entregue
40994,18/07/2024,27/07/2024,Loggi,Recife,da Conceição Verde,6,9,286.89,Entregue
46899,02/01/2024,14/01/2024,Loggi,Recife,da Luz Alegre,9,12,168.76,Entregue
63103,28/10/2024,31/10/2024,Azul Cargo,Curitiba,Novaes,2,3,101.21,Entregue
59128,21/07/2024,27/07/2024,Azul Cargo,Salvador,Silva do Oeste,5,6,104.45,Entregue
223,13/06/2024,16/06/2024,Correios,Curitiba,Lopes do Campo,2,3,186.36,Em trânsito
52282,04/01/2024,12/01/2024,Azul Cargo,São Paulo,Campos Paulista,7,8,17.84,Entregue
3712,19/08/2024,27/08/2024,Loggi,Curitiba,Gonçalves,5,8,105.14,Em trânsito
10183,17/09/2024,22/09/2024,Jadlog,Recife,Ribeiro,4,5,240.49,Entregue
67353,22/12/2024,24/12/2024,Correios,Belo Horizonte,Moura,3,2,81.74,Entregue
28154,23/08/2024,01/09/2024,Jadlog,Salvador,Oliveira de Teixeira,9,9,188.96,Entregue
19141,19/06/2024,28/06/2024,Jadlog,Salvador,Silva de Minas,10,9,238.55,Entregue
442,16/12/2024,21/12/2024,Correios,Salvador,Costa,6,5,121.08,Entregue
64689,09/07/2024,10/07/2024,Correios,Recife,Ramos,2,1,63.27,Entregue
36648,08/07/2024,15/07/2024,Correios,Recife,Carvalho Grande,6,7,290.22,Em trânsito
58594,24/05/2024,29/05/2024,Jadlog,Recife,Moreira,6,5,188.51,Em trânsito
28245,22/02/2024,27/02/2024,Loggi,São Paulo,Nogueira Paulista,6,5,284.06,Entregue
45571,15/07/2024,26/07/2024,Jadlog,Belo Horizonte,Araújo,9,11,127.66,Entregue
57099,01/12/2024,06/12/2024,Azul Cargo,São Paulo,Peixoto,5,5,139.69,Entregue
801,09/09/2024,15/09/2024,Azul Cargo,Belo Horizonte,Peixoto da Mata,6,6,32.4,Entregue
10679,09/06/2024,15/06/2024,Azul Cargo,São Paulo,Pinto do Galho,3,6,206.72,Entregue
20293,06/10/2024,14/10/2024,Jadlog,Belo Horizonte,Carvalho,5,8,177.31,Entregue
62450,27/01/2024,03/02/2024,Loggi,Curitiba,Correia,4,7,65.98,Entregue
52570,16/08/2024,24/08/2024,Loggi,Salvador,Costa,7,8,120.83,Entregue
9392,23/03/2024,26/03/2024,Azul Cargo,Belo Horizonte,Oliveira Grande,2,3,76.78,Entregue
32107,12/09/2024,20/09/2024,Loggi,Salvador,Cardoso de Caldeira,6,8,168.26,Entregue
26849,17/08/2024,22/08/2024,Loggi,Salvador,Alves,3,5,238.18,Entregue
7271,25/05/2024,06/06/2024,Correios,Recife,da Conceição Grande,9,12,140.48,Entregue
67998,25/09/2024,30/09/2024,Jadlog,São Paulo,Barros de Costa,4,5,205.33,Entregue
31364,07/05/2024,14/05/2024,Loggi,Recife,Oliveira Grande,7,7,268.5,Entregue
39169,17/02/2024,19/02/2024,Loggi,São Paulo,Moreira,2,2,82.75,Entregue
10666,08/05/2024,16/05/2024,Correios,Recife,Monteiro,6,8,49.74,Entregue
5599,23/08/2024,02/09/2024,Azul Cargo,Belo Horizonte,Rodrigues,8,10,170.28,Entregue
11381,07/06/2024,12/06/2024,Correios,Curitiba,Santos Grande,6,5,120.43,Entregue
31356,26/05/2024,05/06/2024,Correios,Belo Horizonte,Ramos,8,10,207.34,Entregue
29725,23/05/2024,24/05/2024,Azul Cargo,Belo Horizonte,Rocha,2,1,16.55,Entregue
19414,05/08/2024,14/08/2024,Jadlog,Curitiba,da Rosa,7,9,37.92,Entregue
38370,07/12/2024,15/12/2024,Azul Cargo,Belo Horizonte,Lima,8,8,230.69,Entregue
16422,05/01/2024,10/01/2024,Correios,Curitiba,Jesus,4,5,185.76,Em trânsito
3883,27/03/2024,08/04/2024,Azul Cargo,Curitiba,Mendes,9,12,209.95,Entregue
7252,16/04/2024,21/04/2024,Azul Cargo,São Paulo,Costela da Praia,4,5,178.37,Entregue
24033,28/09/2024,04/10/2024,Correios,Salvador,Souza do Sul,4,6,61.36,Entregue
52471,21/02/2024,23/02/2024,Azul Cargo,Recife,da Rosa do Norte,3,2,225.31,Entregue
20541,21/12/2024,26/12/2024,Correios,Salvador,Jesus dos Dourados,3,5,23.38,Entregue
58184,09/06/2024,21/06/2024,Azul Cargo,Belo Horizonte,da Rosa de Duarte,9,12,16.44,Entregue
10360,21/09/2024,02/10/2024,Loggi,Curitiba,Cardoso de Caldeira,10,11,150.39,Entregue
47123,17/04/2024,27/04/2024,Correios,Recife,da Rosa,10,10,139.05,Entregue
18520,24/04/2024,28/04/2024,Azul Cargo,Recife,Pereira,2,4,62.22,Entregue
57210,06/07/2024,15/07/2024,Jadlog,Curitiba,da Luz,10,9,108.84,Entregue
10154,27/06/2024,05/07/2024,Correios,Salvador,Lopes,8,8,29.84,Entregue
21829,07/04/2024,12/04/2024,Jadlog,Curitiba,Cardoso,4,5,159.86,Em trânsito
2360,28/08/2024,03/09/2024,Jadlog,Salvador,Freitas da Mata,4,6,38.7,Em trânsito
11583,15/07/2024,21/07/2024,Azul Cargo,Curitiba,Fogaça do Norte,6,6,196.01,Entregue
58322,22/04/2024,04/05/2024,Azul Cargo,Belo Horizonte,Costela do Sul,10,12,41.02,Entregue
22709,18/02/2024,23/02/2024,Correios,Recife,Gonçalves,4,5,199.61,Entregue
14674,23/02/2024,02/03/2024,Jadlog,Belo Horizonte,Castro da Praia,7,8,23.24,Entregue
18368,26/07/2024,29/07/2024,Loggi,Curitiba,Duarte,3,3,185.02,Entregue
67044,17/05/2024,20/05/2024,Loggi,Salvador,Souza,3,3,229.42,Entregue
53515,04/01/2024,10/01/2024,Azul Cargo,Salvador,Santos,4,6,121.08,Devolvido
54086,05/03/2024,12/03/2024,Loggi,Salvador,Duarte,7,7,101.63,Entregue
12348,18/10/2024,26/10/2024,Correios,Recife,da Mota,8,8,20.25,Entregue
2653,05/05/2024,09/05/2024,Loggi,Recife,Moraes,5,4,111.19,Entregue
37193,12/01/2024,18/01/2024,Loggi,Salvador,Vieira,4,6,288.28,Entregue
26892,08/10/2024,14/10/2024,Azul Cargo,Salvador,Viana,3,6,122.7,Entregue
32506,15/05/2024,26/05/2024,Correios,Curitiba,Rodrigues,9,11,283.58,Entregue
19743,28/04/2024,09/05/2024,Loggi,São Paulo,Oliveira,10,11,174.72,Em trânsito
28474,23/02/2024,03/03/2024,Loggi,Recife,Ferreira de Duarte,10,9,227.32,Entregue
4443,24/05/2024,06/06/2024,Loggi,Curitiba,Fernandes de Mendes,10,13,245.26,Em trânsito
39855,04/04/2024,11/04/2024,Jadlog,São Paulo,Souza,4,7,285.44,Entregue
26696,17/02/2024,24/02/2024,Correios,Recife,Rodrigues,5,7,239.86,Entregue
33899,22/12/2024,29/12/2024,Correios,Curitiba,da Costa de Cardoso,8,7,110.97,Entregue
62505,28/03/2024,03/04/2024,Jadlog,São Paulo,Fernandes das Flores,3,6,229.99,Entregue
6759,25/10/2024,28/10/2024,Jadlog,São Paulo,Silva,4,3,201.08,Entregue
31868,16/03/2024,17/03/2024,Azul Cargo,Belo Horizonte,Ferreira de da Mota,2,1,115.61,Entregue
53379,10/04/2024,17/04/2024,Loggi,São Paulo,Lima do Campo,5,7,51.5,Entregue
22922,27/05/2024,01/06/2024,Azul Cargo,Belo Horizonte,Ramos,3,5,233.3,Entregue
66481,21/02/2024,01/03/2024,Azul Cargo,Belo Horizonte,Barros da Prata,8,9,224.85,Entregue
1857,02/09/2024,11/09/2024,Jadlog,Salvador,Barros de Cardoso,10,9,154.73,Em trânsito
14128,19/04/2024,27/04/2024,Loggi,Curitiba,da Conceição de Mendes,5,8,40.53,Entregue
37830,23/07/2024,31/07/2024,Jadlog,Salvador,Cardoso,6,8,77.71,Entregue
7564,10/01/2024,20/01/2024,Azul Cargo,São Paulo,Ferreira de da Mota,9,10,179.02,Entregue
54750,01/06/2024,11/06/2024,Loggi,Salvador,Freitas,10,10,252.09,Entregue
47771,07/12/2024,10/12/2024,Loggi,Salvador,Barbosa,4,3,179.47,Entregue
13650,11/11/2024,16/11/2024,Loggi,Salvador,Silveira Grande,3,5,192.17,Entregue
37255,03/06/2024,09/06/2024,Jadlog,Salvador,das Neves,6,6,113.25,Entregue
52487,01/03/2024,11/03/2024,Correios,Recife,Duarte,9,10,213.33,Entregue
53836,22/12/2024,04/01/2025,Loggi,São Paulo,Nogueira Paulista,10,13,249.25,Entregue
21895,23/09/2024,03/10/2024,Loggi,São Paulo,Peixoto do Norte,9,10,236.47,Entregue
26555,13/05/2024,21/05/2024,Correios,São Paulo,Ramos,6,8,157.78,Entregue
66783,18/07/2024,28/07/2024,Correios,Belo Horizonte,Melo do Oeste,7,10,272.15,Entregue
8507,02/10/2024,08/10/2024,Jadlog,Recife,Costela da Prata,4,6,45.55,Entregue
23199,09/04/2024,17/04/2024,Azul Cargo,Belo Horizonte,Duarte,6,8,232.99,Entregue
21476,21/09/2024,26/09/2024,Loggi,Salvador,da Costa,5,5,87.09,Entregue
38967,07/12/2024,13/12/2024,Azul Cargo,Belo Horizonte,Jesus Paulista,6,6,146.34,Entregue
4230,01/03/2024,10/03/2024,Azul Cargo,Belo Horizonte,Correia das Flores,6,9,99.5,Entregue
58213,04/09/2024,13/09/2024,Jadlog,Recife,Lopes de Sales,8,9,196.3,Entregue
24281,03/01/2024,11/01/2024,Jadlog,Curitiba,Castro de Goiás,8,8,72.19,Entregue
39906,05/05/2024,15/05/2024,Azul Cargo,Salvador,Aragão de Cardoso,8,10,62.87,Entregue
23812,21/07/2024,26/07/2024,Jadlog,São Paulo,Ramos,2,5,147.34,Entregue
39581,25/05/2024,30/05/2024,Azul Cargo,Belo Horizonte,Araújo de Pinto,2,5,74.28,Entregue
65180,13/06/2024,24/06/2024,Loggi,Recife,Lopes,10,11,205.55,Entregue
11833,07/01/2024,17/01/2024,Correios,Belo Horizonte,Melo da Praia,10,10,267.67,Entregue
55026,25/02/2024,02/03/2024,Loggi,Belo Horizonte,Fogaça do Sul,4,6,198.69,Entregue
51660,24/09/2024,03/10/2024,Loggi,Salvador,Melo do Oeste,8,9,85.2,Entregue
53632,23/10/2024,31/10/2024,Loggi,Curitiba,Barros de Costa,8,8,285.99,Entregue
48268,10/08/2024,13/08/2024,Loggi,São Paulo,Fernandes das Flores,2,3,271.95,Entregue
29680,26/04/2024,09/05/2024,Correios,Recife,Azevedo,10,13,213.61,Entregue
1371,27/04/2024,04/05/2024,Jadlog,Recife,da Mata,5,7,79.0,Devolvido
16047,21/01/2024,29/01/2024,Correios,Salvador,da Mata de Rodrigues,7,8,299.29,Entregue
45635,22/12/2024,04/01/2025,Azul Cargo,Recife,Ramos,10,13,241.49,Entregue
64192,17/12/2024,24/12/2024,Jadlog,Recife,Peixoto dos Dourados,6,7,51.92,Entregue
32492,16/04/2024,22/04/2024,Jadlog,Curitiba,Farias,4,6,38.51,Entregue
5863,12/01/2024,17/01/2024,Loggi,Salvador,Melo,6,5,184.74,Entregue
20942,28/12/2024,04/01/2025,Jadlog,Belo Horizonte,Araújo Verde,6,7,220.18,Entregue
19175,18/08/2024,22/08/2024,Correios,Belo Horizonte,Rocha,3,4,144.2,Em trânsito
43880,13/05/2024,22/05/2024,Jadlog,Salvador,da Cruz,8,9,60.16,Entregue
45633,04/12/2024,08/12/2024,Azul Cargo,Recife,Freitas Verde,3,4,155.76,Entregue
54706,23/04/2024,02/05/2024,Correios,Recife,Silveira de Aragão,10,9,206.76,Em trânsito
50255,09/03/2024,18/03/2024,Correios,São Paulo,Farias do Galho,8,9,184.38,Entregue
39210,05/04/2024,14/04/2024,Jadlog,Salvador,da Cruz,8,9,208.86,Entregue
47372,24/09/2024,28/09/2024,Correios,Curitiba,Vieira das Pedras,3,4,41.05,Em trânsito
26392,05/07/2024,06/07/2024,Azul Cargo,Recife,Ramos de Lima,2,1,39.35,Entregue
39291,11/10/2024,23/10/2024,Azul Cargo,Curitiba,Cardoso,9,12,37.67,Entregue
41660,12/05/2024,23/05/2024,Azul Cargo,Salvador,Farias,9,11,69.41,Entregue
15416,10/07/2024,16/07/2024,Azul Cargo,Curitiba,Duarte,6,6,77.31,Entregue
60801,10/02/2024,17/02/2024,Azul Cargo,Recife,Viana,8,7,201.31,Em trânsito
31573,06/05/2024,18/05/2024,Jadlog,Salvador,Aragão,10,12,49.01,Entregue
17689,09/01/2024,18/01/2024,Loggi,Salvador,Fogaça de Goiás,9,9,188.18,Em trânsito
63377,28/03/2024,07/04/2024,Loggi,Salvador,Mendes,9,10,48.88,Em trânsito
34227,12/10/2024,16/10/2024,Correios,Recife,Nunes do Campo,3,4,158.67,Entregue
12285,08/07/2024,21/07/2024,Azul Cargo,São Paulo,Rocha,10,13,171.95,Entregue
58306,15/03/2024,18/03/2024,Azul Cargo,Belo Horizonte,Santos de Costela,3,3,188.67,Entregue
27897,19/03/2024,30/03/2024,Jadlog,Belo Horizonte,Azevedo,8,11,203.38,Entregue
8442,09/07/2024,19/07/2024,Loggi,Recife,Cardoso do Campo,10,10,181.5,Entregue
27020,24/06/2024,30/06/2024,Jadlog,São Paulo,Araújo de Pinto,5,6,269.82,Entregue
42703,18/10/2024,26/10/2024,Correios,Curitiba,Pinto de Minas,7,8,275.06,Entregue
1787,26/05/2024,01/06/2024,Loggi,São Paulo,da Luz,4,6,191.93,Em trânsito
2732,27/10/2024,31/10/2024,Loggi,Recife,Ribeiro,2,4,116.61,Entregue
13959,22/07/2024,27/07/2024,Jadlog,Curitiba,Freitas de Moraes,3,5,149.77,Entregue
45367,21/10/2024,30/10/2024,Jadlog,Salvador,da Mata de Rodrigues,8,9,297.64,Entregue
629,20/11/2024,24/11/2024,Azul Cargo,Recife,Oliveira da Prata,4,4,130.75,Entregue
35175,10/02/2024,18/02/2024,Correios,São Paulo,Correia do Oeste,9,8,224.25,Entregue
8619,07/04/2024,13/04/2024,Correios,Salvador,Cardoso,6,6,270.21,Em trânsito
38497,11/07/2024,18/07/2024,Jadlog,Salvador,Ferreira,5,7,81.32,Entregue
29820,03/08/2024,08/08/2024,Correios,São Paulo,Cardoso,5,5,174.3,Entregue
46864,27/11/2024,02/12/2024,Loggi,Salvador,Ribeiro,4,5,220.27,Entregue
26865,15/08/2024,23/08/2024,Loggi,Recife,Lopes,9,8,119.34,Entregue
12352,09/11/2024,18/11/2024,Correios,Recife,Souza,7,9,88.56,Entregue
41380,22/07/2024,27/07/2024,Azul Cargo,Salvador,Caldeira Verde,6,5,158.34,Entregue
33774,06/04/2024,13/04/2024,Correios,São Paulo,Ferreira de Duarte,7,7,247.02,Em trânsito
29283,26/07/2024,28/07/2024,Azul Cargo,Curitiba,Ribeiro dos Dourados,3,2,60.38,Entregue
30949,28/07/2024,08/08/2024,Azul Cargo,São Paulo,da Luz,8,11,226.38,Entregue
31492,01/01/2024,07/01/2024,Azul Cargo,São Paulo,Peixoto da Mata,6,6,182.26,Entregue
12841,17/10/2024,21/10/2024,Loggi,Belo Horizonte,Jesus,4,4,232.47,Entregue
36925,03/02/2024,12/02/2024,Azul Cargo,São Paulo,Azevedo,9,9,271.5,Entregue
55733,12/05/2024,17/05/2024,Azul Cargo,Salvador,da Mata da Mata,3,5,51.75,Entregue
67856,14/10/2024,20/10/2024,Loggi,Salvador,Santos,6,6,273.65,Entregue
58255,23/11/2024,30/11/2024,Azul Cargo,São Paulo,Cardoso de Caldeira,5,7,176.75,Entregue
53227,20/05/2024,27/05/2024,Correios,São Paulo,Rezende do Amparo,5,7,25.1,Entregue
21334,18/06/2024,23/06/2024,Loggi,São Paulo,da Mata de Rocha,4,5,82.28,Entregue
30018,07/01/2024,20/01/2024,Correios,São Paulo,Mendes,10,13,31.88,Entregue
59506,25/08/2024,28/08/2024,Azul Cargo,Salvador,Viana,2,3,112.48,Entregue
15357,25/06/2024,30/06/2024,Azul Cargo,Curitiba,Silva,4,5,167.14,Entregue
32915,19/09/2024,23/09/2024,Azul Cargo,Salvador,Lima,4,4,145.54,Entregue
9355,02/12/2024,04/12/2024,Loggi,São Paulo,Sales de Fogaça,3,2,37.42,Entregue
61437,11/02/2024,16/02/2024,Azul Cargo,Recife,Novaes dos Dourados,5,5,226.86,Entregue
45131,13/05/2024,19/05/2024,Loggi,Recife,Mendes,3,6,151.14,Entregue
54301,08/05/2024,14/05/2024,Correios,Curitiba,Fernandes do Galho,3,6,296.74,Entregue
39166,21/01/2024,31/01/2024,Jadlog,Belo Horizonte,Gonçalves,9,10,288.8,Entregue
11519,22/03/2024,31/03/2024,Correios,Recife,Alves das Pedras,6,9,134.72,Entregue
41462,12/09/2024,20/09/2024,Jadlog,São Paulo,da Rocha Grande,8,8,215.6,Entregue
57321,08/02/2024,19/02/2024,Jadlog,Belo Horizonte,da Cunha do Campo,8,11,128.91,Entregue
9621,24/06/2024,01/07/2024,Jadlog,São Paulo,Aragão,6,7,246.14,Entregue
61962,03/08/2024,04/08/2024,Azul Cargo,Belo Horizonte,Melo,2,1,157.52,Entregue
48019,05/02/2024,13/02/2024,Jadlog,Curitiba,Carvalho de Lopes,7,8,163.79,Entregue
22163,04/02/2024,08/02/2024,Loggi,Recife,da Cunha,5,4,41.69,Entregue
62150,14/07/2024,25/07/2024,Loggi,São Paulo,Correia,9,11,59.89,Entregue
61992,10/09/2024,16/09/2024,Azul Cargo,Curitiba,Cardoso,7,6,133.39,Entregue
58015,01/07/2024,12/07/2024,Loggi,São Paulo,Alves do Amparo,10,11,90.01,Entregue
31695,23/10/2024,27/10/2024,Loggi,Salvador,Teixeira,3,4,137.25,Entregue
10850,19/02/2024,27/02/2024,Loggi,Recife,Fernandes,7,8,165.1,Entregue
3560,05/04/2024,11/04/2024,Jadlog,Salvador,da Conceição das Pedras,6,6,59.79,Entregue
22936,05/05/2024,13/05/2024,Azul Cargo,São Paulo,da Luz,7,8,226.23,Entregue
68014,21/10/2024,26/10/2024,Jadlog,Salvador,Freitas,4,5,200.55,Entregue
4870,13/06/2024,17/06/2024,Loggi,Belo Horizonte,Araújo,2,4,32.48,Entregue
7965,21/04/2024,23/04/2024,Azul Cargo,Recife,Nogueira Paulista,3,2,17.15,Entregue
13315,27/12/2024,05/01/2025,Azul Cargo,São Paulo,Ribeiro,6,9,146.41,Entregue
46952,12/05/2024,17/05/2024,Jadlog,São Paulo,Lopes,3,5,30.73,Entregue
42593,12/06/2024,18/06/2024,Jadlog,Curitiba,da Luz de Novaes,7,6,108.25,Entregue
13217,03/06/2024,13/06/2024,Azul Cargo,Recife,Jesus do Galho,7,10,26.76,Entregue
56306,15/07/2024,22/07/2024,Correios,Belo Horizonte,Gomes,4,7,83.4,Entregue
3383,02/07/2024,06/07/2024,Azul Cargo,Recife,Cavalcanti da Praia,5,4,147.8,Entregue
8229,04/06/2024,05/06/2024,Azul Cargo,Recife,Moura do Campo,2,1,190.23,Em trânsito
36025,22/10/2024,03/11/2024,Azul Cargo,Belo Horizonte,Rodrigues de Araújo,9,12,15.9,Entregue
45665,05/02/2024,11/02/2024,Loggi,Salvador,Fernandes dos Dourados,6,6,15.6,Entregue
57792,21/04/2024,04/05/2024,Jadlog,São Paulo,Pinto de Pinto,10,13,277.85,Em trânsito
2226,09/12/2024,22/12/2024,Loggi,Salvador,Fernandes das Flores,10,13,289.99,Entregue
40454,23/03/2024,24/03/2024,Loggi,Belo Horizonte,Cardoso,2,1,282.97,Entregue
34079,17/12/2024,24/12/2024,Correios,Belo Horizonte,Rocha,4,7,281.27,Entregue
40501,20/05/2024,23/05/2024,Azul Cargo,Salvador,Monteiro,4,3,126.48,Entregue
63949,12/06/2024,14/06/2024,Azul Cargo,São Paulo,Jesus,2,2,215.63,Em trânsito
58951,09/08/2024,15/08/2024,Jadlog,Recife,Ferreira,6,6,258.09,Entregue
61480,17/05/2024,20/05/2024,Correios,Salvador,Cardoso,4,3,21.28,Entregue
63442,08/07/2024,15/07/2024,Loggi,Belo Horizonte,da Rocha do Sul,6,7,201.95,Entregue
59523,13/09/2024,20/09/2024,Azul Cargo,Recife,Viana,6,7,24.52,Entregue
32490,11/04/2024,21/04/2024,Azul Cargo,Belo Horizonte,Silveira,8,10,70.4,Entregue
15999,11/10/2024,14/10/2024,Correios,Recife,Fernandes do Oeste,4,3,235.92,Entregue
16356,08/09/2024,14/09/2024,Correios,Belo Horizonte,Ribeiro de Goiás,7,6,25.38,Entregue
23880,28/11/2024,05/12/2024,Jadlog,Belo Horizonte,Duarte,5,7,282.02,Entregue
41106,09/01/2024,16/01/2024,Correios,Recife,Pereira do Sul,5,7,100.99,Entregue
28978,24/03/2024,31/03/2024,Loggi,Salvador,Rocha Grande,6,7,196.86,Entregue
51794,16/06/2024,18/06/2024,Jadlog,Belo Horizonte,Costela,2,2,85.11,Entregue
15743,18/07/2024,28/07/2024,Correios,Curitiba,Moraes Verde,10,10,236.58,Entregue
60337,21/02/2024,01/03/2024,Loggi,Curitiba,Ramos de Nogueira,9,9,84.98,Entregue
39410,25/05/2024,03/06/2024,Loggi,Curitiba,Moreira de Lima,9,9,106.1,Entregue
34046,19/10/2024,29/10/2024,Correios,Recife,da Cunha do Norte,8,10,84.73,Em trânsito
63734,22/01/2024,29/01/2024,Azul Cargo,Belo Horizonte,Farias,8,7,179.66,Entregue
33753,21/03/2024,02/04/2024,Loggi,Curitiba,Duarte,9,12,241.76,Entregue
16432,18/02/2024,29/02/2024,Azul Cargo,Belo Horizonte,Novaes,8,11,103.39,Entregue
52206,24/08/2024,06/09/2024,Azul Cargo,Belo Horizonte,Monteiro,10,13,259.14,Entregue
57880,24/10/2024,26/10/2024,Correios,São Paulo,Jesus Paulista,3,2,175.65,Entregue
61188,25/12/2024,28/12/2024,Azul Cargo,São Paulo,Fernandes de Campos,2,3,153.34,Entregue
5978,11/08/2024,20/08/2024,Jadlog,Salvador,Fogaça do Galho,8,9,195.51,Entregue
20481,02/07/2024,06/07/2024,Correios,Salvador,Duarte,5,4,49.6,Entregue
29367,11/01/2024,16/01/2024,Loggi,Curitiba,Moraes do Oeste,4,5,108.97,Entregue
8116,06/11/2024,18/11/2024,Correios,Salvador,Cardoso de Caldeira,9,12,54.76,Entregue
60728,22/11/2024,01/12/2024,Loggi,Salvador,Silveira de da Mota,6,9,205.68,Entregue
2213,08/12/2024,11/12/2024,Azul Cargo,Salvador,da Conceição Paulista,2,3,271.9,Entregue
51352,23/12/2024,03/01/2025,Loggi,Belo Horizonte,Pires do Amparo,10,11,291.66,Em trânsito
35980,16/07/2024,22/07/2024,Loggi,Recife,Moura,7,6,291.9,Entregue
21632,28/02/2024,07/03/2024,Loggi,Belo Horizonte,da Luz de Peixoto,8,8,266.34,Entregue
31902,04/04/2024,15/04/2024,Correios,Belo Horizonte,Mendes,9,11,169.78,Entregue
53416,22/06/2024,28/06/2024,Azul Cargo,Curitiba,Martins de Correia,6,6,286.41,Entregue
24207,24/08/2024,02/09/2024,Azul Cargo,São Paulo,Castro do Galho,8,9,289.99,Entregue
38421,28/03/2024,06/04/2024,Azul Cargo,Belo Horizonte,Monteiro,6,9,134.34,Entregue
16014,28/11/2024,07/12/2024,Loggi,Curitiba,Araújo de Goiás,7,9,254.76,Entregue
23112,18/02/2024,01/03/2024,Correios,Salvador,Sales,10,12,218.47,Entregue
32779,09/12/2024,20/12/2024,Azul Cargo,Curitiba,Carvalho,8,11,52.51,Em trânsito
54502,27/07/2024,31/07/2024,Correios,Salvador,Santos da Mata,2,4,272.69,Entregue
45612,20/10/2024,27/10/2024,Correios,Recife,das Neves,6,7,294.74,Entregue
61344,12/09/2024,21/09/2024,Correios,Curitiba,Alves das Pedras,9,9,288.9,Entregue
48099,23/04/2024,25/04/2024,Jadlog,Belo Horizonte,Monteiro,2,2,14.07,Entregue
5955,12/07/2024,20/07/2024,Loggi,Belo Horizonte,Sales,7,8,243.95,Em trânsito
9129,04/09/2024,12/09/2024,Loggi,Curitiba,Almeida da Mata,6,8,119.2,Entregue
17826,06/11/2024,15/11/2024,Jadlog,Curitiba,da Costa Grande,9,9,51.07,Entregue
15518,27/10/2024,31/10/2024,Azul Cargo,Belo Horizonte,Lopes das Pedras,5,4,31.44,Entregue
482,21/12/2024,25/12/2024,Correios,Belo Horizonte,Lopes do Campo,5,4,255.2,Em trânsito
30177,14/12/2024,19/12/2024,Azul Cargo,Curitiba,Monteiro,3,5,263.81,Entregue
16097,08/05/2024,09/05/2024,Correios,Belo Horizonte,Melo das Pedras,2,1,256.42,Entregue
56630,07/06/2024,16/06/2024,Azul Cargo,São Paulo,Farias,6,9,215.75,Entregue
39058,21/06/2024,01/07/2024,Azul Cargo,Salvador,Nunes do Oeste,8,10,148.53,Entregue
18388,13/08/2024,17/08/2024,Loggi,Belo Horizonte,Barros,2,4,74.71,Entregue
23390,06/08/2024,15/08/2024,Loggi,Belo Horizonte,Peixoto de Santos,9,9,85.29,Entregue
28398,16/12/2024,20/12/2024,Azul Cargo,São Paulo,Pinto,5,4,254.83,Entregue
16619,27/02/2024,04/03/2024,Loggi,Curitiba,Mendes,5,6,181.46,Entregue
2758,15/01/2024,17/01/2024,Azul Cargo,Salvador,Silveira de Novaes,2,2,217.9,Entregue
18700,08/02/2024,19/02/2024,Loggi,Curitiba,Aragão Verde,10,11,238.93,Entregue
67348,03/12/2024,05/12/2024,Azul Cargo,Curitiba,Pires,2,2,295.84,Entregue
65739,18/08/2024,24/08/2024,Jadlog,Recife,Freitas da Mata,6,6,67.23,Entregue
275,18/07/2024,23/07/2024,Jadlog,Recife,Costela,2,5,29.08,Entregue
14625,09/12/2024,15/12/2024,Correios,Curitiba,Melo do Oeste,4,6,237.32,Em trânsito
45477,20/01/2024,30/01/2024,Correios,Salvador,Azevedo,7,10,104.97,Entregue
24096,04/01/2024,14/01/2024,Loggi,Salvador,da Costa da Praia,8,10,42.59,Entregue
43684,02/12/2024,08/12/2024,Azul Cargo,Belo Horizonte,Alves,6,6,34.89,Devolvido
6683,20/06/2024,28/06/2024,Azul Cargo,Salvador,Duarte,9,8,130.63,Entregue
58381,15/08/2024,21/08/2024,Correios,São Paulo,Moraes Verde,4,6,68.19,Entregue
29562,14/01/2024,21/01/2024,Loggi,São Paulo,Fogaça do Sul,7,7,100.24,Entregue
32213,24/12/2024,02/01/2025,Jadlog,Curitiba,da Luz da Prata,10,9,102.46,Entregue
40208,19/02/2024,23/02/2024,Azul Cargo,Curitiba,Cardoso Alegre,5,4,286.73,Entregue
34952,24/12/2024,04/01/2025,Correios,Belo Horizonte,Duarte do Oeste,9,11,88.71,Entregue
20611,27/04/2024,02/05/2024,Azul Cargo,Recife,Farias do Galho,5,5,101.24,Entregue
60175,08/06/2024,11/06/2024,Correios,São Paulo,Ferreira da Prata,2,3,66.18,Entregue
59853,21/08/2024,26/08/2024,Loggi,Recife,Fernandes,6,5,290.48,Entregue
55689,28/04/2024,06/05/2024,Loggi,Salvador,da Cunha,7,8,155.95,Entregue
63829,12/04/2024,19/04/2024,Azul Cargo,Salvador,Cardoso,8,7,240.75,Entregue
60419,15/04/2024,19/04/2024,Correios,Salvador,Dias de Minas,3,4,66.14,Entregue
2731,02/10/2024,10/10/2024,Jadlog,Recife,Viana,6,8,86.01,Entregue
30389,19/01/2024,25/01/2024,Loggi,Belo Horizonte,Lopes,7,6,179.12,Entregue
63500,20/11/2024,23/11/2024,Azul Cargo,Salvador,Nogueira,4,3,11.79,Entregue
49366,01/01/2024,03/01/2024,Correios,Recife,Barbosa das Flores,2,2,235.11,Entregue
11363,01/05/2024,11/05/2024,Loggi,São Paulo,Oliveira,9,10,83.87,Entregue
19415,11/08/2024,20/08/2024,Loggi,Recife,da Costa,9,9,76.76,Entregue
50608,15/11/2024,25/11/2024,Azul Cargo,Belo Horizonte,Azevedo,10,10,181.0,Entregue
26894,27/10/2024,04/11/2024,Correios,São Paulo,Lima,9,8,12.61,Entregue
4140,07/08/2024,18/08/2024,Jadlog,Curitiba,Barbosa Alegre,8,11,124.3,Devolvido
12415,14/03/2024,22/03/2024,Azul Cargo,São Paulo,Oliveira da Prata,8,8,293.34,Entregue
47638,27/03/2024,30/03/2024,Correios,São Paulo,Cardoso,3,3,272.05,Entregue
33627,19/10/2024,23/10/2024,Correios,São Paulo,Teixeira,3,4,68.12,Entregue
8505,21/09/2024,01/10/2024,Correios,Curitiba,da Rocha das Flores,9,10,166.65,Entregue
53578,22/06/2024,04/07/2024,Correios,Belo Horizonte,Aragão,10,12,255.84,Entregue
53452,03/09/2024,12/09/2024,Azul Cargo,Salvador,Martins de Correia,8,9,52.24,Entregue
1035,11/12/2024,21/12/2024,Jadlog,Curitiba,Campos,9,10,17.37,Em trânsito
31414,16/08/2024,27/08/2024,Jadlog,Salvador,Sales do Galho,8,11,259.28,Entregue
40257,17/04/2024,23/04/2024,Jadlog,Curitiba,Rodrigues Verde,7,6,268.23,Entregue
15542,22/10/2024,29/10/2024,Loggi,São Paulo,Araújo,7,7,132.35,Devolvido
21076,14/09/2024,23/09/2024,Loggi,Recife,Porto,7,9,139.7,Em trânsito
54540,02/10/2024,06/10/2024,Jadlog,Curitiba,Rezende do Sul,5,4,82.91,Entregue
11048,03/06/2024,06/06/2024,Correios,Recife,Araújo de Ramos,4,3,39.53,Entregue
48262,17/08/2024,24/08/2024,Correios,Belo Horizonte,Campos Paulista,6,7,262.17,Entregue
66890,05/01/2024,18/01/2024,Loggi,Recife,Peixoto,10,13,296.78,Em trânsito
58717,10/09/2024,13/09/2024,Azul Cargo,Salvador,Viana,4,3,147.09,Entregue
32950,28/11/2024,04/12/2024,Jadlog,Salvador,Campos,7,6,187.37,Entregue
27750,14/07/2024,15/07/2024,Correios,Recife,Lima,2,1,79.43,Em trânsito
5898,25/03/2024,28/03/2024,Correios,São Paulo,Pinto,4,3,297.39,Entregue
30578,11/07/2024,19/07/2024,Azul Cargo,Belo Horizonte,Sales Paulista,8,8,248.52,Entregue
3581,25/04/2024,02/05/2024,Correios,São Paulo,Nogueira,7,7,282.42,Entregue
54914,22/10/2024,26/10/2024,Jadlog,São Paulo,Almeida Paulista,3,4,94.89,Entregue
36678,25/10/2024,30/10/2024,Jadlog,Belo Horizonte,Porto,3,5,247.24,Entregue
30377,12/01/2024,20/01/2024,Jadlog,Recife,Costa,7,8,217.02,Entregue
44502,15/09/2024,21/09/2024,Correios,São Paulo,Farias,6,6,24.26,Entregue
30534,10/05/2024,12/05/2024,Azul Cargo,Belo Horizonte,Farias,3,2,121.27,Entregue
8618,06/04/2024,17/04/2024,Azul Cargo,São Paulo,Souza,8,11,253.46,Em trânsito
60043,23/08/2024,02/09/2024,Loggi,Belo Horizonte,Araújo de Pinto,9,10,195.48,Entregue
25204,22/09/2024,03/10/2024,Jadlog,Recife,Barros,8,11,187.48,Entregue
16777,01/12/2024,07/12/2024,Azul Cargo,Curitiba,Silveira de Aragão,4,6,63.72,Entregue
6436,14/10/2024,18/10/2024,Jadlog,Recife,Cardoso dos Dourados,3,4,175.27,Entregue
35613,07/06/2024,14/06/2024,Jadlog,Curitiba,Aragão,7,7,197.23,Entregue
4066,17/03/2024,25/03/2024,Azul Cargo,Recife,Farias,5,8,284.5,Entregue
41568,19/12/2024,27/12/2024,Jadlog,Recife,Nogueira Paulista,5,8,268.7,Em trânsito
40673,14/11/2024,26/11/2024,Azul Cargo,Curitiba,Alves,10,12,279.19,Entregue
20067,02/05/2024,11/05/2024,Azul Cargo,Curitiba,Lima das Flores,7,9,93.87,Entregue
68030,03/11/2024,12/11/2024,Jadlog,São Paulo,Moreira do Norte,7,9,60.74,Entregue
32373,18/09/2024,22/09/2024,Correios,São Paulo,da Luz,5,4,96.67,Entregue
11266,13/12/2024,20/12/2024,Azul Cargo,Curitiba,Santos,5,7,275.79,Em trânsito
5467,26/01/2024,29/01/2024,Loggi,Recife,Moura,2,3,233.86,Entregue
6166,24/03/2024,06/04/2024,Azul Cargo,Recife,Lima,10,13,260.13,Entregue
24744,08/06/2024,14/06/2024,Loggi,Salvador,Rocha,7,6,185.25,Entregue
19335,11/04/2024,21/04/2024,Azul Cargo,Recife,Vieira do Sul,10,10,129.19,Entregue
41881,10/07/2024,22/07/2024,Loggi,Recife,da Conceição Grande,10,12,113.68,Entregue
42039,25/04/2024,28/04/2024,Jadlog,Curitiba,Sales de Fogaça,3,3,140.58,Entregue
32606,11/01/2024,18/01/2024,Azul Cargo,Salvador,Rocha,5,7,293.1,Entregue
40658,16/10/2024,25/10/2024,Azul Cargo,São Paulo,Freitas,10,9,220.69,Entregue
2400,13/11/2024,14/11/2024,Jadlog,Belo Horizonte,Moreira de Lima,2,1,292.92,Entregue
22533,21/02/2024,29/02/2024,Azul Cargo,Belo Horizonte,Ramos do Campo,6,8,100.0,Entregue
24896,01/02/2024,07/02/2024,Loggi,Salvador,da Luz,6,6,152.26,Em trânsito
53785,05/08/2024,16/08/2024,Correios,Belo Horizonte,da Mata,10,11,56.24,Entregue
843,07/12/2024,14/12/2024,Jadlog,Salvador,Silveira de Aragão,5,7,160.74,Entregue
22331,05/12/2024,16/12/2024,Correios,Recife,Castro do Norte,10,11,67.95,Entregue
66814,18/09/2024,27/09/2024,Azul Cargo,Belo Horizonte,Freitas de Moraes,6,9,135.11,Entregue
28166,06/09/2024,10/09/2024,Loggi,Curitiba,Ramos,5,4,195.0,Entregue
36419,26/03/2024,01/04/2024,Loggi,Belo Horizonte,Pinto de Minas,7,6,124.61,Entregue
54449,11/03/2024,20/03/2024,Correios,Belo Horizonte,Cardoso,10,9,138.46,Entregue
24379,14/07/2024,17/07/2024,Azul Cargo,Salvador,Lopes de da Cunha,4,3,289.94,Entregue
8664,11/07/2024,20/07/2024,Correios,Belo Horizonte,Lopes dos Dourados,8,9,267.08,Entregue
38054,19/11/2024,22/11/2024,Azul Cargo,Recife,Almeida,4,3,255.72,Entregue
837,14/12/2024,20/12/2024,Correios,Curitiba,da Mota,6,6,198.96,Entregue
39783,15/03/2024,23/03/2024,Loggi,Recife,Nogueira,9,8,29.87,Entregue
63142,25/12/2024,01/01/2025,Loggi,Curitiba,da Conceição,6,7,61.44,Entregue
54553,27/10/2024,28/10/2024,Jadlog,Curitiba,da Cunha Alegre,2,1,142.73,Entregue
39790,15/03/2024,18/03/2024,Jadlog,Curitiba,Carvalho,3,3,104.73,Entregue
24820,02/11/2024,15/11/2024,Correios,Belo Horizonte,Ribeiro,10,13,219.22,Entregue
13624,07/09/2024,17/09/2024,Loggi,Salvador,Lima das Flores,10,10,27.6,Entregue
12268,07/06/2024,14/06/2024,Loggi,Salvador,Cardoso de Goiás,7,7,299.08,Entregue
47937,15/11/2024,25/11/2024,Correios,Recife,Pinto de Goiás,10,10,221.61,Entregue
6431,10/10/2024,23/10/2024,Loggi,São Paulo,da Rosa de Duarte,10,13,149.4,Entregue
33262,15/08/2024,24/08/2024,Jadlog,São Paulo,Azevedo das Pedras,8,9,218.47,Entregue
58274,09/01/2024,14/01/2024,Correios,Salvador,Almeida do Norte,4,5,12.8,Entregue
2437,22/01/2024,27/01/2024,Loggi,Curitiba,Vieira,3,5,104.96,Entregue
59245,20/03/2024,27/03/2024,Jadlog,Recife,Ribeiro,8,7,290.35,Entregue
64929,16/11/2024,23/11/2024,Jadlog,Curitiba,Melo,5,7,236.84,Em trânsito
63511,21/11/2024,01/12/2024,Correios,Recife,Nunes,7,10,87.4,Entregue
29162,26/12/2024,04/01/2025,Jadlog,São Paulo,Freitas,6,9,164.63,Entregue
64803,07/02/2024,11/02/2024,Loggi,Salvador,das Neves,3,4,113.26,Entregue
30911,19/06/2024,25/06/2024,Loggi,Curitiba,Novaes,6,6,41.9,Entregue
22134,28/12/2024,09/01/2025,Correios,Salvador,Rocha,10,12,205.11,Entregue
51713,06/12/2024,18/12/2024,Azul Cargo,Recife,Teixeira,10,12,206.2,Entregue
11714,17/05/2024,27/05/2024,Jadlog,Curitiba,da Rocha da Serra,8,10,277.69,Entregue
36651,07/07/2024,14/07/2024,Correios,Curitiba,Azevedo,7,7,169.11,Entregue
21803,26/03/2024,06/04/2024,Loggi,Recife,Fernandes do Galho,8,11,202.99,Entregue
16814,07/03/2024,15/03/2024,Loggi,São Paulo,Mendes das Pedras,9,8,18.46,Entregue
7291,22/07/2024,02/08/2024,Azul Cargo,Curitiba,Pinto da Praia,9,11,63.84,Entregue
46141,05/08/2024,11/08/2024,Jadlog,Belo Horizonte,Duarte,3,6,149.14,Entregue
46213,08/10/2024,11/10/2024,Azul Cargo,Curitiba,Duarte,4,3,202.64,Entregue
33982,22/06/2024,26/06/2024,Correios,Curitiba,Lopes do Campo,4,4,36.78,Entregue
62111,24/04/2024,29/04/2024,Loggi,Curitiba,Teixeira,6,5,103.18,Entregue
23495,21/11/2024,04/12/2024,Azul Cargo,São Paulo,Vieira,10,13,17.3,Entregue
15681,23/03/2024,27/03/2024,Loggi,São Paulo,Barros da Prata,2,4,164.05,Em trânsito
30748,19/01/2024,25/01/2024,Correios,São Paulo,Melo,6,6,261.17,Entregue
24574,22/07/2024,30/07/2024,Correios,Curitiba,Barros de Cardoso,9,8,133.59,Entregue
64381,20/11/2024,29/11/2024,Jadlog,Salvador,Cavalcanti da Prata,6,9,271.0,Entregue
30692,01/11/2024,07/11/2024,Loggi,Recife,Alves das Pedras,6,6,92.92,Entregue
25043,03/05/2024,04/05/2024,Correios,Belo Horizonte,Costela,2,1,173.05,Entregue
22430,12/07/2024,20/07/2024,Azul Cargo,Recife,Fogaça,5,8,160.57,Em trânsito
11307,19/01/2024,29/01/2024,Azul Cargo,Recife,da Cruz,10,10,36.08,Entregue
29689,10/04/2024,13/04/2024,Azul Cargo,Curitiba,Rezende,3,3,115.29,Entregue
62588,22/04/2024,01/05/2024,Azul Cargo,Recife,Correia da Mata,6,9,242.71,Em trânsito
22178,20/03/2024,28/03/2024,Correios,Curitiba,Rocha,7,8,52.8,Em trânsito
47979,18/01/2024,27/01/2024,Loggi,Belo Horizonte,Monteiro da Prata,10,9,228.2,Entregue
31167,17/04/2024,26/04/2024,Azul Cargo,Recife,Jesus,8,9,127.34,Entregue
65110,10/04/2024,16/04/2024,Loggi,Curitiba,Lopes,5,6,126.46,Entregue
10811,25/01/2024,07/02/2024,Correios,Curitiba,Gomes do Oeste,10,13,21.51,Em trânsito
17952,01/07/2024,08/07/2024,Loggi,Recife,Pires do Sul,6,7,283.81,Entregue
23942,06/03/2024,10/03/2024,Jadlog,Recife,Mendes,5,4,106.6,Entregue
23013,08/11/2024,15/11/2024,Jadlog,Curitiba,Moura da Mata,5,7,296.33,Entregue
48843,02/03/2024,08/03/2024,Loggi,Recife,Lopes,3,6,280.46,Entregue
3285,11/12/2024,15/12/2024,Azul Cargo,Curitiba,da Luz,4,4,287.09,Entregue
25354,27/01/2024,04/02/2024,Azul Cargo,Recife,Mendes,6,8,271.13,Entregue
38239,05/07/2024,09/07/2024,Azul Cargo,Recife,da Rosa,4,4,129.18,Entregue
63893,15/05/2024,24/05/2024,Correios,São Paulo,Novaes,6,9,37.79,Entregue
16420,10/01/2024,18/01/2024,Azul Cargo,Curitiba,Viana de Fogaça,8,8,87.6,Entregue
40090,15/10/2024,17/10/2024,Correios,Salvador,Almeida do Norte,2,2,141.32,Entregue
14785,02/07/2024,03/07/2024,Loggi,Curitiba,Ribeiro,2,1,79.77,Entregue
62455,24/01/2024,01/02/2024,Correios,São Paulo,Oliveira Grande,8,8,269.76,Entregue
43916,06/06/2024,15/06/2024,Correios,Curitiba,da Paz Verde,7,9,253.19,Entregue
37611,19/04/2024,22/04/2024,Correios,Recife,Martins,2,3,108.76,Entregue
30326,06/10/2024,16/10/2024,Azul Cargo,Recife,Novaes de Ribeiro,9,10,79.99,Entregue
61347,20/10/2024,25/10/2024,Jadlog,Curitiba,Castro de Carvalho,3,5,130.11,Entregue
30114,23/08/2024,30/08/2024,Correios,Belo Horizonte,Oliveira,8,7,259.33,Entregue
23679,22/09/2024,29/09/2024,Correios,Curitiba,da Cunha do Campo,8,7,140.01,Entregue
62431,03/01/2024,06/01/2024,Loggi,Salvador,Silva,4,3,231.26,Entregue
14432,06/12/2024,10/12/2024,Loggi,Salvador,Alves das Pedras,3,4,132.61,Entregue
55322,18/08/2024,21/08/2024,Loggi,Salvador,Castro do Norte,2,3,49.51,Entregue
51438,12/05/2024,21/05/2024,Correios,Curitiba,Castro do Campo,7,9,180.91,Entregue
64885,13/08/2024,24/08/2024,Azul Cargo,São Paulo,Ramos,8,11,187.68,Entregue
57077,04/10/2024,09/10/2024,Azul Cargo,Belo Horizonte,Barros da Prata,6,5,216.22,Em trânsito
4606,03/02/2024,08/02/2024,Correios,Belo Horizonte,Moraes Grande,6,5,101.45,Entregue
60601,12/08/2024,18/08/2024,Azul Cargo,Belo Horizonte,Duarte,7,6,62.25,Em trânsito
50815,20/01/2024,28/01/2024,Jadlog,Curitiba,da Conceição,9,8,58.18,Em trânsito
47710,09/08/2024,14/08/2024,Jadlog,Curitiba,Alves do Amparo,2,5,192.57,Entregue
62558,06/04/2024,08/04/2024,Jadlog,Recife,da Cruz,2,2,246.14,Entregue
64574,11/11/2024,15/11/2024,Azul Cargo,Recife,Ferreira do Norte,3,4,165.8,Entregue
34187,03/08/2024,09/08/2024,Azul Cargo,São Paulo,da Luz,6,6,201.99,Entregue
67133,01/07/2024,12/07/2024,Correios,Belo Horizonte,da Mota,8,11,152.64,Entregue
21496,10/10/2024,16/10/2024,Jadlog,Salvador,Lopes,5,6,165.23,Entregue
15551,13/10/2024,20/10/2024,Jadlog,Curitiba,Cavalcanti do Sul,5,7,50.78,Entregue
26874,01/09/2024,06/09/2024,Jadlog,Recife,Teixeira,2,5,157.85,Entregue
27195,22/02/2024,01/03/2024,Azul Cargo,São Paulo,Rodrigues,8,8,31.11,Entregue
47495,25/06/2024,02/07/2024,Azul Cargo,Belo Horizonte,Cavalcanti Alegre,8,7,112.84,Entregue
18811,27/06/2024,30/06/2024,Loggi,São Paulo,Souza,2,3,222.04,Entregue
29499,20/11/2024,27/11/2024,Jadlog,Recife,Campos,7,7,123.54,Entregue
56062,04/03/2024,12/03/2024,Jadlog,Belo Horizonte,Santos dos Dourados,6,8,266.32,Entregue
963,07/07/2024,08/07/2024,Azul Cargo,Curitiba,Lopes,2,1,140.34,Entregue
7480,28/07/2024,05/08/2024,Azul Cargo,Salvador,Barbosa,9,8,31.78,Entregue
2692,17/07/2024,25/07/2024,Correios,Salvador,Santos de da Conceição,8,8,139.91,Entregue
56786,04/03/2024,15/03/2024,Correios,Curitiba,Oliveira das Pedras,10,11,130.57,Entregue
1991,08/03/2024,18/03/2024,Loggi,Salvador,Costela,9,10,274.31,Entregue
58358,06/07/2024,10/07/2024,Correios,Belo Horizonte,Ribeiro de Fogaça,2,4,223.18,Em trânsito
40975,24/05/2024,04/06/2024,Jadlog,Salvador,da Paz do Sul,10,11,139.95,Entregue
31830,20/02/2024,27/02/2024,Azul Cargo,Recife,das Neves de Moreira,7,7,152.79,Entregue
63928,20/06/2024,01/07/2024,Loggi,Salvador,Melo,9,11,240.31,Entregue
64961,24/01/2024,02/02/2024,Azul Cargo,São Paulo,da Cunha Alegre,8,9,185.36,Entregue
17690,11/01/2024,23/01/2024,Jadlog,Curitiba,Pereira,9,12,96.63,Entregue
17507,14/03/2024,19/03/2024,Loggi,Curitiba,da Costa,6,5,179.26,Entregue
7174,22/11/2024,27/11/2024,Jadlog,São Paulo,Duarte,4,5,147.93,Entregue
65605,23/04/2024,25/04/2024,Jadlog,Curitiba,Sales do Oeste,2,2,165.16,Entregue
34510,02/04/2024,04/04/2024,Loggi,Belo Horizonte,Lopes do Campo,3,2,213.82,Entregue
1932,01/01/2024,08/01/2024,Azul Cargo,São Paulo,Pires do Amparo,8,7,211.67,Entregue
14322,17/05/2024,29/05/2024,Jadlog,Recife,da Mota da Mata,10,12,244.46,Entregue
9890,21/12/2024,01/01/2025,Loggi,Salvador,Nascimento Paulista,9,11,103.79,Entregue
61646,22/03/2024,30/03/2024,Azul Cargo,Curitiba,da Rosa Verde,9,8,298.01,Entregue
6351,25/08/2024,05/09/2024,Jadlog,São Paulo,Costa,10,11,196.14,Entregue
9094,06/07/2024,10/07/2024,Correios,Recife,Moreira,2,4,278.27,Entregue
38559,09/11/2024,12/11/2024,Loggi,Belo Horizonte,Peixoto de Lima,3,3,218.38,Entregue
23481,16/10/2024,24/10/2024,Azul Cargo,Curitiba,Jesus dos Dourados,6,8,292.58,Entregue
29097,15/09/2024,22/09/2024,Azul Cargo,Curitiba,Teixeira,8,7,52.1,Entregue
54314,17/06/2024,25/06/2024,Azul Cargo,Salvador,Farias,8,8,185.1,Entregue
37273,13/08/2024,19/08/2024,Loggi,Belo Horizonte,Caldeira de das Neves,6,6,10.08,Entregue
21329,28/06/2024,04/07/2024,Jadlog,Curitiba,da Mota do Sul,5,6,32.5,Devolvido
45641,22/12/2024,27/12/2024,Azul Cargo,Salvador,Dias de Moraes,3,5,34.78,Em trânsito
12320,28/09/2024,02/10/2024,Loggi,Belo Horizonte,das Neves de Minas,2,4,120.42,Entregue
55911,12/09/2024,18/09/2024,Loggi,Recife,Araújo,3,6,193.22,Entregue
61769,23/11/2024,01/12/2024,Loggi,Belo Horizonte,da Mota das Pedras,5,8,144.54,Entregue
3426,09/10/2024,15/10/2024,Azul Cargo,São Paulo,da Luz,4,6,288.8,Entregue
56826,04/06/2024,14/06/2024,Loggi,São Paulo,Fogaça de Goiás,8,10,260.19,Entregue
66260,18/08/2024,27/08/2024,Azul Cargo,São Paulo,Rezende de Rezende,10,9,147.84,Entregue
42667,13/09/2024,17/09/2024,Jadlog,Curitiba,Nogueira do Campo,3,4,33.19,Entregue
29263,01/06/2024,05/06/2024,Loggi,Salvador,Souza do Sul,5,4,64.41,Em trânsito
41235,05/04/2024,06/04/2024,Loggi,Recife,Ramos,2,1,69.55,Entregue
19194,13/09/2024,20/09/2024,Correios,Salvador,Campos,6,7,253.34,Entregue
52375,27/08/2024,02/09/2024,Loggi,Salvador,Mendes,3,6,279.31,Entregue
63390,12/04/2024,13/04/2024,Loggi,Curitiba,da Luz de Peixoto,2,1,157.3,Entregue
56014,25/12/2024,04/01/2025,Jadlog,São Paulo,da Costa das Pedras,7,10,113.36,Entregue
22705,03/02/2024,16/02/2024,Jadlog,Salvador,Teixeira,10,13,298.1,Entregue
13505,20/01/2024,23/01/2024,Azul Cargo,Curitiba,Barbosa,3,3,79.75,Entregue
54653,01/03/2024,07/03/2024,Correios,Salvador,da Cunha,4,6,266.25,Entregue
41230,19/04/2024,28/04/2024,Jadlog,São Paulo,Nogueira Paulista,10,9,54.15,Entregue
13967,06/07/2024,13/07/2024,Jadlog,São Paulo,Pires,6,7,94.62,Entregue
23895,06/12/2024,13/12/2024,Jadlog,Curitiba,Almeida de Minas,4,7,291.37,Entregue
60562,12/07/2024,14/07/2024,Loggi,Recife,Cardoso,3,2,221.54,Entregue
63810,19/03/2024,29/03/2024,Jadlog,Salvador,Fogaça,8,10,153.03,Entregue
64576,18/11/2024,20/11/2024,Correios,Curitiba,Correia dos Dourados,3,2,47.38,Entregue
58994,23/10/2024,28/10/2024,Azul Cargo,Recife,da Mota Grande,2,5,127.3,Entregue
48307,23/09/2024,26/09/2024,Jadlog,São Paulo,Campos de Nogueira,4,3,274.76,Entregue
15166,15/02/2024,23/02/2024,Loggi,São Paulo,Jesus,5,8,225.52,Entregue
1323,23/03/2024,30/03/2024,Jadlog,Salvador,Azevedo,6,7,139.9,Em trânsito
60361,10/02/2024,16/02/2024,Loggi,Belo Horizonte,Souza do Galho,4,6,93.95,Entregue
8669,11/08/2024,21/08/2024,Jadlog,São Paulo,Ferreira,10,10,101.4,Entregue
26044,25/08/2024,02/09/2024,Jadlog,Belo Horizonte,da Cruz,5,8,285.24,Em trânsito
37447,14/06/2024,21/06/2024,Jadlog,Curitiba,Gomes,5,7,129.2,Entregue
15945,03/07/2024,11/07/2024,Azul Cargo,Belo Horizonte,da Costa das Pedras,9,8,187.8,Entregue
21983,27/02/2024,09/03/2024,Correios,Recife,Fernandes do Campo,9,11,255.87,Entregue
15979,20/09/2024,26/09/2024,Correios,Curitiba,Melo,5,6,89.03,Entregue
55350,05/10/2024,11/10/2024,Correios,Recife,Fernandes de Santos,6,6,72.54,Entregue
58972,04/09/2024,13/09/2024,Correios,Recife,Freitas de Minas,6,9,284.24,Entregue
67721,07/02/2024,11/02/2024,Correios,Recife,Melo,3,4,174.4,Entregue
54131,20/06/2024,25/06/2024,Correios,Curitiba,Cardoso,6,5,63.26,Entregue
15113,06/01/2024,08/01/2024,Loggi,Salvador,Lima do Campo,2,2,21.01,Entregue
62973,05/03/2024,16/03/2024,Azul Cargo,Salvador,Rodrigues de Cavalcanti,9,11,75.95,Entregue
18717,25/03/2024,02/04/2024,Loggi,São Paulo,Cardoso dos Dourados,9,8,273.75,Em trânsito
52036,21/09/2024,29/09/2024,Azul Cargo,Salvador,Correia da Mata,5,8,286.24,Entregue
64738,03/10/2024,12/10/2024,Correios,Salvador,Fogaça,10,9,286.54,Entregue
3900,03/04/2024,13/04/2024,Jadlog,Curitiba,Cardoso,10,10,25.97,Entregue
28011,12/10/2024,19/10/2024,Correios,Belo Horizonte,Souza,6,7,74.36,Entregue
35034,14/05/2024,24/05/2024,Jadlog,Salvador,Pinto de Gomes,10,10,161.17,Entregue
20348,20/12/2024,25/12/2024,Jadlog,Curitiba,da Costa Verde,2,5,180.29,Entregue
14505,01/05/2024,09/05/2024,Azul Cargo,Belo Horizonte,Jesus,5,8,102.15,Entregue
8007,03/06/2024,07/06/2024,Jadlog,Salvador,Silva,5,4,12.05,Entregue
49285,06/08/2024,13/08/2024,Azul Cargo,Salvador,Moura do Campo,4,7,169.26,Entregue
55738,20/05/2024,21/05/2024,Jadlog,Curitiba,Caldeira Verde,2,1,236.35,Entregue
36442,08/05/2024,12/05/2024,Azul Cargo,Salvador,Freitas de Minas,5,4,15.41,Entregue
55790,05/06/2024,17/06/2024,Loggi,Curitiba,Lima das Flores,9,12,187.99,Entregue
37527,28/11/2024,04/12/2024,Azul Cargo,Curitiba,Silva de Minas,7,6,36.66,Entregue
16810,12/03/2024,17/03/2024,Correios,São Paulo,Cardoso,6,5,273.96,Entregue
43416,05/03/2024,09/03/2024,Jadlog,Belo Horizonte,Lima,4,4,31.42,Entregue
13078,05/09/2024,11/09/2024,Loggi,Recife,da Luz dos Dourados,7,6,110.65,Entregue
1296,08/03/2024,17/03/2024,Correios,Recife,Oliveira das Pedras,8,9,17.67,Entregue
20566,08/02/2024,18/02/2024,Azul Cargo,Recife,Vieira do Norte,7,10,55.3,Entregue
41017,16/08/2024,18/08/2024,Azul Cargo,Belo Horizonte,Lopes,3,2,282.5,Entregue
37863,21/09/2024,25/09/2024,Azul Cargo,Salvador,da Cunha,4,4,97.58,Entregue
1444,13/06/2024,19/06/2024,Loggi,Belo Horizonte,Ramos,4,6,284.06,Em trânsito
59837,27/07/2024,30/07/2024,Jadlog,Belo Horizonte,Cardoso,3,3,257.43,Em trânsito
14859,09/11/2024,20/11/2024,Azul Cargo,São Paulo,Gomes do Oeste,8,11,104.68,Entregue
27171,08/02/2024,16/02/2024,Correios,São Paulo,Moura,5,8,102.03,Entregue
37415,24/04/2024,04/05/2024,Jadlog,Belo Horizonte,da Luz,9,10,141.68,Entregue
20110,20/06/2024,25/06/2024,Correios,Salvador,Monteiro da Prata,4,5,61.57,Entregue
50883,13/05/2024,17/05/2024,Loggi,Recife,da Cunha Alegre,3,4,13.76,Em trânsito
43111,10/10/2024,19/10/2024,Correios,Belo Horizonte,Novaes,7,9,155.41,Entregue
35388,17/01/2024,23/01/2024,Correios,Salvador,Azevedo Paulista,5,6,137.77,Entregue
6331,20/07/2024,27/07/2024,Jadlog,Curitiba,Alves de Vieira,8,7,175.28,Entregue
10242,13/01/2024,18/01/2024,Correios,Curitiba,da Costa de Cardoso,6,5,128.47,Devolvido
21477,01/09/2024,12/09/2024,Loggi,Recife,Dias de Moraes,8,11,144.06,Entregue
24433,19/10/2024,25/10/2024,Azul Cargo,Curitiba,Lima,6,6,233.51,Entregue
38716,14/09/2024,27/09/2024,Correios,Belo Horizonte,Mendes,10,13,229.34,Entregue
47885,15/08/2024,28/08/2024,Jadlog,Belo Horizonte,da Cruz,10,13,115.49,Entregue
52701,27/04/2024,02/05/2024,Loggi,São Paulo,Cunha,4,5,48.53,Entregue
22096,18/09/2024,25/09/2024,Loggi,Belo Horizonte,Barbosa do Oeste,8,7,69.6,Entregue
53345,14/01/2024,22/01/2024,Correios,Belo Horizonte,Martins de Minas,5,8,188.21,Entregue
12609,25/02/2024,03/03/2024,Correios,Curitiba,da Rocha,8,7,89.34,Em trânsito
27293,19/05/2024,27/05/2024,Correios,Salvador,Santos Grande,5,8,31.93,Entregue
15913,27/06/2024,04/07/2024,Azul Cargo,Belo Horizonte,Cardoso,4,7,162.64,Entregue
10370,27/10/2024,02/11/2024,Azul Cargo,São Paulo,Nogueira,7,6,293.62,Entregue
65160,15/05/2024,21/05/2024,Loggi,São Paulo,Moreira do Amparo,4,6,56.67,Entregue
57547,18/12/2024,21/12/2024,Correios,Salvador,Fogaça do Galho,3,3,155.9,Entregue
32833,15/03/2024,23/03/2024,Azul Cargo,Salvador,Cardoso das Flores,9,8,56.47,Entregue
47257,08/01/2024,10/01/2024,Correios,São Paulo,Duarte de Minas,2,2,248.67,Entregue
67567,10/03/2024,17/03/2024,Loggi,Salvador,Silveira,7,7,290.41,Em trânsito
46769,02/05/2024,12/05/2024,Correios,Belo Horizonte,Novaes de Ribeiro,9,10,228.78,Entregue
39743,09/02/2024,15/02/2024,Jadlog,Salvador,da Mata,6,6,157.27,Entregue
11788,19/10/2024,21/10/2024,Jadlog,Curitiba,Teixeira da Prata,2,2,129.47,Entregue
29026,04/05/2024,06/05/2024,Jadlog,Salvador,Barros de Novaes,3,2,203.55,Entregue
3990,07/10/2024,13/10/2024,Loggi,Curitiba,Castro de Goiás,6,6,85.81,Entregue
15279,14/04/2024,18/04/2024,Jadlog,Recife,das Neves,5,4,174.39,Entregue
51115,18/08/2024,22/08/2024,Correios,Curitiba,Costela,2,4,151.58,Entregue
27584,18/12/2024,19/12/2024,Correios,Salvador,Ramos,2,1,254.61,Entregue
11635,19/11/2024,25/11/2024,Azul Cargo,Curitiba,Nascimento dos Dourados,7,6,281.46,Entregue
52387,28/09/2024,09/10/2024,Jadlog,São Paulo,Silva de Gonçalves,9,11,90.96,Entregue
36444,20/05/2024,02/06/2024,Correios,Recife,da Mota de Fogaça,10,13,174.31,Entregue
35306,20/09/2024,23/09/2024,Loggi,Curitiba,Martins,3,3,29.15,Entregue
968,01/08/2024,05/08/2024,Jadlog,Belo Horizonte,Cardoso das Flores,5,4,237.81,Entregue
49015,04/02/2024,09/02/2024,Azul Cargo,Salvador,Santos de da Conceição,3,5,196.08,Entregue
50823,04/01/2024,11/01/2024,Correios,Belo Horizonte,Teixeira Paulista,4,7,297.24,Entregue
39232,28/06/2024,30/06/2024,Correios,Recife,Silveira dos Dourados,2,2,70.58,Entregue
36035,15/11/2024,17/11/2024,Correios,Curitiba,da Rosa,2,2,240.66,Entregue
20287,12/10/2024,13/10/2024,Correios,São Paulo,Fogaça da Praia,2,1,215.81,Entregue
26464,03/12/2024,05/12/2024,Correios,Belo Horizonte,Nogueira,3,2,118.6,Entregue
53894,23/03/2024,29/03/2024,Jadlog,Salvador,da Conceição da Mata,3,6,35.62,Entregue
29561,25/01/2024,05/02/2024,Jadlog,Belo Horizonte,Cavalcanti da Prata,9,11,296.09,Entregue
1812,27/06/2024,08/07/2024,Correios,Recife,Aragão de Moreira,9,11,235.82,Em trânsito
885,28/03/2024,30/03/2024,Correios,Salvador,da Costa Grande,2,2,91.17,Entregue
48302,12/09/2024,16/09/2024,Loggi,Curitiba,Pires do Sul,3,4,272.62,Entregue
10244,19/01/2024,22/01/2024,Jadlog,Recife,da Conceição Grande,4,3,72.35,Entregue
5891,09/03/2024,18/03/2024,Correios,Belo Horizonte,Nogueira,7,9,168.35,Entregue
23836,28/08/2024,02/09/2024,Correios,Belo Horizonte,da Conceição da Mata,6,5,188.82,Entregue
18875,13/07/2024,21/07/2024,Jadlog,Recife,Ribeiro dos Dourados,6,8,183.38,Entregue
31292,03/12/2024,15/12/2024,Azul Cargo,Curitiba,Gomes da Serra,10,12,260.49,Entregue
24633,17/11/2024,24/11/2024,Correios,Salvador,Carvalho,6,7,131.55,Entregue
57325,10/02/2024,15/02/2024,Azul Cargo,São Paulo,Lopes,2,5,112.16,Entregue
37785,28/03/2024,31/03/2024,Loggi,Belo Horizonte,Santos da Prata,2,3,140.83,Entregue
40382,03/01/2024,10/01/2024,Azul Cargo,Salvador,Almeida do Amparo,8,7,108.01,Entregue
54398,18/12/2024,28/12/2024,Correios,São Paulo,Lopes,7,10,95.37,Entregue
40332,14/09/2024,18/09/2024,Correios,Recife,da Mota de Fogaça,5,4,241.15,Entregue
18819,13/06/2024,19/06/2024,Jadlog,São Paulo,Azevedo,7,6,240.56,Entregue
46740,24/03/2024,26/03/2024,Azul Cargo,Curitiba,Gonçalves,3,2,249.28,Entregue
11800,22/10/2024,28/10/2024,Loggi,São Paulo,Almeida,4,6,44.84,Entregue
52521,18/05/2024,24/05/2024,Azul Cargo,Belo Horizonte,Lima,6,6,104.11,Entregue
19425,06/09/2024,13/09/2024,Azul Cargo,Belo Horizonte,Vieira do Norte,4,7,252.8,Entregue
32134,10/10/2024,22/10/2024,Correios,Curitiba,Barros de Moura,9,12,54.0,Entregue
63148,04/12/2024,14/12/2024,Loggi,São Paulo,Aragão,10,10,176.32,Entregue
60676,18/10/2024,21/10/2024,Correios,Belo Horizonte,da Cruz,3,3,295.95,Entregue
19583,28/05/2024,31/05/2024,Correios,São Paulo,da Rocha da Serra,2,3,75.63,Entregue
48859,10/04/2024,19/04/2024,Correios,Belo Horizonte,da Luz,7,9,274.03,Entregue
36875,10/11/2024,22/11/2024,Correios,Belo Horizonte,Farias,9,12,162.37,Entregue
29303,05/09/2024,17/09/2024,Correios,São Paulo,Moreira de Araújo,10,12,154.4,Entregue
11258,15/12/2024,26/12/2024,Azul Cargo,Curitiba,Silveira Grande,10,11,184.65,Entregue
42228,02/02/2024,06/02/2024,Azul Cargo,Salvador,Cardoso,5,4,105.72,Entregue
45931,15/03/2024,20/03/2024,Azul Cargo,Curitiba,Fogaça do Norte,4,5,41.66,Entregue
30600,04/08/2024,13/08/2024,Jadlog,Recife,das Neves do Sul,6,9,12.24,Entregue
15884,04/04/2024,12/04/2024,Loggi,Salvador,Mendes,9,8,192.46,Entregue
62172,20/09/2024,29/09/2024,Azul Cargo,Curitiba,Barros de Cardoso,9,9,36.18,Entregue
58046,12/09/2024,18/09/2024,Jadlog,Belo Horizonte,Alves do Galho,3,6,100.81,Entregue
65056,12/03/2024,22/03/2024,Jadlog,Salvador,Silveira de da Mota,7,10,96.48,Entregue
8666,05/07/2024,08/07/2024,Correios,São Paulo,Gonçalves,4,3,42.35,Entregue
57615,15/04/2024,18/04/2024,Azul Cargo,São Paulo,Ribeiro Verde,3,3,252.82,Entregue
12933,25/01/2024,01/02/2024,Correios,Curitiba,da Cunha Alegre,7,7,38.95,Entregue
8446,07/07/2024,14/07/2024,Loggi,Belo Horizonte,Santos,6,7,161.46,Entregue
45869,09/01/2024,18/01/2024,Loggi,São Paulo,Ferreira de Barbosa,8,9,128.3,Entregue
14474,26/03/2024,01/04/2024,Correios,Salvador,da Cruz,4,6,286.45,Entregue
40127,07/11/2024,13/11/2024,Correios,Belo Horizonte,Vieira,3,6,158.16,Entregue
36596,19/04/2024,29/04/2024,Azul Cargo,Belo Horizonte,Dias,9,10,12.78,Entregue
65101,02/04/2024,10/04/2024,Azul Cargo,Curitiba,Porto,9,8,243.21,Entregue
16444,23/03/2024,30/03/2024,Azul Cargo,Belo Horizonte,Fogaça do Sul,4,7,66.31,Entregue
46505,02/11/2024,14/11/2024,Loggi,São Paulo,Teixeira,10,12,76.16,Entregue
64843,17/05/2024,20/05/2024,Correios,Salvador,Fernandes das Pedras,2,3,173.15,Entregue
47769,05/12/2024,08/12/2024,Jadlog,Recife,Cardoso de Caldeira,2,3,157.81,Entregue
27943,18/05/2024,28/05/2024,Jadlog,Salvador,da Paz Grande,7,10,226.31,Entregue
19816,01/09/2024,12/09/2024,Loggi,Curitiba,Silveira de Pereira,9,11,207.11,Entregue
27675,27/04/2024,29/04/2024,Jadlog,Curitiba,Pinto,3,2,13.42,Entregue
48844,21/03/2024,29/03/2024,Jadlog,Recife,Gonçalves,6,8,65.99,Entregue
46818,23/07/2024,04/08/2024,Loggi,São Paulo,Rezende,9,12,29.35,Entregue
32638,08/03/2024,17/03/2024,Jadlog,Recife,Dias,7,9,278.74,Entregue
7539,27/11/2024,08/12/2024,Loggi,Curitiba,da Mata,8,11,25.22,Entregue
50196,16/12/2024,19/12/2024,Loggi,Recife,Viana,2,3,51.16,Entregue
60306,15/01/2024,20/01/2024,Azul Cargo,Salvador,Gomes da Mata,2,5,16.99,Entregue
38069,16/12/2024,20/12/2024,Correios,São Paulo,Mendes,2,4,282.13,Entregue
45444,20/12/2024,27/12/2024,Azul Cargo,Recife,Rezende das Flores,6,7,77.85,Entregue
37094,08/09/2024,13/09/2024,Correios,Recife,Freitas da Mata,5,5,243.33,Entregue
60668,13/10/2024,18/10/2024,Azul Cargo,Curitiba,Gonçalves,2,5,90.88,Entregue
41441,15/08/2024,21/08/2024,Azul Cargo,Salvador,Fernandes de Santos,4,6,265.15,Entregue
36733,18/02/2024,24/02/2024,Loggi,Curitiba,Jesus,3,6,137.72,Em trânsito
55175,04/01/2024,10/01/2024,Loggi,Salvador,Silva,4,6,230.31,Entregue
60291,05/01/2024,09/01/2024,Azul Cargo,São Paulo,Pires de Moura,4,4,148.6,Entregue
11038,20/06/2024,21/06/2024,Azul Cargo,Belo Horizonte,Barbosa das Flores,2,1,268.5,Em trânsito
43348,13/01/2024,25/01/2024,Jadlog,Curitiba,Barros de Moura,10,12,168.15,Em trânsito
51393,10/02/2024,19/02/2024,Correios,São Paulo,Ramos,9,9,247.96,Entregue
13553,14/04/2024,23/04/2024,Loggi,Recife,Monteiro do Sul,10,9,51.93,Entregue
63499,08/11/2024,16/11/2024,Correios,Belo Horizonte,Azevedo,5,8,15.53,Entregue
60447,17/05/2024,30/05/2024,Correios,Recife,Melo do Oeste,10,13,166.93,Entregue
5492,16/02/2024,25/02/2024,Azul Cargo,Salvador,da Rocha de da Luz,8,9,193.88,Entregue
48414,26/12/2024,04/01/2025,Jadlog,Recife,da Rosa de Lima,8,9,106.44,Entregue
34616,12/10/2024,17/10/2024,Loggi,São Paulo,das Neves,6,5,256.41,Entregue
43406,27/03/2024,29/03/2024,Correios,Salvador,Peixoto,3,2,155.22,Em trânsito
36676,15/10/2024,20/10/2024,Loggi,Belo Horizonte,Aragão de Moreira,5,5,245.34,Entregue
8197,09/03/2024,18/03/2024,Correios,Recife,Fogaça,8,9,218.2,Entregue
44658,04/06/2024,15/06/2024,Correios,Curitiba,Campos,8,11,182.44,Entregue
66374,21/10/2024,30/10/2024,Correios,São Paulo,Novaes,9,9,155.2,Entregue
54810,15/07/2024,21/07/2024,Correios,Salvador,Nascimento Grande,7,6,216.67,Em trânsito
56170,10/11/2024,16/11/2024,Jadlog,Belo Horizonte,Melo do Oeste,4,6,230.33,Entregue
66818,24/09/2024,02/10/2024,Azul Cargo,Recife,Alves,8,8,91.64,Entregue
35636,20/07/2024,01/08/2024,Jadlog,Salvador,Duarte de Monteiro,10,12,87.46,Entregue
25211,25/09/2024,05/10/2024,Azul Cargo,Curitiba,Oliveira Grande,8,10,79.42,Entregue
59883,05/10/2024,17/10/2024,Azul Cargo,Salvador,Farias,10,12,137.17,Entregue
13275,10/10/2024,20/10/2024,Loggi,Belo Horizonte,Aragão,7,10,106.94,Entregue
55010,14/02/2024,19/02/2024,Jadlog,Recife,Lopes,4,5,166.74,Entregue
4158,13/10/2024,21/10/2024,Azul Cargo,Curitiba,Fernandes de Campos,9,8,206.46,Em trânsito
54682,02/04/2024,03/04/2024,Correios,São Paulo,Farias,2,1,265.06,Entregue
40706,04/12/2024,11/12/2024,Loggi,Belo Horizonte,Costela da Prata,4,7,242.98,Entregue
24995,28/04/2024,29/04/2024,Azul Cargo,Curitiba,Rodrigues,2,1,126.69,Entregue
11500,02/02/2024,10/02/2024,Azul Cargo,São Paulo,das Neves de Minas,6,8,27.54,Em trânsito
11063,03/07/2024,13/07/2024,Azul Cargo,Curitiba,da Luz,8,10,262.73,Entregue
64981,19/01/2024,01/02/2024,Loggi,Recife,da Mota,10,13,223.4,Entregue
65287,04/08/2024,15/08/2024,Azul Cargo,Curitiba,Nogueira do Campo,10,11,166.11,Entregue
53236,25/05/2024,01/06/2024,Jadlog,São Paulo,Silveira,8,7,88.24,Entregue
10994,07/05/2024,16/05/2024,Azul Cargo,Curitiba,Dias,8,9,68.74,Em trânsito
9580,28/04/2024,03/05/2024,Jadlog,Recife,Campos Paulista,2,5,259.33,Entregue
7150,11/09/2024,15/09/2024,Correios,Recife,Ramos,2,4,175.21,Entregue
48723,04/07/2024,11/07/2024,Jadlog,São Paulo,Pereira do Sul,4,7,291.68,Entregue
39638,23/09/2024,02/10/2024,Azul Cargo,Curitiba,da Mata,9,9,34.82,Entregue
8816,24/05/2024,29/05/2024,Jadlog,São Paulo,Melo,4,5,247.95,Entregue
30843,19/04/2024,30/04/2024,Loggi,Curitiba,Cardoso de Caldeira,9,11,220.4,Entregue
15687,13/03/2024,17/03/2024,Correios,Curitiba,da Mata,5,4,44.87,Entregue
31026,16/10/2024,24/10/2024,Azul Cargo,São Paulo,Araújo,5,8,40.55,Em trânsito
27823,11/10/2024,19/10/2024,Azul Cargo,Salvador,da Cunha Grande,5,8,217.0,Entregue
27439,18/08/2024,28/08/2024,Jadlog,Recife,Azevedo,8,10,199.37,Entregue
55553,08/11/2024,18/11/2024,Loggi,Recife,da Conceição Grande,8,10,250.4,Entregue
59330,11/08/2024,19/08/2024,Jadlog,Salvador,Aragão do Amparo,7,8,35.32,Entregue
50113,22/06/2024,28/06/2024,Loggi,Belo Horizonte,Lopes,6,6,86.3,Entregue
45991,15/05/2024,21/05/2024,Loggi,Recife,Caldeira das Pedras,4,6,53.25,Devolvido
19622,08/07/2024,16/07/2024,Jadlog,Curitiba,Jesus dos Dourados,6,8,81.19,Entregue
29902,06/10/2024,12/10/2024,Correios,São Paulo,Carvalho,4,6,292.4,Entregue
5947,01/06/2024,11/06/2024,Azul Cargo,São Paulo,Melo,9,10,204.21,Entregue
47736,11/10/2024,21/10/2024,Loggi,Belo Horizonte,Lima,9,10,198.53,Entregue
41027,20/09/2024,28/09/2024,Correios,Salvador,Campos de Nogueira,9,8,223.72,Entregue
67521,10/12/2024,19/12/2024,Azul Cargo,Recife,da Rosa de Lima,8,9,241.88,Entregue
10255,28/02/2024,09/03/2024,Loggi,Recife,Duarte do Campo,9,10,218.98,Entregue
51652,01/09/2024,13/09/2024,Azul Cargo,Salvador,Cardoso,9,12,134.9,Entregue
5881,18/02/2024,25/02/2024,Azul Cargo,Salvador,Caldeira,6,7,238.17,Entregue
30598,04/07/2024,05/07/2024,Jadlog,Belo Horizonte,Cunha,2,1,211.83,Entregue
60953,25/12/2024,01/01/2025,Azul Cargo,Salvador,Aragão,5,7,224.04,Entregue
26531,27/04/2024,30/04/2024,Jadlog,São Paulo,Fogaça,3,3,225.27,Entregue
46392,15/05/2024,19/05/2024,Jadlog,Belo Horizonte,Martins de Correia,5,4,223.44,Entregue
35100,05/09/2024,12/09/2024,Correios,Curitiba,Lopes da Serra,8,7,49.17,Entregue
10501,15/07/2024,20/07/2024,Correios,Recife,Teixeira,4,5,29.51,Entregue
57431,27/07/2024,03/08/2024,Azul Cargo,Salvador,Rocha do Sul,5,7,99.61,Entregue
33855,10/10/2024,22/10/2024,Correios,São Paulo,Pereira,10,12,213.31,Entregue
5014,15/02/2024,17/02/2024,Loggi,Curitiba,Barbosa da Serra,3,2,295.13,Entregue
12692,23/05/2024,01/06/2024,Correios,São Paulo,da Rosa do Norte,10,9,67.35,Entregue
47603,22/01/2024,28/01/2024,Loggi,Salvador,Almeida,3,6,217.19,Entregue
28868,26/11/2024,04/12/2024,Azul Cargo,Belo Horizonte,Rezende do Amparo,8,8,205.47,Em trânsito
3137,16/02/2024,21/02/2024,Azul Cargo,Curitiba,Campos do Norte,3,5,191.19,Entregue
1946,03/02/2024,05/02/2024,Correios,Recife,da Cunha Grande,3,2,262.97,Entregue
6914,03/06/2024,08/06/2024,Jadlog,São Paulo,Lopes,5,5,119.84,Entregue
22834,23/11/2024,01/12/2024,Loggi,Curitiba,Aragão,5,8,263.05,Entregue
67020,16/04/2024,27/04/2024,Correios,Recife,Oliveira da Serra,8,11,175.81,Entregue
65107,17/04/2024,25/04/2024,Loggi,Curitiba,Lima das Flores,9,8,40.76,Entregue
21509,11/10/2024,17/10/2024,Correios,Belo Horizonte,Cunha,5,6,257.56,Entregue
30935,09/07/2024,14/07/2024,Jadlog,Recife,Castro de da Rosa,4,5,187.62,Em trânsito
36412,03/03/2024,08/03/2024,Loggi,Recife,Cardoso,4,5,36.83,Entregue
15253,28/04/2024,04/05/2024,Azul Cargo,Curitiba,Aragão,3,6,29.63,Entregue
13610,23/08/2024,02/09/2024,Loggi,São Paulo,Farias,9,10,138.81,Entregue
41673,12/06/2024,21/06/2024,Jadlog,Salvador,da Luz,7,9,195.08,Entregue
64965,20/01/2024,25/01/2024,Jadlog,Curitiba,Farias da Mata,5,5,62.85,Entregue
62953,21/02/2024,02/03/2024,Jadlog,Belo Horizonte,Ferreira,10,10,191.69,Entregue
62852,06/10/2024,17/10/2024,Jadlog,Curitiba,Azevedo,8,11,74.49,Entregue
49110,16/09/2024,19/09/2024,Jadlog,Recife,da Rocha da Serra,2,3,297.35,Entregue
16172,18/10/2024,23/10/2024,Loggi,Curitiba,Costa de Gonçalves,6,5,99.43,Em trânsito
18470,14/01/2024,22/01/2024,Loggi,Curitiba,Santos Grande,7,8,27.75,Em trânsito
32708,26/08/2024,29/08/2024,Jadlog,Salvador,Caldeira de das Neves,3,3,80.23,Entregue
60085,05/11/2024,10/11/2024,Correios,Recife,da Rosa de Lima,4,5,285.59,Entregue
11004,23/06/2024,01/07/2024,Loggi,Curitiba,Azevedo,6,8,294.99,Entregue
10997,03/05/2024,08/05/2024,Azul Cargo,São Paulo,Lima das Flores,4,5,166.04,Entregue
35153,14/01/2024,24/01/2024,Azul Cargo,Salvador,da Luz de Peixoto,9,10,99.39,Entregue
13248,06/08/2024,16/08/2024,Correios,São Paulo,Caldeira Verde,7,10,119.57,Entregue
39154,16/01/2024,21/01/2024,Loggi,Belo Horizonte,Cardoso,5,5,17.74,Entregue
55726,22/05/2024,27/05/2024,Jadlog,Recife,Oliveira do Norte,2,5,74.85,Em trânsito
36003,05/09/2024,13/09/2024,Loggi,Belo Horizonte,da Luz,6,8,130.62,Entregue
254,14/07/2024,18/07/2024,Loggi,Belo Horizonte,Vieira,2,4,164.27,Entregue
11888,19/04/2024,28/04/2024,Loggi,Belo Horizonte,Ramos do Campo,7,9,261.73,Entregue
12091,22/06/2024,30/06/2024,Correios,Belo Horizonte,das Neves do Sul,5,8,14.07,Entregue
10603,07/01/2024,12/01/2024,Correios,São Paulo,Souza do Sul,5,5,293.49,Entregue
21478,11/09/2024,14/09/2024,Azul Cargo,São Paulo,Freitas de Moraes,4,3,276.56,Entregue
17617,17/09/2024,23/09/2024,Jadlog,Salvador,Pires do Norte,6,6,12.69,Entregue
5518,19/04/2024,30/04/2024,Loggi,Recife,Moraes de Goiás,10,11,88.12,Em trânsito
56872,17/09/2024,22/09/2024,Jadlog,São Paulo,Oliveira da Prata,3,5,85.13,Entregue
9208,05/01/2024,07/01/2024,Loggi,Curitiba,Jesus do Galho,2,2,295.84,Entregue
67150,24/07/2024,06/08/2024,Azul Cargo,Recife,Mendes das Pedras,10,13,262.01,Entregue
43412,18/03/2024,23/03/2024,Correios,Belo Horizonte,Campos do Norte,2,5,57.53,Entregue
56188,26/12/2024,06/01/2025,Loggi,Belo Horizonte,Ramos de Lima,9,11,99.17,Entregue
56610,01/04/2024,03/04/2024,Jadlog,São Paulo,Carvalho,2,2,112.96,Entregue
31393,02/06/2024,08/06/2024,Jadlog,Curitiba,Gonçalves,3,6,279.56,Entregue
34180,16/07/2024,20/07/2024,Loggi,Curitiba,da Cunha Alegre,5,4,59.71,Entregue
46400,17/05/2024,23/05/2024,Loggi,São Paulo,Sales de Fogaça,4,6,87.34,Devolvido
67922,04/03/2024,07/03/2024,Jadlog,Salvador,Aragão Verde,4,3,167.16,Entregue
45051,19/03/2024,28/03/2024,Loggi,Curitiba,Mendes das Pedras,9,9,129.59,Entregue
8915,11/11/2024,18/11/2024,Correios,Curitiba,Cardoso,7,7,257.68,Entregue
60184,16/07/2024,25/07/2024,Loggi,São Paulo,Gomes,6,9,276.58,Entregue
27858,09/12/2024,20/12/2024,Loggi,Belo Horizonte,Moura,9,11,120.25,Entregue
27906,27/03/2024,06/04/2024,Loggi,Recife,Duarte Verde,7,10,163.54,Entregue
8043,24/08/2024,29/08/2024,Azul Cargo,Salvador,Duarte,2,5,265.13,Entregue
46253,19/11/2024,23/11/2024,Azul Cargo,Belo Horizonte,Barros de Moura,3,4,216.8,Em trânsito
40348,12/10/2024,14/10/2024,Jadlog,São Paulo,da Cunha do Norte,2,2,119.45,Em trânsito
37313,10/10/2024,13/10/2024,Correios,Belo Horizonte,Azevedo do Galho,3,3,288.27,Entregue
18849,08/07/2024,13/07/2024,Loggi,Curitiba,Vieira de da Luz,5,5,20.04,Entregue
15865,04/03/2024,09/03/2024,Azul Cargo,Recife,Costela da Mata,6,5,280.7,Entregue
28828,21/10/2024,26/10/2024,Azul Cargo,Recife,Azevedo,5,5,168.68,Entregue
14385,08/09/2024,16/09/2024,Correios,Recife,Costa,7,8,271.19,Entregue
41538,25/11/2024,30/11/2024,Correios,Belo Horizonte,Barbosa,6,5,149.35,Entregue
16424,08/02/2024,15/02/2024,Loggi,Curitiba,da Rosa,4,7,22.0,Entregue
24857,24/01/2024,26/01/2024,Loggi,Belo Horizonte,Pinto,3,2,97.48,Entregue
26774,14/05/2024,17/05/2024,Correios,Salvador,Ramos,4,3,36.54,Entregue
34429,24/11/2024,28/11/2024,Jadlog,Belo Horizonte,da Paz de Almeida,2,4,113.73,Devolvido
21547,27/11/2024,01/12/2024,Jadlog,Salvador,Rezende,4,4,252.33,Entregue
34934,27/11/2024,04/12/2024,Correios,Recife,Lima,6,7,56.91,Entregue
56719,11/11/2024,18/11/2024,Jadlog,São Paulo,Rezende,7,7,226.52,Entregue
30441,08/03/2024,16/03/2024,Jadlog,São Paulo,Pinto de Goiás,7,8,190.12,Entregue
17597,05/08/2024,06/08/2024,Loggi,Belo Horizonte,Monteiro,2,1,172.65,Entregue
28422,15/01/2024,24/01/2024,Jadlog,São Paulo,Costa,7,9,48.23,Entregue
43996,02/07/2024,03/07/2024,Azul Cargo,Curitiba,da Mota da Mata,2,1,220.14,Entregue
20826,09/06/2024,17/06/2024,Loggi,Recife,da Luz,7,8,218.02,Em trânsito
62456,21/01/2024,27/01/2024,Loggi,São Paulo,da Cunha do Norte,3,6,72.96,Entregue
14772,03/07/2024,10/07/2024,Jadlog,São Paulo,Correia,5,7,294.73,Entregue
38539,13/10/2024,23/10/2024,Loggi,Belo Horizonte,Fernandes do Norte,7,10,224.71,Entregue
45888,09/02/2024,21/02/2024,Correios,Belo Horizonte,Ramos,10,12,51.35,Entregue
43094,17/09/2024,23/09/2024,Loggi,Recife,da Mota da Mata,4,6,265.51,Entregue
13448,20/09/2024,23/09/2024,Azul Cargo,Curitiba,Carvalho da Praia,3,3,200.67,Entregue
40960,25/04/2024,04/05/2024,Loggi,Salvador,Mendes,6,9,55.85,Entregue
38867,27/06/2024,09/07/2024,Jadlog,Belo Horizonte,Rocha,9,12,88.71,Entregue
7923,26/01/2024,27/01/2024,Loggi,São Paulo,da Cruz,2,1,73.74,Entregue
32235,13/12/2024,18/12/2024,Correios,Curitiba,Moura,6,5,104.86,Entregue
40792,08/05/2024,17/05/2024,Jadlog,Salvador,Pinto,6,9,297.34,Entregue
50411,20/12/2024,27/12/2024,Correios,Salvador,Correia dos Dourados,4,7,153.43,Entregue
4816,04/03/2024,08/03/2024,Jadlog,Belo Horizonte,Sales do Oeste,5,4,279.83,Devolvido
49945,11/07/2024,14/07/2024,Jadlog,São Paulo,Duarte de Minas,2,3,260.38,Entregue
50607,02/11/2024,05/11/2024,Azul Cargo,Recife,Nascimento,4,3,112.58,Entregue
48043,07/03/2024,19/03/2024,Azul Cargo,São Paulo,Fernandes do Campo,9,12,188.78,Em trânsito
43235,16/06/2024,24/06/2024,Azul Cargo,Salvador,Moraes das Flores,6,8,76.12,Entregue
9888,03/12/2024,10/12/2024,Jadlog,Belo Horizonte,Barbosa Alegre,8,7,256.22,Entregue
24202,16/08/2024,23/08/2024,Loggi,Belo Horizonte,Farias Paulista,5,7,55.82,Entregue
54935,13/11/2024,17/11/2024,Loggi,Belo Horizonte,da Cunha Grande,3,4,230.03,Entregue
35009,14/04/2024,21/04/2024,Azul Cargo,Curitiba,Souza,6,7,137.76,Entregue
5995,03/09/2024,10/09/2024,Jadlog,São Paulo,Rezende do Amparo,6,7,123.69,Entregue
33802,18/06/2024,21/06/2024,Correios,Recife,Cunha,2,3,171.79,Entregue
54242,13/01/2024,22/01/2024,Loggi,Belo Horizonte,Vieira,10,9,274.19,Entregue
27782,05/08/2024,09/08/2024,Azul Cargo,Recife,Ribeiro das Flores,2,4,264.9,Entregue
37939,25/03/2024,27/03/2024,Loggi,Salvador,da Cruz,3,2,227.9,Entregue
51643,24/08/2024,27/08/2024,Correios,Salvador,Santos,3,3,27.84,Entregue
59162,25/09/2024,02/10/2024,Correios,Belo Horizonte,Moura,8,7,121.47,Entregue
39364,05/02/2024,15/02/2024,Azul Cargo,Curitiba,Santos da Serra,7,10,107.47,Entregue
47437,18/01/2024,28/01/2024,Azul Cargo,Salvador,Barros de Cardoso,9,10,184.64,Entregue
4457,28/06/2024,06/07/2024,Azul Cargo,Recife,Rodrigues,5,8,124.52,Entregue
39468,19/09/2024,25/09/2024,Azul Cargo,Curitiba,Barbosa,6,6,216.63,Entregue
40981,04/05/2024,12/05/2024,Azul Cargo,Salvador,Farias,7,8,272.49,Entregue
58642,12/07/2024,18/07/2024,Jadlog,Curitiba,Oliveira de Teixeira,6,6,282.44,Em trânsito
42156,26/10/2024,05/11/2024,Jadlog,Belo Horizonte,Campos Paulista,9,10,247.66,Entregue
53388,12/04/2024,21/04/2024,Azul Cargo,Salvador,Melo das Pedras,9,9,160.16,Entregue
43230,05/05/2024,10/05/2024,Azul Cargo,Belo Horizonte,da Mota da Mata,2,5,254.81,Entregue
51233,11/04/2024,17/04/2024,Jadlog,Belo Horizonte,Carvalho,3,6,241.27,Entregue
53653,16/12/2024,21/12/2024,Correios,Salvador,Rocha,2,5,77.19,Entregue
43997,09/07/2024,12/07/2024,Azul Cargo,São Paulo,Cunha de Fernandes,3,3,277.41,Entregue
28041,17/12/2024,21/12/2024,Azul Cargo,Recife,Moreira de Fogaça,3,4,246.91,Entregue
14492,21/04/2024,02/05/2024,Correios,Recife,Ribeiro de Fogaça,9,11,161.56,Entregue
42119,18/08/2024,31/08/2024,Azul Cargo,São Paulo,da Mata,10,13,103.66,Entregue
38889,28/08/2024,02/09/2024,Correios,Salvador,Rodrigues do Sul,4,5,253.93,Entregue
54789,24/07/2024,04/08/2024,Loggi,Curitiba,Aragão,8,11,67.8,Entregue
36013,23/09/2024,28/09/2024,Correios,Curitiba,Gonçalves,6,5,145.81,Entregue
66928,27/02/2024,03/03/2024,Jadlog,Belo Horizonte,Ferreira de Duarte,6,5,222.87,Entregue
52353,23/07/2024,24/07/2024,Jadlog,Salvador,Barros de Moura,2,1,230.77,Entregue
32406,21/11/2024,25/11/2024,Azul Cargo,Recife,Nunes,5,4,118.43,Entregue
51852,18/10/2024,22/10/2024,Correios,Belo Horizonte,Cavalcanti da Praia,5,4,129.31,Em trânsito
29939,15/11/2024,27/11/2024,Azul Cargo,São Paulo,da Paz de Almeida,9,12,178.18,Entregue
42687,02/09/2024,05/09/2024,Loggi,Curitiba,Oliveira das Pedras,4,3,205.07,Entregue
1001,09/10/2024,16/10/2024,Azul Cargo,Recife,Castro da Praia,6,7,62.73,Entregue
8880,27/09/2024,01/10/2024,Correios,Belo Horizonte,Fernandes das Flores,3,4,48.28,Entregue
62639,26/05/2024,29/05/2024,Jadlog,Recife,das Neves,3,3,95.64,Entregue
13586,09/07/2024,18/07/2024,Correios,Salvador,Alves,8,9,32.16,Entregue
1183,20/11/2024,26/11/2024,Jadlog,Recife,da Conceição Grande,7,6,247.0,Entregue
44383,22/12/2024,01/01/2025,Loggi,Belo Horizonte,Alves,8,10,247.16,Entregue
44448,07/05/2024,16/05/2024,Loggi,São Paulo,Silva,7,9,264.41,Entregue
63202,15/04/2024,19/04/2024,Correios,Belo Horizonte,Martins dos Dourados,3,4,28.32,Entregue
24717,04/05/2024,12/05/2024,Jadlog,Recife,Santos,5,8,161.28,Entregue
32219,20/12/2024,23/12/2024,Jadlog,Curitiba,Mendes de Cardoso,2,3,28.65,Entregue
51008,03/01/2024,05/01/2024,Loggi,Recife,Rodrigues Verde,2,2,123.59,Entregue
49036,27/04/2024,05/05/2024,Azul Cargo,Salvador,Sales,8,8,206.35,Entregue
63176,04/02/2024,08/02/2024,Azul Cargo,Belo Horizonte,Monteiro dos Dourados,5,4,113.14,Entregue
64362,02/09/2024,09/09/2024,Jadlog,Curitiba,da Rocha Grande,5,7,254.28,Entregue
35480,15/03/2024,20/03/2024,Correios,Salvador,Almeida,3,5,190.85,Entregue
58127,07/02/2024,12/02/2024,Correios,Salvador,Viana,3,5,107.12,Entregue
62785,07/09/2024,13/09/2024,Correios,Curitiba,da Cruz,4,6,290.46,Entregue
21722,19/09/2024,21/09/2024,Correios,Salvador,Barbosa,3,2,218.53,Entregue
11314,04/01/2024,13/01/2024,Loggi,Salvador,da Rosa das Flores,8,9,141.35,Entregue
67147,11/07/2024,17/07/2024,Correios,Belo Horizonte,Alves do Galho,6,6,242.61,Entregue
64559,01/10/2024,12/10/2024,Correios,Salvador,da Cruz,9,11,93.46,Entregue
63806,06/03/2024,10/03/2024,Jadlog,Recife,Vieira de Gomes,2,4,150.11,Entregue
34167,24/06/2024,03/07/2024,Correios,São Paulo,Barbosa Alegre,9,9,89.66,Entregue
65063,05/03/2024,10/03/2024,Loggi,Belo Horizonte,Peixoto de Lima,5,5,155.91,Entregue
43116,07/10/2024,09/10/2024,Loggi,Curitiba,Moura,2,2,41.7,Entregue
46884,19/12/2024,25/12/2024,Jadlog,Salvador,Aragão,4,6,97.47,Devolvido
50286,10/05/2024,17/05/2024,Azul Cargo,Belo Horizonte,Martins de Correia,8,7,230.28,Entregue
39546,01/03/2024,10/03/2024,Azul Cargo,Salvador,da Costa Verde,9,9,227.53,Entregue
4658,13/06/2024,17/06/2024,Azul Cargo,Curitiba,Cardoso,3,4,204.84,Entregue
10599,27/01/2024,31/01/2024,Loggi,Salvador,Carvalho,2,4,87.7,Entregue
42836,13/04/2024,22/04/2024,Correios,Recife,Caldeira de da Mota,10,9,226.81,Entregue
25134,20/08/2024,27/08/2024,Jadlog,Recife,Moraes de Goiás,7,7,14.53,Entregue
36841,03/08/2024,05/08/2024,Jadlog,São Paulo,Cardoso,2,2,197.17,Entregue
24877,18/01/2024,25/01/2024,Loggi,Recife,Lima de Lima,7,7,128.73,Entregue
29089,06/08/2024,18/08/2024,Azul Cargo,Curitiba,Ferreira de Barbosa,9,12,206.97,Entregue
24583,03/07/2024,12/07/2024,Correios,Salvador,Campos Paulista,6,9,123.0,Entregue
32541,04/07/2024,10/07/2024,Azul Cargo,Belo Horizonte,Moreira,6,6,90.0,Entregue
67191,01/08/2024,07/08/2024,Jadlog,Curitiba,Peixoto,5,6,124.19,Entregue
12663,14/04/2024,23/04/2024,Loggi,Salvador,Ferreira de Duarte,6,9,27.98,Entregue
44143,12/11/2024,17/11/2024,Loggi,Belo Horizonte,Carvalho da Praia,2,5,56.9,Entregue
30156,13/11/2024,17/11/2024,Azul Cargo,Salvador,da Costa,3,4,147.0,Em trânsito
674,23/02/2024,29/02/2024,Correios,Belo Horizonte,Nunes do Campo,5,6,271.5,Entregue
62925,17/12/2024,26/12/2024,Loggi,São Paulo,Castro da Praia,6,9,239.11,Entregue
36384,18/01/2024,22/01/2024,Loggi,Curitiba,da Costa,2,4,96.4,Entregue
27509,23/10/2024,01/11/2024,Azul Cargo,Recife,Jesus dos Dourados,6,9,199.46,Entregue
40397,21/01/2024,31/01/2024,Loggi,Belo Horizonte,Ferreira de da Mota,9,10,251.98,Entregue
62130,14/06/2024,25/06/2024,Azul Cargo,Salvador,Castro do Galho,8,11,261.31,Entregue
7030,23/02/2024,25/02/2024,Jadlog,São Paulo,Fogaça do Galho,3,2,17.75,Entregue
67392,26/03/2024,31/03/2024,Jadlog,São Paulo,Fernandes,5,5,172.79,Entregue
27807,03/09/2024,12/09/2024,Jadlog,Curitiba,Duarte de Santos,9,9,182.53,Entregue
23636,07/07/2024,12/07/2024,Loggi,Belo Horizonte,da Cunha Grande,5,5,30.64,Entregue
21784,08/01/2024,12/01/2024,Correios,Salvador,da Rocha de da Luz,5,4,276.9,Entregue
26697,05/02/2024,10/02/2024,Azul Cargo,Belo Horizonte,da Mota,3,5,97.08,Entregue
23414,20/09/2024,29/09/2024,Jadlog,São Paulo,Sales de Fogaça,10,9,258.46,Entregue
17511,24/03/2024,05/04/2024,Azul Cargo,São Paulo,Cardoso,9,12,69.23,Entregue
39522,21/01/2024,30/01/2024,Jadlog,Belo Horizonte,Lopes,7,9,42.93,Entregue
17915,10/05/2024,22/05/2024,Correios,Salvador,Campos,10,12,22.3,Entregue
67925,23/03/2024,02/04/2024,Correios,Recife,Carvalho,8,10,69.86,Entregue
54536,16/09/2024,22/09/2024,Jadlog,Curitiba,Nogueira,7,6,274.45,Em trânsito
29951,21/11/2024,30/11/2024,Correios,Recife,Costa,7,9,68.23,Entregue
51536,22/12/2024,28/12/2024,Loggi,São Paulo,Gonçalves,6,6,165.78,Entregue
15674,04/03/2024,13/03/2024,Loggi,Curitiba,Campos do Norte,9,9,206.83,Em trânsito
26978,10/03/2024,14/03/2024,Azul Cargo,Recife,da Conceição Verde,5,4,219.15,Entregue
19127,19/06/2024,27/06/2024,Correios,Curitiba,Pires da Prata,5,8,15.93,Entregue
62156,04/08/2024,13/08/2024,Correios,Recife,Cavalcanti,10,9,200.45,Entregue
5206,23/07/2024,01/08/2024,Azul Cargo,São Paulo,Cardoso de Goiás,6,9,289.95,Entregue
14870,14/11/2024,20/11/2024,Jadlog,Belo Horizonte,da Mota de Fogaça,6,6,225.07,Entregue
7726,22/12/2024,29/12/2024,Loggi,Recife,Jesus dos Dourados,8,7,38.86,Entregue
57269,22/11/2024,01/12/2024,Jadlog,Salvador,Rodrigues de Cavalcanti,6,9,171.36,Entregue
14296,03/04/2024,14/04/2024,Jadlog,São Paulo,Mendes,10,11,207.2,Entregue
63912,26/06/2024,04/07/2024,Azul Cargo,São Paulo,Gonçalves,8,8,106.99,Entregue
27629,08/02/2024,16/02/2024,Azul Cargo,São Paulo,da Luz da Prata,9,8,129.99,Entregue
3778,28/11/2024,08/12/2024,Loggi,Salvador,Correia dos Dourados,10,10,44.68,Entregue
50528,13/07/2024,22/07/2024,Correios,Belo Horizonte,Sales do Galho,8,9,235.28,Entregue
34049,26/10/2024,03/11/2024,Jadlog,Salvador,Dias de Minas,8,8,67.26,Entregue
2142,23/09/2024,04/10/2024,Jadlog,Recife,Fernandes das Pedras,10,11,60.61,Entregue
55766,19/05/2024,27/05/2024,Loggi,Curitiba,Vieira,5,8,53.71,Entregue
579,07/07/2024,16/07/2024,Loggi,Salvador,Ferreira,6,9,64.11,Em trânsito
55920,08/09/2024,21/09/2024,Loggi,Salvador,Santos da Mata,10,13,175.28,Entregue
24949,23/03/2024,02/04/2024,Correios,Belo Horizonte,Duarte,8,10,225.35,Entregue
4752,02/12/2024,13/12/2024,Loggi,Recife,da Mota,8,11,172.11,Entregue
2991,17/03/2024,24/03/2024,Correios,Belo Horizonte,Dias,8,7,266.13,Entregue
4093,28/05/2024,08/06/2024,Correios,Curitiba,Freitas,9,11,21.1,Entregue
61553,14/10/2024,20/10/2024,Azul Cargo,Recife,Fernandes dos Dourados,5,6,263.54,Entregue
41326,28/06/2024,02/07/2024,Jadlog,São Paulo,Freitas,2,4,181.19,Entregue
15615,18/12/2024,27/12/2024,Loggi,Salvador,Lopes do Campo,8,9,233.22,Em trânsito
9074,18/06/2024,28/06/2024,Jadlog,Recife,da Luz de Peixoto,8,10,22.63,Entregue
872,04/02/2024,08/02/2024,Jadlog,Curitiba,Nascimento,4,4,125.5,Entregue
6502,03/11/2024,04/11/2024,Loggi,Belo Horizonte,Ribeiro das Flores,2,1,51.86,Entregue
49520,07/01/2024,19/01/2024,Correios,Salvador,Fernandes de Campos,10,12,222.27,Entregue
57371,11/05/2024,20/05/2024,Jadlog,Recife,Cunha de Fernandes,7,9,23.01,Entregue
54916,01/10/2024,06/10/2024,Correios,Recife,Lopes,4,5,40.38,Entregue
30760,19/01/2024,01/02/2024,Loggi,Salvador,Caldeira,10,13,141.53,Entregue
33556,18/08/2024,27/08/2024,Azul Cargo,São Paulo,das Neves,6,9,112.88,Entregue
51167,14/11/2024,22/11/2024,Azul Cargo,Curitiba,da Rocha da Serra,8,8,125.83,Entregue
53051,02/04/2024,11/04/2024,Correios,Recife,Nunes,7,9,20.17,Entregue
8226,24/06/2024,27/06/2024,Loggi,Recife,Dias do Sul,4,3,61.98,Entregue
29090,25/08/2024,28/08/2024,Loggi,Curitiba,Barbosa do Amparo,2,3,84.86,Entregue
48956,02/10/2024,11/10/2024,Jadlog,Recife,Ribeiro,8,9,125.05,Entregue
50795,06/11/2024,14/11/2024,Jadlog,Curitiba,Jesus Paulista,7,8,23.79,Entregue
26254,04/09/2024,13/09/2024,Jadlog,Curitiba,Santos da Serra,7,9,41.06,Entregue
6248,23/05/2024,01/06/2024,Azul Cargo,Curitiba,Cardoso das Flores,10,9,74.57,Entregue
36506,16/10/2024,25/10/2024,Azul Cargo,Curitiba,Ferreira de Barbosa,6,9,277.34,Entregue
42347,05/09/2024,15/09/2024,Correios,Belo Horizonte,Lopes,7,10,196.06,Em trânsito
60906,02/09/2024,07/09/2024,Correios,São Paulo,Moraes,3,5,47.87,Entregue
57833,01/06/2024,09/06/2024,Correios,Belo Horizonte,Rezende Alegre,7,8,255.9,Entregue
25954,28/03/2024,04/04/2024,Correios,São Paulo,Silva,4,7,35.14,Entregue
27647,23/02/2024,03/03/2024,Azul Cargo,Salvador,Ramos de Fernandes,6,9,21.57,Entregue
66600,26/08/2024,02/09/2024,Correios,São Paulo,da Cunha Alegre,4,7,51.94,Entregue
35723,08/09/2024,17/09/2024,Jadlog,Curitiba,Ramos,8,9,155.65,Entregue
24203,28/08/2024,30/08/2024,Correios,Recife,Alves,3,2,45.59,Em trânsito
45006,04/02/2024,10/02/2024,Azul Cargo,São Paulo,da Cunha da Praia,5,6,103.32,Entregue
40297,01/07/2024,09/07/2024,Azul Cargo,Curitiba,Alves,9,8,73.7,Entregue
18554,13/06/2024,18/06/2024,Correios,São Paulo,Ferreira,2,5,125.73,Entregue
47841,24/05/2024,01/06/2024,Correios,Salvador,da Conceição das Pedras,9,8,10.46,Entregue
7364,25/12/2024,01/01/2025,Correios,Salvador,Azevedo,5,7,51.78,Entregue
23434,19/09/2024,29/09/2024,Jadlog,Belo Horizonte,da Mata das Pedras,10,10,60.48,Em trânsito
10422,23/02/2024,03/03/2024,Correios,Curitiba,Rocha do Sul,9,9,261.34,Entregue
22582,17/05/2024,26/05/2024,Correios,Recife,da Cruz do Amparo,10,9,276.78,Entregue
45727,25/06/2024,28/06/2024,Correios,Salvador,Pires,4,3,179.04,Entregue
22828,22/11/2024,02/12/2024,Jadlog,Belo Horizonte,Gomes,7,10,190.32,Entregue
58141,14/03/2024,17/03/2024,Azul Cargo,Curitiba,Cavalcanti,3,3,96.37,Entregue
21624,03/01/2024,10/01/2024,Correios,Salvador,Fernandes do Norte,5,7,191.61,Entregue
55262,12/04/2024,25/04/2024,Correios,Salvador,Mendes,10,13,121.35,Entregue
54769,13/06/2024,21/06/2024,Correios,Salvador,Mendes,5,8,133.04,Entregue
20098,21/05/2024,26/05/2024,Jadlog,Belo Horizonte,Viana de Fogaça,2,5,278.85,Entregue
16029,12/12/2024,14/12/2024,Correios,Belo Horizonte,Caldeira dos Dourados,2,2,207.23,Entregue
66948,11/03/2024,22/03/2024,Correios,Belo Horizonte,Carvalho,9,11,253.06,Entregue
11648,27/12/2024,03/01/2025,Azul Cargo,Recife,Costela da Serra,5,7,284.75,Entregue
41394,03/07/2024,09/07/2024,Loggi,Curitiba,Barbosa Alegre,3,6,298.25,Entregue
56715,24/10/2024,26/10/2024,Azul Cargo,Salvador,Pinto,2,2,245.27,Entregue
35509,14/04/2024,22/04/2024,Loggi,Salvador,Farias do Galho,5,8,94.68,Entregue
61609,27/01/2024,02/02/2024,Loggi,Salvador,Rezende,3,6,156.26,Entregue
25960,12/03/2024,19/03/2024,Jadlog,Belo Horizonte,Rodrigues,5,7,254.78,Em trânsito
17663,09/12/2024,18/12/2024,Azul Cargo,Curitiba,Lopes,8,9,145.26,Entregue
12636,07/03/2024,16/03/2024,Loggi,Salvador,Martins de Correia,7,9,223.23,Entregue
59396,25/12/2024,29/12/2024,Correios,Recife,da Luz,2,4,270.69,Entregue
64333,23/08/2024,26/08/2024,Loggi,Recife,Freitas,4,3,105.31,Entregue
63171,10/02/2024,19/02/2024,Correios,Curitiba,Ribeiro,9,9,37.84,Entregue
13738,26/05/2024,28/05/2024,Azul Cargo,Belo Horizonte,Porto,3,2,253.39,Entregue
9054,14/06/2024,19/06/2024,Loggi,Belo Horizonte,da Paz de Almeida,3,5,274.28,Entregue
54862,14/09/2024,27/09/2024,Correios,Recife,Cardoso de da Mota,10,13,204.6,Entregue
61102,07/08/2024,19/08/2024,Azul Cargo,Salvador,Nunes do Oeste,9,12,199.12,Devolvido
66957,15/03/2024,25/03/2024,Correios,Salvador,Santos Grande,7,10,145.91,Entregue
12809,10/09/2024,13/09/2024,Correios,Curitiba,Santos,4,3,103.42,Entregue
12631,23/03/2024,04/04/2024,Azul Cargo,Recife,Moraes,9,12,95.07,Em trânsito
15158,26/02/2024,29/02/2024,Jadlog,Curitiba,Viana,2,3,54.74,Entregue
47534,13/08/2024,20/08/2024,Azul Cargo,Salvador,Campos do Norte,4,7,11.95,Entregue
31828,25/02/2024,05/03/2024,Azul Cargo,Salvador,Martins de Correia,9,9,200.25,Entregue
21777,18/01/2024,27/01/2024,Jadlog,Curitiba,Pinto de Pinto,9,9,203.82,Entregue
13499,21/01/2024,27/01/2024,Loggi,Salvador,Ramos de Nogueira,7,6,75.05,Entregue
3029,08/05/2024,13/05/2024,Correios,Recife,da Conceição,4,5,279.16,Entregue
35953,09/06/2024,14/06/2024,Loggi,Salvador,Castro de da Rosa,2,5,23.67,Entregue
26177,28/05/2024,06/06/2024,Correios,Curitiba,Duarte,8,9,244.17,Entregue
29398,24/03/2024,29/03/2024,Loggi,Curitiba,Fogaça,6,5,287.33,Entregue
2010,15/04/2024,20/04/2024,Jadlog,Curitiba,Moura,2,5,225.78,Entregue
15042,22/09/2024,03/10/2024,Loggi,Belo Horizonte,Rezende das Flores,8,11,166.17,Entregue
26159,24/04/2024,03/05/2024,Loggi,Belo Horizonte,da Cruz,8,9,74.41,Entregue
53771,05/07/2024,12/07/2024,Correios,Curitiba,Almeida,6,7,75.78,Em trânsito
23074,06/01/2024,10/01/2024,Azul Cargo,São Paulo,Almeida,5,4,207.01,Entregue
10853,15/02/2024,24/02/2024,Correios,Salvador,da Rocha,7,9,56.6,Entregue
25671,02/10/2024,05/10/2024,Loggi,Belo Horizonte,Ribeiro de Goiás,3,3,129.72,Entregue
47175,04/08/2024,15/08/2024,Loggi,Curitiba,Sales de Nunes,10,11,285.43,Entregue
31660,10/08/2024,17/08/2024,Jadlog,Curitiba,Ferreira,7,7,10.78,Entregue
38722,25/10/2024,03/11/2024,Azul Cargo,Curitiba,da Luz da Prata,9,9,113.29,Entregue
47091,11/02/2024,21/02/2024,Azul Cargo,Salvador,Sales Paulista,7,10,37.81,Em trânsito
1122,25/07/2024,06/08/2024,Jadlog,Curitiba,Ferreira de Duarte,10,12,126.2,Em trânsito
50345,28/09/2024,04/10/2024,Loggi,Salvador,Correia do Oeste,3,6,201.48,Entregue
63238,11/06/2024,20/06/2024,Correios,Recife,Moreira,8,9,191.97,Entregue
27923,15/04/2024,20/04/2024,Correios,Salvador,Monteiro de Minas,3,5,236.61,Entregue
63666,23/11/2024,25/11/2024,Azul Cargo,Recife,da Conceição,2,2,124.3,Entregue
57672,08/08/2024,11/08/2024,Loggi,Recife,Cardoso,2,3,179.25,Entregue
65300,20/08/2024,25/08/2024,Correios,Belo Horizonte,Dias do Oeste,6,5,282.64,Entregue
58613,19/05/2024,22/05/2024,Loggi,Curitiba,Pereira do Galho,3,3,207.06,Entregue
50306,16/06/2024,17/06/2024,Correios,São Paulo,Ribeiro das Flores,2,1,137.3,Em trânsito
62880,22/11/2024,26/11/2024,Jadlog,Curitiba,Monteiro,4,4,208.19,Em trânsito
55723,01/04/2024,04/04/2024,Jadlog,Recife,Barros de Novaes,2,3,98.45,Entregue
6861,05/03/2024,08/03/2024,Jadlog,Recife,Silveira de da Mota,2,3,137.55,Entregue
52723,10/06/2024,17/06/2024,Azul Cargo,Belo Horizonte,Teixeira,8,7,75.33,Entregue
54739,18/05/2024,24/05/2024,Correios,Salvador,da Costa Verde,5,6,30.41,Entregue
14882,03/11/2024,12/11/2024,Jadlog,Salvador,da Luz,7,9,93.39,Entregue
1310,19/03/2024,25/03/2024,Loggi,São Paulo,Pinto da Praia,7,6,138.95,Entregue
6433,10/10/2024,15/10/2024,Jadlog,Recife,Ferreira,2,5,14.33,Entregue
62267,08/03/2024,10/03/2024,Loggi,São Paulo,Nogueira,3,2,291.13,Entregue
32546,13/08/2024,22/08/2024,Correios,Curitiba,Pinto,9,9,270.69,Entregue
53514,28/01/2024,02/02/2024,Azul Cargo,Curitiba,Gonçalves de Goiás,2,5,41.56,Entregue
63200,14/04/2024,21/04/2024,Loggi,São Paulo,Farias,5,7,272.69,Entregue
46881,04/12/2024,06/12/2024,Loggi,Curitiba,Ferreira de Duarte,3,2,92.08,Entregue
46286,04/12/2024,12/12/2024,Loggi,Recife,Novaes de Almeida,9,8,291.27,Entregue
61640,21/03/2024,01/04/2024,Correios,São Paulo,Lopes,10,11,118.04,Entregue
61005,23/03/2024,01/04/2024,Loggi,São Paulo,da Rocha,9,9,116.67,Entregue
65590,04/04/2024,07/04/2024,Loggi,Curitiba,Carvalho,4,3,172.57,Entregue
31142,14/03/2024,21/03/2024,Jadlog,Curitiba,Oliveira da Serra,4,7,60.79,Entregue
31755,10/01/2024,13/01/2024,Jadlog,Salvador,Ramos,4,3,55.04,Entregue
24671,24/01/2024,31/01/2024,Loggi,Curitiba,Rezende de Rezende,4,7,156.68,Entregue
5116,06/04/2024,12/04/2024,Jadlog,Curitiba,Fogaça do Galho,3,6,256.18,Entregue
62286,02/05/2024,08/05/2024,Azul Cargo,Salvador,Castro da Praia,5,6,254.97,Em trânsito
10503,17/07/2024,26/07/2024,Jadlog,Salvador,Jesus do Galho,7,9,16.68,Entregue
23007,07/10/2024,13/10/2024,Jadlog,Recife,Pires,3,6,81.77,Entregue
19116,01/05/2024,04/05/2024,Loggi,Belo Horizonte,Carvalho,3,3,139.29,Entregue
35716,16/09/2024,23/09/2024,Azul Cargo,Belo Horizonte,da Costa Verde,5,7,75.18,Entregue
66170,09/06/2024,16/06/2024,Loggi,Belo Horizonte,Monteiro,4,7,47.89,Entregue
30665,15/10/2024,23/10/2024,Loggi,Recife,da Luz de Novaes,7,8,265.03,Entregue
41211,16/03/2024,19/03/2024,Correios,Salvador,Caldeira das Pedras,4,3,177.58,Entregue
58320,17/04/2024,19/04/2024,Jadlog,Curitiba,Ribeiro de Fogaça,2,2,118.04,Entregue
41226,13/04/2024,19/04/2024,Correios,Curitiba,Rodrigues do Sul,5,6,286.06,Entregue
52338,04/06/2024,08/06/2024,Azul Cargo,Belo Horizonte,Ribeiro de Fogaça,3,4,205.72,Entregue
31921,19/05/2024,01/06/2024,Azul Cargo,Curitiba,Moura do Campo,10,13,200.81,Entregue
24653,12/12/2024,21/12/2024,Jadlog,São Paulo,Costa de Gonçalves,8,9,203.25,Entregue
49479,08/09/2024,15/09/2024,Correios,Salvador,da Mata,6,7,214.79,Entregue
972,02/08/2024,08/08/2024,Jadlog,São Paulo,Mendes,4,6,64.31,Entregue
3243,12/09/2024,24/09/2024,Azul Cargo,Recife,Moura,10,12,24.86,Entregue
52044,03/09/2024,04/09/2024,Jadlog,Curitiba,Melo do Oeste,2,1,217.8,Entregue
61457,28/03/2024,02/04/2024,Loggi,São Paulo,Silva,2,5,256.96,Entregue
43471,15/05/2024,23/05/2024,Loggi,Recife,Rezende do Sul,9,8,26.77,Entregue
32645,26/03/2024,03/04/2024,Loggi,Curitiba,da Cunha Alegre,9,8,297.57,Entregue
22544,25/03/2024,05/04/2024,Loggi,Curitiba,Souza,10,11,37.59,Entregue
48131,16/05/2024,26/05/2024,Correios,Recife,Santos de Costela,8,10,68.23,Entregue
46671,09/09/2024,15/09/2024,Correios,São Paulo,Cardoso,7,6,270.92,Entregue
51904,08/01/2024,11/01/2024,Azul Cargo,Recife,Rodrigues,2,3,212.39,Entregue
33344,09/01/2024,18/01/2024,Jadlog,Curitiba,da Luz de Moura,7,9,289.17,Em trânsito
54851,16/08/2024,24/08/2024,Azul Cargo,Belo Horizonte,Campos,5,8,273.94,Entregue
37003,15/05/2024,25/05/2024,Loggi,Belo Horizonte,Barbosa,7,10,50.25,Entregue
21230,21/04/2024,28/04/2024,Correios,Salvador,da Cruz,8,7,210.85,Entregue
54183,27/09/2024,05/10/2024,Loggi,Recife,da Rocha das Flores,6,8,246.75,Entregue
46593,10/05/2024,19/05/2024,Correios,Recife,Barros,8,9,87.26,Entregue
56738,14/12/2024,18/12/2024,Correios,São Paulo,da Rocha Paulista,3,4,190.96,Entregue
18929,10/09/2024,16/09/2024,Correios,São Paulo,da Costa,5,6,106.59,Entregue
31135,08/02/2024,19/02/2024,Loggi,São Paulo,Azevedo,8,11,247.96,Entregue
55243,12/03/2024,24/03/2024,Correios,Recife,da Cruz do Amparo,9,12,16.71,Entregue
30459,05/03/2024,07/03/2024,Correios,Salvador,Lima,3,2,86.79,Entregue
6995,25/12/2024,02/01/2025,Loggi,Curitiba,Vieira de Gomes,9,8,35.59,Entregue
55642,22/02/2024,28/02/2024,Azul Cargo,Recife,Campos,5,6,143.43,Entregue
32449,20/02/2024,24/02/2024,Loggi,Recife,Oliveira do Galho,2,4,127.21,Entregue
42182,15/12/2024,21/12/2024,Correios,Salvador,Duarte de Monteiro,7,6,114.3,Entregue
6466,09/10/2024,21/10/2024,Azul Cargo,Salvador,Barros,10,12,108.46,Entregue
24852,23/01/2024,31/01/2024,Correios,Belo Horizonte,Cunha,9,8,172.13,Entregue
33339,27/01/2024,30/01/2024,Loggi,Curitiba,da Cruz,2,3,125.46,Entregue
2542,09/09/2024,19/09/2024,Loggi,Curitiba,Vieira,10,10,138.53,Entregue
46569,11/03/2024,19/03/2024,Jadlog,Recife,Ribeiro,6,8,58.15,Entregue
14819,21/09/2024,03/10/2024,Correios,Salvador,Lopes,9,12,49.76,Entregue
22295,10/09/2024,14/09/2024,Azul Cargo,São Paulo,Azevedo,5,4,227.77,Em trânsito
51573,14/03/2024,15/03/2024,Loggi,São Paulo,Farias,2,1,28.03,Entregue
61199,21/12/2024,27/12/2024,Azul Cargo,Belo Horizonte,Cardoso de Goiás,4,6,115.15,Entregue
20323,05/11/2024,11/11/2024,Correios,Curitiba,da Rocha de da Luz,6,6,183.94,Entregue
47107,05/03/2024,11/03/2024,Jadlog,Recife,Rodrigues,5,6,290.11,Em trânsito
27090,08/11/2024,15/11/2024,Jadlog,Salvador,Jesus,4,7,125.41,Entregue
20236,10/09/2024,19/09/2024,Loggi,Recife,Barros de Moura,7,9,21.91,Entregue
33732,06/01/2024,15/01/2024,Jadlog,Salvador,Sales de Nunes,6,9,70.55,Entregue
3009,27/04/2024,07/05/2024,Loggi,São Paulo,Azevedo da Serra,9,10,168.53,Entregue
53114,18/09/2024,28/09/2024,Azul Cargo,São Paulo,Monteiro dos Dourados,8,10,288.55,Entregue
25161,21/08/2024,27/08/2024,Loggi,Curitiba,Freitas de Lima,6,6,137.5,Entregue
8743,13/01/2024,15/01/2024,Azul Cargo,Curitiba,Teixeira,3,2,193.85,Entregue
39408,23/05/2024,27/05/2024,Loggi,Recife,Araújo,2,4,100.23,Entregue
36784,07/05/2024,20/05/2024,Loggi,Recife,Castro de Goiás,10,13,16.27,Entregue
7628,28/06/2024,01/07/2024,Correios,Recife,Fernandes de Santos,2,3,179.78,Entregue
61262,21/04/2024,26/04/2024,Correios,Recife,Campos,2,5,299.82,Entregue
23975,28/06/2024,09/07/2024,Azul Cargo,Curitiba,Farias,10,11,267.86,Entregue
8232,18/06/2024,19/06/2024,Correios,Recife,Silva,2,1,77.45,Entregue
38717,08/09/2024,19/09/2024,Loggi,Salvador,Castro de Monteiro,10,11,100.52,Entregue
14616,21/11/2024,28/11/2024,Loggi,Curitiba,da Luz,6,7,97.12,Devolvido
11659,16/01/2024,25/01/2024,Loggi,Recife,Rezende das Flores,10,9,200.83,Entregue
32673,18/05/2024,23/05/2024,Correios,Belo Horizonte,Oliveira,5,5,149.95,Entregue
8782,20/03/2024,27/03/2024,Azul Cargo,Curitiba,Costa Alegre,4,7,78.54,Entregue
62165,20/09/2024,28/09/2024,Jadlog,Recife,Nogueira do Campo,8,8,134.67,Entregue
50488,07/04/2024,14/04/2024,Azul Cargo,Curitiba,Carvalho da Praia,7,7,261.86,Entregue
66566,19/06/2024,28/06/2024,Azul Cargo,São Paulo,Barbosa do Amparo,10,9,102.76,Entregue
51749,07/03/2024,10/03/2024,Correios,Belo Horizonte,Almeida dos Dourados,4,3,74.75,Entregue
7679,15/09/2024,16/09/2024,Jadlog,Salvador,da Mata do Oeste,2,1,221.23,Em trânsito
46208,05/10/2024,08/10/2024,Correios,São Paulo,Correia dos Dourados,2,3,13.6,Entregue
23624,21/05/2024,29/05/2024,Azul Cargo,Recife,das Neves,7,8,206.66,Entregue
47379,03/10/2024,09/10/2024,Correios,São Paulo,Cardoso,3,6,268.51,Entregue
29393,14/03/2024,22/03/2024,Azul Cargo,Belo Horizonte,das Neves,6,8,111.21,Entregue
34645,21/01/2024,29/01/2024,Azul Cargo,São Paulo,da Rosa,9,8,123.57,Entregue
66355,11/10/2024,17/10/2024,Jadlog,Salvador,Barros de Cardoso,5,6,117.19,Entregue
57174,01/05/2024,05/05/2024,Jadlog,Curitiba,da Rosa das Flores,2,4,167.69,Devolvido
19500,13/12/2024,17/12/2024,Jadlog,São Paulo,da Conceição,4,4,225.55,Entregue
56012,19/12/2024,25/12/2024,Azul Cargo,Curitiba,Silveira Grande,7,6,248.38,Entregue
65652,15/05/2024,19/05/2024,Correios,Salvador,Barbosa do Amparo,2,4,178.12,Entregue
58843,22/01/2024,29/01/2024,Azul Cargo,São Paulo,Farias,8,7,210.71,Entregue
25250,11/10/2024,17/10/2024,Correios,Curitiba,da Luz,3,6,90.5,Entregue
48084,25/04/2024,28/04/2024,Azul Cargo,São Paulo,Moraes,2,3,22.7,Entregue
19910,05/01/2024,09/01/2024,Loggi,Recife,Correia de Pereira,3,4,161.1,Entregue
60126,22/03/2024,31/03/2024,Jadlog,São Paulo,das Neves do Oeste,7,9,293.07,Entregue
26787,15/05/2024,17/05/2024,Azul Cargo,Salvador,Farias,2,2,26.36,Entregue
6925,24/07/2024,01/08/2024,Azul Cargo,Belo Horizonte,da Paz Verde,8,8,51.05,Entregue
1181,18/11/2024,19/11/2024,Jadlog,Curitiba,da Luz,2,1,198.81,Entregue
45070,16/03/2024,19/03/2024,Azul Cargo,Curitiba,Peixoto,4,3,185.67,Em trânsito
34889,23/07/2024,03/08/2024,Correios,São Paulo,Barros,9,11,179.62,Em trânsito
58513,20/03/2024,28/03/2024,Jadlog,Belo Horizonte,Fogaça da Serra,6,8,253.2,Devolvido
21297,02/05/2024,10/05/2024,Azul Cargo,Belo Horizonte,da Luz da Mata,5,8,253.75,Entregue
37929,07/02/2024,15/02/2024,Azul Cargo,Curitiba,Mendes,6,8,107.25,Entregue
28803,04/10/2024,11/10/2024,Loggi,Salvador,Alves,7,7,189.49,Entregue
31328,09/03/2024,14/03/2024,Jadlog,Belo Horizonte,Pinto de Gomes,2,5,28.0,Em trânsito
56711,21/10/2024,27/10/2024,Jadlog,São Paulo,Pinto de Goiás,6,6,36.58,Entregue
43476,28/05/2024,01/06/2024,Azul Cargo,Curitiba,Peixoto de Lima,5,4,25.28,Entregue
44709,17/10/2024,27/10/2024,Correios,Curitiba,Duarte,8,10,47.66,Entregue
57306,18/01/2024,28/01/2024,Loggi,Salvador,Dias do Campo,10,10,65.56,Entregue
20042,26/04/2024,02/05/2024,Correios,Belo Horizonte,Lopes do Campo,3,6,173.38,Entregue
22778,17/08/2024,22/08/2024,Jadlog,Salvador,da Conceição,4,5,272.55,Entregue
19697,21/12/2024,23/12/2024,Azul Cargo,Salvador,Cardoso de da Conceição,2,2,272.55,Entregue
24678,06/02/2024,11/02/2024,Jadlog,São Paulo,Farias,5,5,168.44,Entregue
1291,21/02/2024,02/03/2024,Correios,Belo Horizonte,da Costa Grande,9,10,256.27,Entregue
56645,11/06/2024,18/06/2024,Azul Cargo,Curitiba,Jesus dos Dourados,7,7,113.28,Devolvido
6269,13/06/2024,23/06/2024,Azul Cargo,Curitiba,Nogueira,9,10,139.13,Entregue
61236,16/02/2024,25/02/2024,Azul Cargo,Recife,Mendes,8,9,147.86,Entregue
17378,17/06/2024,22/06/2024,Azul Cargo,Curitiba,Barros,5,5,139.89,Entregue
39260,22/08/2024,26/08/2024,Loggi,Salvador,Cardoso,2,4,125.73,Entregue
17818,16/10/2024,22/10/2024,Loggi,Recife,Carvalho Grande,4,6,162.19,Entregue
47544,06/09/2024,16/09/2024,Correios,Salvador,Vieira de Goiás,7,10,58.07,Entregue
16378,21/11/2024,01/12/2024,Loggi,Belo Horizonte,da Mota da Praia,9,10,109.61,Entregue
18796,06/05/2024,14/05/2024,Loggi,Curitiba,das Neves de Minas,7,8,66.05,Entregue
458,14/12/2024,19/12/2024,Azul Cargo,Belo Horizonte,da Costa das Pedras,6,5,178.68,Entregue
46559,16/03/2024,29/03/2024,Jadlog,Salvador,da Mata da Mata,10,13,133.94,Entregue
53254,06/06/2024,17/06/2024,Loggi,Salvador,Lopes,9,11,198.06,Entregue
5928,22/05/2024,02/06/2024,Azul Cargo,Belo Horizonte,Peixoto do Norte,9,11,23.94,Entregue
29705,20/05/2024,30/05/2024,Loggi,Recife,Azevedo,9,10,85.47,Devolvido
3708,13/08/2024,25/08/2024,Azul Cargo,Salvador,Carvalho,10,12,243.68,Entregue
28996,22/04/2024,24/04/2024,Azul Cargo,Belo Horizonte,Moreira do Norte,3,2,143.45,Entregue
6017,20/10/2024,30/10/2024,Loggi,Curitiba,Farias,8,10,210.94,Entregue
36609,20/05/2024,31/05/2024,Jadlog,Belo Horizonte,Melo do Sul,9,11,186.23,Entregue
28285,13/05/2024,21/05/2024,Azul Cargo,Belo Horizonte,Nogueira Paulista,7,8,218.53,Entregue
33138,16/11/2024,27/11/2024,Loggi,Recife,Castro de Monteiro,9,11,122.9,Entregue
34782,02/11/2024,14/11/2024,Correios,São Paulo,da Rocha,9,12,92.79,Entregue
49312,01/10/2024,04/10/2024,Loggi,São Paulo,Costa,4,3,278.05,Entregue
38841,24/05/2024,29/05/2024,Jadlog,Belo Horizonte,Barbosa,6,5,291.09,Entregue
47874,04/07/2024,14/07/2024,Jadlog,Salvador,Monteiro,10,10,38.46,Entregue
27733,06/06/2024,17/06/2024,Correios,Recife,Correia de Pereira,8,11,96.28,Entregue
67966,27/06/2024,03/07/2024,Jadlog,Belo Horizonte,Sales Paulista,7,6,119.82,Entregue
62927,17/12/2024,22/12/2024,Azul Cargo,Salvador,Pereira de Costela,3,5,35.8,Entregue
24572,15/06/2024,18/06/2024,Correios,Salvador,Aragão,4,3,114.85,Entregue
27469,19/09/2024,25/09/2024,Loggi,Belo Horizonte,Cardoso,4,6,26.73,Entregue
46756,08/04/2024,16/04/2024,Loggi,Curitiba,Cavalcanti das Pedras,5,8,23.24,Entregue
19401,18/08/2024,31/08/2024,Loggi,Salvador,Alves,10,13,11.68,Entregue
63840,17/04/2024,25/04/2024,Azul Cargo,Salvador,Melo,7,8,265.63,Entregue
37136,21/11/2024,30/11/2024,Azul Cargo,Curitiba,Moraes,8,9,245.0,Entregue
14105,25/03/2024,30/03/2024,Azul Cargo,Salvador,Nogueira de Souza,5,5,264.14,Em trânsito
13944,18/06/2024,20/06/2024,Jadlog,Belo Horizonte,Santos,3,2,162.68,Entregue
25234,24/10/2024,31/10/2024,Loggi,Belo Horizonte,Lima,6,7,289.81,Em trânsito
15385,28/06/2024,03/07/2024,Loggi,Recife,da Mata das Pedras,4,5,292.24,Entregue
6805,13/12/2024,24/12/2024,Loggi,Belo Horizonte,Barros de Moura,9,11,245.08,Entregue
49767,14/07/2024,25/07/2024,Azul Cargo,São Paulo,Barros da Prata,10,11,194.62,Entregue
32724,18/09/2024,26/09/2024,Correios,São Paulo,Farias,7,8,82.19,Entregue
49217,06/04/2024,11/04/2024,Azul Cargo,Belo Horizonte,Nunes do Campo,6,5,12.87,Entregue
6758,27/10/2024,04/11/2024,Jadlog,Recife,Lima de Lima,7,8,74.49,Entregue
37264,23/07/2024,26/07/2024,Azul Cargo,Salvador,da Mata,4,3,155.27,Entregue
65933,27/12/2024,03/01/2025,Jadlog,Belo Horizonte,da Rosa,6,7,27.12,Entregue
1331,26/03/2024,01/04/2024,Loggi,Salvador,Barros,6,6,261.39,Entregue
25459,23/04/2024,27/04/2024,Correios,São Paulo,Novaes,3,4,288.46,Entregue
67021,09/04/2024,19/04/2024,Correios,Belo Horizonte,Carvalho Grande,9,10,123.48,Entregue
33995,10/07/2024,23/07/2024,Loggi,Curitiba,Pereira,10,13,192.21,Entregue
17833,26/11/2024,06/12/2024,Azul Cargo,Curitiba,Jesus,7,10,156.67,Entregue
44487,06/08/2024,14/08/2024,Jadlog,Belo Horizonte,Pinto de Goiás,7,8,117.61,Entregue
31806,08/02/2024,10/02/2024,Azul Cargo,São Paulo,Rezende,2,2,172.14,Entregue
59463,10/05/2024,20/05/2024,Loggi,Salvador,Lima,10,10,105.91,Entregue
34796,27/12/2024,05/01/2025,Correios,Salvador,da Mota do Amparo,7,9,289.88,Entregue
25814,23/06/2024,02/07/2024,Azul Cargo,Salvador,da Rosa,6,9,51.12,Entregue
24076,06/12/2024,17/12/2024,Loggi,Belo Horizonte,Cavalcanti,9,11,142.22,Em trânsito
36462,04/07/2024,06/07/2024,Jadlog,Belo Horizonte,Nascimento da Prata,2,2,204.81,Entregue
66415,13/11/2024,16/11/2024,Jadlog,Salvador,Oliveira do Amparo,4,3,117.9,Entregue
3733,04/09/2024,13/09/2024,Loggi,Salvador,da Cruz,7,9,42.28,Entregue
1902,24/11/2024,05/12/2024,Loggi,Belo Horizonte,Fernandes das Pedras,8,11,160.81,Em trânsito
31979,08/06/2024,16/06/2024,Correios,Belo Horizonte,Sales,5,8,237.76,Entregue
54110,20/05/2024,30/05/2024,Jadlog,Curitiba,Fernandes,10,10,202.2,Entregue
45069,17/03/2024,24/03/2024,Azul Cargo,Salvador,Souza do Sul,8,7,124.58,Entregue
34613,09/10/2024,11/10/2024,Jadlog,Salvador,Jesus Paulista,2,2,12.08,Entregue
31894,07/04/2024,10/04/2024,Azul Cargo,Salvador,Ferreira de Duarte,4,3,143.73,Entregue
27511,10/10/2024,18/10/2024,Jadlog,Recife,Campos do Norte,5,8,16.78,Entregue
35073,15/08/2024,20/08/2024,Correios,São Paulo,Caldeira de das Neves,5,5,28.57,Entregue
65087,09/03/2024,17/03/2024,Jadlog,Salvador,Melo,8,8,262.09,Entregue
5071,03/03/2024,12/03/2024,Loggi,Recife,Pires,6,9,279.12,Entregue
43939,20/06/2024,25/06/2024,Loggi,Salvador,Ferreira de Duarte,4,5,177.66,Entregue
11715,10/05/2024,14/05/2024,Jadlog,São Paulo,Jesus de Freitas,3,4,165.25,Em trânsito
60838,15/04/2024,17/04/2024,Jadlog,Curitiba,Barbosa Alegre,3,2,108.94,Entregue
62898,24/11/2024,04/12/2024,Correios,Curitiba,Pinto de Peixoto,9,10,209.46,Entregue
55561,05/11/2024,14/11/2024,Correios,Recife,da Costa,7,9,139.56,Entregue
39262,18/08/2024,25/08/2024,Jadlog,São Paulo,Caldeira,7,7,183.39,Entregue
23365,03/08/2024,11/08/2024,Jadlog,São Paulo,Martins de Minas,6,8,120.42,Entregue
24629,20/11/2024,26/11/2024,Correios,Curitiba,Rocha,6,6,132.99,Entregue
28797,02/10/2024,10/10/2024,Azul Cargo,Salvador,Cardoso,6,8,127.37,Em trânsito
9198,15/01/2024,24/01/2024,Azul Cargo,Salvador,Costela da Serra,10,9,246.41,Entregue
55938,16/10/2024,20/10/2024,Azul Cargo,Curitiba,da Cruz do Amparo,2,4,72.17,Em trânsito
25530,10/07/2024,13/07/2024,Loggi,Recife,Barbosa do Oeste,3,3,34.48,Entregue
15680,06/03/2024,14/03/2024,Azul Cargo,São Paulo,Vieira de Gomes,6,8,17.21,Entregue
17639,06/10/2024,10/10/2024,Correios,São Paulo,Ribeiro,2,4,138.87,Devolvido
7259,08/04/2024,10/04/2024,Correios,Recife,Rodrigues Verde,2,2,88.85,Entregue
63036,28/07/2024,30/07/2024,Azul Cargo,Curitiba,da Cunha,3,2,135.1,Entregue
55794,11/06/2024,22/06/2024,Azul Cargo,São Paulo,Jesus,10,11,75.21,Entregue
46915,05/03/2024,13/03/2024,Azul Cargo,Salvador,Correia dos Dourados,6,8,275.88,Entregue
64358,15/09/2024,19/09/2024,Jadlog,Salvador,Souza,3,4,122.95,Entregue
8493,02/09/2024,04/09/2024,Correios,Salvador,Pinto de Minas,3,2,76.43,Entregue
43918,10/06/2024,17/06/2024,Loggi,Recife,Melo,5,7,194.02,Entregue
18390,02/08/2024,05/08/2024,Jadlog,São Paulo,Aragão de Cardoso,3,3,98.13,Entregue
38185,12/04/2024,18/04/2024,Azul Cargo,Recife,Pinto da Praia,5,6,19.5,Entregue
16095,24/04/2024,04/05/2024,Azul Cargo,Curitiba,Jesus Paulista,10,10,89.9,Entregue
51580,24/03/2024,27/03/2024,Loggi,São Paulo,Aragão,2,3,153.33,Entregue
50296,03/05/2024,05/05/2024,Jadlog,Salvador,Souza,3,2,81.24,Entregue
14170,17/07/2024,26/07/2024,Loggi,Recife,Pires,6,9,243.68,Entregue
37524,12/10/2024,15/10/2024,Jadlog,Curitiba,da Mata das Pedras,3,3,59.81,Entregue
52122,17/02/2024,25/02/2024,Azul Cargo,Belo Horizonte,Oliveira da Prata,5,8,231.25,Entregue
57007,17/06/2024,26/06/2024,Loggi,São Paulo,da Conceição Grande,7,9,57.37,Entregue
7983,14/05/2024,24/05/2024,Jadlog,São Paulo,da Cunha da Praia,7,10,182.58,Entregue
10948,28/04/2024,09/05/2024,Jadlog,Recife,da Mata das Pedras,9,11,282.16,Entregue
35653,03/07/2024,12/07/2024,Loggi,Curitiba,Martins de Minas,10,9,227.83,Entregue
60276,19/12/2024,28/12/2024,Correios,São Paulo,Cardoso de da Conceição,10,9,68.67,Entregue
29051,18/06/2024,25/06/2024,Jadlog,Recife,Silva do Oeste,6,7,50.05,Entregue
39432,10/07/2024,18/07/2024,Jadlog,Salvador,Martins dos Dourados,5,8,158.8,Entregue
65241,01/07/2024,14/07/2024,Loggi,São Paulo,Costa,10,13,149.09,Entregue
61117,11/09/2024,17/09/2024,Loggi,Curitiba,Alves,5,6,166.97,Entregue
15881,22/04/2024,01/05/2024,Loggi,Curitiba,da Mota,6,9,71.76,Entregue
51078,21/05/2024,28/05/2024,Jadlog,Belo Horizonte,Monteiro da Praia,8,7,222.1,Entregue
631,23/11/2024,25/11/2024,Azul Cargo,Belo Horizonte,Farias,3,2,276.12,Entregue
9170,23/11/2024,04/12/2024,Jadlog,Belo Horizonte,Azevedo,8,11,179.33,Entregue
59432,16/03/2024,26/03/2024,Loggi,Recife,Costela de Rezende,10,10,82.73,Em trânsito
11779,24/09/2024,05/10/2024,Loggi,Salvador,da Luz Grande,9,11,12.77,Entregue
14099,11/03/2024,14/03/2024,Loggi,São Paulo,Mendes,4,3,235.89,Entregue
48918,13/08/2024,20/08/2024,Loggi,Curitiba,Campos do Norte,4,7,209.34,Entregue
60928,25/10/2024,30/10/2024,Loggi,Recife,Moreira de Araújo,4,5,70.25,Em trânsito
5741,18/04/2024,24/04/2024,Correios,Salvador,Vieira,3,6,193.24,Entregue
57068,09/10/2024,21/10/2024,Azul Cargo,Belo Horizonte,Novaes,9,12,13.53,Entregue
60256,18/11/2024,25/11/2024,Jadlog,Belo Horizonte,Freitas,6,7,262.94,Entregue
58250,15/11/2024,19/11/2024,Azul Cargo,Belo Horizonte,Monteiro,4,4,255.91,Entregue
2751,14/12/2024,25/12/2024,Loggi,Belo Horizonte,Rezende,8,11,171.48,Entregue
46721,17/01/2024,21/01/2024,Loggi,Belo Horizonte,Ribeiro,4,4,10.29,Entregue
36845,09/08/2024,10/08/2024,Correios,Curitiba,da Mota de Fogaça,2,1,281.97,Entregue
899,12/03/2024,17/03/2024,Azul Cargo,Belo Horizonte,Almeida,5,5,12.24,Entregue
46872,03/11/2024,11/11/2024,Jadlog,Curitiba,Barros,9,8,153.37,Entregue
30638,21/09/2024,02/10/2024,Azul Cargo,Curitiba,Ramos,9,11,216.82,Em trânsito
53567,21/05/2024,29/05/2024,Jadlog,Recife,Azevedo do Galho,9,8,122.38,Entregue
44657,23/06/2024,01/07/2024,Loggi,Salvador,Costa Alegre,8,8,132.26,Entregue
11822,26/12/2024,01/01/2025,Azul Cargo,Salvador,Rodrigues Verde,6,6,99.79,Entregue
52046,04/09/2024,17/09/2024,Jadlog,São Paulo,Cavalcanti Alegre,10,13,120.77,Entregue
56281,14/06/2024,24/06/2024,Azul Cargo,Salvador,Duarte,10,10,198.18,Entregue
44345,16/10/2024,20/10/2024,Jadlog,Belo Horizonte,Ramos de Nogueira,4,4,165.71,Entregue
57290,18/12/2024,25/12/2024,Loggi,Recife,Moraes,6,7,283.13,Em trânsito
5670,08/12/2024,11/12/2024,Azul Cargo,Recife,Moreira de Lima,2,3,45.85,Entregue
39355,06/02/2024,13/02/2024,Azul Cargo,Curitiba,Cavalcanti do Sul,4,7,115.77,Entregue
7749,04/02/2024,11/02/2024,Jadlog,Curitiba,Aragão,7,7,290.52,Devolvido
51517,20/11/2024,27/11/2024,Azul Cargo,São Paulo,da Rocha,6,7,215.92,Entregue
18845,11/07/2024,21/07/2024,Loggi,Curitiba,Moreira de Araújo,8,10,108.6,Entregue
51948,25/03/2024,04/04/2024,Loggi,Recife,Pires da Prata,10,10,275.82,Entregue
44934,12/12/2024,20/12/2024,Loggi,Salvador,da Rosa Verde,8,8,35.19,Entregue
4680,14/07/2024,25/07/2024,Azul Cargo,Recife,Silveira,8,11,12.41,Entregue
8074,15/10/2024,26/10/2024,Azul Cargo,Belo Horizonte,Nogueira do Campo,8,11,152.45,Entregue
39107,22/09/2024,28/09/2024,Correios,Recife,Nogueira de Souza,5,6,123.88,Entregue
48332,28/10/2024,04/11/2024,Loggi,São Paulo,Peixoto de Santos,8,7,154.23,Entregue
32337,18/06/2024,21/06/2024,Loggi,Curitiba,Costela de Rezende,2,3,263.78,Em trânsito
21750,16/11/2024,20/11/2024,Azul Cargo,Recife,Moura,5,4,154.31,Entregue
29945,08/11/2024,18/11/2024,Azul Cargo,Belo Horizonte,Mendes das Pedras,7,10,15.65,Entregue
64757,16/11/2024,27/11/2024,Jadlog,Recife,Costela da Serra,8,11,97.26,Entregue
3496,16/02/2024,24/02/2024,Correios,Curitiba,Barbosa,7,8,137.08,Entregue
38570,13/12/2024,22/12/2024,Correios,Curitiba,Viana de Cardoso,7,9,199.32,Entregue
26406,02/08/2024,09/08/2024,Azul Cargo,Curitiba,Vieira das Pedras,5,7,131.24,Entregue
55984,16/11/2024,23/11/2024,Jadlog,Recife,Fernandes de Mendes,6,7,262.49,Entregue
17557,08/05/2024,17/05/2024,Jadlog,Salvador,Martins dos Dourados,7,9,210.22,Entregue
5147,10/05/2024,23/05/2024,Azul Cargo,São Paulo,Lopes das Pedras,10,13,153.69,Entregue
59256,05/03/2024,17/03/2024,Correios,Recife,Cardoso,9,12,32.53,Entregue
67678,18/10/2024,21/10/2024,Loggi,Recife,Martins de Santos,2,3,42.08,Entregue
22816,13/10/2024,22/10/2024,Azul Cargo,Curitiba,Rezende do Amparo,6,9,254.66,Entregue
38471,10/06/2024,21/06/2024,Jadlog,Recife,Cardoso Alegre,8,11,111.61,Entregue
59630,28/05/2024,02/06/2024,Jadlog,Recife,Barros da Prata,2,5,244.93,Entregue
29880,28/09/2024,07/10/2024,Jadlog,Recife,Cardoso das Flores,10,9,268.35,Entregue
47744,23/11/2024,03/12/2024,Jadlog,São Paulo,Lopes,7,10,153.32,Entregue
31275,16/11/2024,19/11/2024,Jadlog,Belo Horizonte,Lopes,4,3,174.97,Entregue
35992,08/08/2024,18/08/2024,Azul Cargo,Curitiba,da Cruz,10,10,253.35,Entregue
54243,17/01/2024,25/01/2024,Azul Cargo,Recife,Aragão,6,8,184.26,Entregue
66051,13/03/2024,22/03/2024,Correios,Belo Horizonte,Moraes,9,9,278.19,Entregue
23449,28/10/2024,08/11/2024,Loggi,Curitiba,Lopes da Serra,8,11,232.62,Entregue
16884,14/09/2024,22/09/2024,Azul Cargo,Salvador,Caldeira,5,8,274.62,Entregue
13928,23/05/2024,01/06/2024,Jadlog,Recife,Fogaça do Galho,9,9,216.95,Entregue
8791,08/03/2024,15/03/2024,Jadlog,Salvador,da Costa Verde,4,7,178.59,Entregue
10446,21/03/2024,29/03/2024,Jadlog,Salvador,Costela da Mata,6,8,298.87,Entregue
15075,23/11/2024,03/12/2024,Azul Cargo,Curitiba,Vieira de da Luz,10,10,122.61,Entregue
6686,01/06/2024,04/06/2024,Jadlog,São Paulo,Peixoto dos Dourados,4,3,279.62,Entregue
31484,04/01/2024,11/01/2024,Loggi,Curitiba,da Conceição,7,7,169.0,Entregue
23792,18/06/2024,23/06/2024,Jadlog,Recife,Novaes de Almeida,3,5,279.66,Entregue
475,17/12/2024,27/12/2024,Correios,São Paulo,Duarte Verde,7,10,229.54,Entregue
64960,07/01/2024,16/01/2024,Azul Cargo,Curitiba,Cunha,10,9,73.77,Entregue
59947,15/02/2024,23/02/2024,Correios,Belo Horizonte,Barbosa,6,8,54.7,Entregue
49193,20/02/2024,01/03/2024,Loggi,Curitiba,Lopes de da Cunha,10,10,107.46,Entregue
30034,13/02/2024,25/02/2024,Azul Cargo,Recife,Dias de Moraes,10,12,246.56,Entregue
19517,22/01/2024,24/01/2024,Correios,Salvador,da Mota do Sul,2,2,258.54,Entregue
753,10/07/2024,19/07/2024,Jadlog,Belo Horizonte,Costela,9,9,207.69,Entregue
9870,05/11/2024,15/11/2024,Loggi,Curitiba,Fogaça,7,10,252.79,Entregue
49050,28/05/2024,31/05/2024,Loggi,São Paulo,Ribeiro,4,3,60.66,Entregue
23312,25/07/2024,03/08/2024,Correios,Recife,Viana,8,9,299.47,Entregue
23740,06/02/2024,15/02/2024,Jadlog,Belo Horizonte,Nunes,8,9,101.59,Entregue
23888,06/12/2024,10/12/2024,Jadlog,Belo Horizonte,Pinto de Goiás,3,4,99.73,Entregue
8789,13/03/2024,19/03/2024,Correios,São Paulo,da Cunha,5,6,57.56,Entregue
63066,08/08/2024,13/08/2024,Loggi,Belo Horizonte,da Rosa de Lima,5,5,22.19,Entregue
40949,27/04/2024,03/05/2024,Loggi,Curitiba,Lopes de Sales,4,6,290.38,Em trânsito
24359,03/07/2024,13/07/2024,Loggi,Salvador,Porto de Goiás,8,10,132.58,Entregue
67568,11/03/2024,14/03/2024,Correios,Recife,Aragão,2,3,131.99,Entregue
22777,16/08/2024,26/08/2024,Jadlog,São Paulo,Costela,10,10,222.04,Entregue
25866,12/09/2024,16/09/2024,Loggi,Recife,Barros de Costa,4,4,270.18,Em trânsito
36352,08/11/2024,11/11/2024,Azul Cargo,Belo Horizonte,da Rosa,3,3,228.92,Entregue
55865,05/08/2024,10/08/2024,Loggi,Recife,da Mota de Fogaça,2,5,162.89,Entregue
8668,10/08/2024,16/08/2024,Correios,Salvador,Monteiro do Sul,5,6,233.84,Entregue
58659,15/07/2024,24/07/2024,Correios,São Paulo,Ferreira de da Mota,7,9,234.66,Entregue
9595,15/04/2024,18/04/2024,Azul Cargo,Recife,Aragão,4,3,223.24,Entregue
14852,08/10/2024,13/10/2024,Jadlog,Belo Horizonte,Peixoto dos Dourados,5,5,287.44,Entregue
44425,04/03/2024,16/03/2024,Jadlog,Curitiba,Jesus dos Dourados,9,12,31.67,Entregue
51909,03/01/2024,04/01/2024,Correios,Recife,da Mata das Pedras,2,1,212.28,Entregue
4027,14/01/2024,18/01/2024,Jadlog,Salvador,Melo,5,4,118.95,Em trânsito
22340,02/01/2024,09/01/2024,Correios,Salvador,Lopes,4,7,239.71,Entregue
25025,25/05/2024,29/05/2024,Loggi,São Paulo,Teixeira,3,4,216.17,Entregue
7391,12/01/2024,23/01/2024,Jadlog,Curitiba,Souza,10,11,90.22,Entregue
63935,19/06/2024,29/06/2024,Jadlog,Salvador,Araújo,7,10,10.26,Entregue
47996,11/01/2024,12/01/2024,Correios,Salvador,Gomes da Serra,2,1,161.21,Entregue
6516,10/12/2024,21/12/2024,Correios,São Paulo,Barros de Cardoso,9,11,185.26,Entregue
17842,21/12/2024,02/01/2025,Correios,São Paulo,Rodrigues Verde,10,12,184.58,Entregue
1254,08/02/2024,09/02/2024,Azul Cargo,Recife,Jesus,2,1,128.85,Entregue
56079,03/04/2024,08/04/2024,Loggi,Curitiba,Pinto,3,5,190.33,Entregue
16063,06/02/2024,18/02/2024,Jadlog,Salvador,Rodrigues do Sul,10,12,266.12,Entregue
17543,21/05/2024,23/05/2024,Jadlog,São Paulo,Nunes do Oeste,2,2,79.1,Entregue
33604,23/09/2024,01/10/2024,Jadlog,Belo Horizonte,da Luz,8,8,115.37,Entregue
35354,02/12/2024,05/12/2024,Correios,Belo Horizonte,Freitas da Mata,3,3,100.22,Entregue
4872,15/07/2024,18/07/2024,Azul Cargo,São Paulo,Caldeira,2,3,97.34,Devolvido
36094,21/01/2024,02/02/2024,Loggi,Belo Horizonte,Fernandes de Mendes,9,12,266.45,Entregue
56753,14/01/2024,19/01/2024,Jadlog,Belo Horizonte,Mendes,6,5,10.51,Entregue
44175,07/12/2024,12/12/2024,Azul Cargo,Curitiba,Oliveira Grande,6,5,292.94,Em trânsito
16421,13/01/2024,20/01/2024,Correios,Salvador,Duarte de Monteiro,7,7,96.1,Entregue
48877,25/05/2024,06/06/2024,Azul Cargo,Recife,Viana,9,12,299.59,Entregue
66462,06/01/2024,11/01/2024,Azul Cargo,Belo Horizonte,da Conceição de Mendes,5,5,116.06,Entregue
44983,28/01/2024,07/02/2024,Loggi,Salvador,da Mota da Mata,8,10,84.07,Entregue
30533,26/05/2024,06/06/2024,Loggi,São Paulo,Araújo,8,11,94.14,Entregue
1492,02/07/2024,13/07/2024,Jadlog,Belo Horizonte,Sales de Fogaça,9,11,219.99,Entregue
58272,10/01/2024,20/01/2024,Correios,Recife,Oliveira Grande,10,10,246.25,Entregue
10181,14/09/2024,21/09/2024,Jadlog,Salvador,Cavalcanti da Praia,7,7,263.33,Entregue
4673,13/07/2024,21/07/2024,Loggi,Curitiba,Santos Grande,5,8,49.35,Entregue
36501,11/09/2024,23/09/2024,Azul Cargo,Recife,Viana de Cardoso,9,12,73.78,Entregue
48790,02/12/2024,05/12/2024,Azul Cargo,Belo Horizonte,Melo,2,3,281.64,Entregue
50136,07/07/2024,17/07/2024,Jadlog,Curitiba,Mendes,8,10,110.46,Entregue
35771,12/10/2024,21/10/2024,Correios,Recife,Pinto de Peixoto,6,9,297.53,Entregue
25125,04/07/2024,09/07/2024,Loggi,Salvador,Silveira de da Mota,6,5,268.58,Entregue
40327,07/09/2024,13/09/2024,Loggi,Recife,Duarte,7,6,181.7,Entregue
39731,20/01/2024,29/01/2024,Azul Cargo,Belo Horizonte,Fernandes de Campos,6,9,213.33,Entregue
20926,09/11/2024,17/11/2024,Jadlog,Salvador,Caldeira dos Dourados,6,8,24.96,Entregue
50379,20/11/2024,25/11/2024,Correios,São Paulo,Dias de Minas,3,5,19.72,Entregue
49186,03/02/2024,06/02/2024,Jadlog,Recife,Correia,3,3,250.92,Entregue
45660,26/01/2024,04/02/2024,Loggi,São Paulo,Monteiro do Sul,7,9,115.78,Entregue
12039,18/02/2024,21/02/2024,Jadlog,Belo Horizonte,Lima,2,3,150.41,Entregue
2894,09/08/2024,13/08/2024,Jadlog,Salvador,Rezende,5,4,129.52,Entregue
33846,04/09/2024,09/09/2024,Loggi,São Paulo,Teixeira,3,5,294.33,Entregue
42002,16/02/2024,24/02/2024,Azul Cargo,São Paulo,Ferreira,8,8,17.19,Entregue
65280,26/08/2024,31/08/2024,Loggi,Salvador,da Luz,5,5,130.4,Entregue
7843,04/08/2024,17/08/2024,Jadlog,São Paulo,Cardoso de Caldeira,10,13,214.74,Entregue
5796,20/08/2024,23/08/2024,Correios,Belo Horizonte,Araújo de Goiás,2,3,142.14,Entregue
7218,21/02/2024,23/02/2024,Azul Cargo,Recife,Almeida do Amparo,2,2,33.52,Entregue
36185,26/05/2024,30/05/2024,Azul Cargo,Recife,Ferreira,3,4,98.89,Entregue
26167,20/04/2024,28/04/2024,Jadlog,Salvador,das Neves,5,8,68.11,Entregue
65155,15/05/2024,24/05/2024,Loggi,Recife,Ribeiro,6,9,10.77,Entregue
44605,19/03/2024,23/03/2024,Correios,Belo Horizonte,da Cunha Grande,3,4,90.91,Entregue
40772,24/03/2024,01/04/2024,Jadlog,São Paulo,Aragão do Oeste,7,8,254.31,Entregue
49082,26/07/2024,30/07/2024,Loggi,São Paulo,Rezende do Amparo,3,4,232.07,Entregue
56356,12/11/2024,18/11/2024,Loggi,Belo Horizonte,Silveira,6,6,193.36,Devolvido
39316,02/12/2024,10/12/2024,Correios,Salvador,Dias,5,8,107.43,Entregue
49262,20/07/2024,29/07/2024,Azul Cargo,Curitiba,Farias da Mata,9,9,270.92,Entregue
38740,23/10/2024,02/11/2024,Jadlog,São Paulo,Souza,7,10,225.68,Entregue
33223,26/05/2024,03/06/2024,Correios,Curitiba,Farias,7,8,216.24,Entregue
23519,16/11/2024,21/11/2024,Azul Cargo,Recife,da Luz Grande,4,5,106.85,Em trânsito
43306,28/11/2024,06/12/2024,Loggi,Recife,Mendes,9,8,169.1,Entregue
61527,02/08/2024,11/08/2024,Loggi,Salvador,Monteiro de Minas,6,9,296.91,Entregue
50368,24/10/2024,31/10/2024,Loggi,Recife,Lopes,8,7,141.42,Entregue
18025,10/11/2024,17/11/2024,Azul Cargo,Recife,Farias,7,7,31.07,Entregue
59453,15/05/2024,20/05/2024,Azul Cargo,Recife,Cavalcanti da Praia,6,5,41.86,Entregue
22036,11/05/2024,21/05/2024,Loggi,Belo Horizonte,da Paz,10,10,233.14,Entregue
1813,28/06/2024,09/07/2024,Correios,São Paulo,da Conceição das Pedras,10,11,169.05,Entregue
65636,07/05/2024,15/05/2024,Jadlog,Belo Horizonte,das Neves,9,8,44.32,Entregue
43491,20/06/2024,25/06/2024,Correios,Belo Horizonte,Jesus dos Dourados,6,5,95.71,Em trânsito
1481,12/07/2024,16/07/2024,Azul Cargo,Belo Horizonte,Campos de Nogueira,4,4,113.63,Entregue
15500,02/09/2024,11/09/2024,Jadlog,Salvador,da Rosa,7,9,98.21,Entregue
33238,01/06/2024,07/06/2024,Correios,Belo Horizonte,Alves,3,6,148.72,Entregue
6197,07/04/2024,12/04/2024,Correios,Belo Horizonte,Novaes dos Dourados,5,5,248.51,Entregue
39207,01/04/2024,09/04/2024,Azul Cargo,Curitiba,Freitas de Rezende,6,8,103.11,Entregue
1478,17/07/2024,26/07/2024,Correios,São Paulo,Lima,8,9,187.47,Entregue
5454,15/01/2024,20/01/2024,Azul Cargo,Recife,Barbosa das Flores,5,5,203.33,Entregue
16887,24/09/2024,02/10/2024,Jadlog,Recife,Fogaça do Galho,8,8,143.98,Entregue
5224,16/07/2024,27/07/2024,Jadlog,Salvador,Cunha do Galho,9,11,69.02,Entregue
29940,19/11/2024,27/11/2024,Jadlog,São Paulo,Vieira,9,8,69.09,Entregue
64653,03/04/2024,08/04/2024,Loggi,São Paulo,da Cruz,6,5,275.69,Entregue
51405,08/03/2024,16/03/2024,Jadlog,Recife,Fernandes de Santos,9,8,22.1,Entregue
52297,16/02/2024,24/02/2024,Correios,Curitiba,Rocha do Sul,9,8,150.57,Entregue
59558,08/11/2024,14/11/2024,Jadlog,São Paulo,Ferreira,6,6,21.83,Entregue
162,04/05/2024,12/05/2024,Jadlog,Belo Horizonte,Farias,6,8,118.98,Entregue
47591,14/12/2024,18/12/2024,Azul Cargo,Recife,Castro de Carvalho,2,4,18.55,Entregue
32499,07/05/2024,12/05/2024,Loggi,São Paulo,Barbosa,5,5,214.79,Entregue
63376,14/03/2024,23/03/2024,Jadlog,São Paulo,Cardoso,10,9,24.25,Entregue
32498,13/05/2024,24/05/2024,Azul Cargo,São Paulo,Melo das Pedras,9,11,272.96,Entregue
46560,27/03/2024,01/04/2024,Correios,Curitiba,Oliveira do Norte,3,5,232.21,Entregue
55891,15/09/2024,19/09/2024,Loggi,Curitiba,Carvalho da Praia,2,4,146.58,Entregue
30019,09/01/2024,21/01/2024,Loggi,São Paulo,Nunes do Campo,10,12,139.58,Entregue
64376,15/10/2024,24/10/2024,Loggi,Salvador,Lopes,9,9,260.01,Entregue
16452,22/04/2024,25/04/2024,Jadlog,São Paulo,Rezende,2,3,140.98,Entregue
49470,16/09/2024,18/09/2024,Correios,Recife,Pires do Amparo,3,2,34.75,Entregue
33686,14/11/2024,20/11/2024,Loggi,Recife,Rezende do Sul,3,6,232.52,Entregue
59111,25/06/2024,01/07/2024,Jadlog,Belo Horizonte,Duarte,4,6,160.98,Entregue
61062,23/06/2024,28/06/2024,Correios,Recife,da Mota do Sul,4,5,101.58,Entregue
907,24/04/2024,30/04/2024,Jadlog,Salvador,Almeida da Praia,4,6,148.26,Entregue
6349,23/08/2024,02/09/2024,Correios,Belo Horizonte,Oliveira,9,10,139.5,Entregue
19859,17/11/2024,28/11/2024,Correios,São Paulo,Moraes das Pedras,9,11,186.14,Entregue
59530,02/10/2024,10/10/2024,Azul Cargo,Recife,Cardoso,7,8,212.28,Entregue
55097,16/07/2024,24/07/2024,Correios,Recife,Aragão,9,8,239.4,Entregue
52176,26/05/2024,02/06/2024,Jadlog,Salvador,da Rosa,5,7,159.01,Entregue
18308,19/04/2024,25/04/2024,Azul Cargo,Curitiba,Moraes,5,6,31.51,Entregue
33474,02/05/2024,12/05/2024,Correios,Salvador,Rezende,8,10,267.3,Entregue
12148,19/09/2024,26/09/2024,Jadlog,Curitiba,Gomes de da Costa,4,7,49.69,Entregue
46533,13/01/2024,22/01/2024,Loggi,Recife,Nascimento de Goiás,10,9,241.94,Entregue
38536,02/10/2024,11/10/2024,Jadlog,Curitiba,Freitas Verde,9,9,98.73,Entregue
32456,06/02/2024,15/02/2024,Correios,Curitiba,Souza Alegre,10,9,296.78,Entregue
7824,09/07/2024,22/07/2024,Jadlog,Belo Horizonte,da Paz,10,13,122.36,Entregue
46293,20/12/2024,30/12/2024,Jadlog,Salvador,Barros,8,10,240.74,Em trânsito
53013,21/01/2024,30/01/2024,Azul Cargo,Recife,Silveira,6,9,41.81,Entregue
25027,03/05/2024,10/05/2024,Correios,Belo Horizonte,Peixoto de Santos,8,7,11.79,Entregue
28909,24/12/2024,30/12/2024,Correios,Salvador,Carvalho,3,6,296.7,Entregue
9101,17/08/2024,23/08/2024,Correios,Curitiba,Cardoso do Campo,4,6,113.53,Entregue
43046,26/06/2024,30/06/2024,Azul Cargo,São Paulo,da Rocha Grande,4,4,163.59,Entregue
32567,10/10/2024,14/10/2024,Jadlog,Curitiba,Duarte,5,4,73.52,Entregue
48527,13/06/2024,18/06/2024,Loggi,Belo Horizonte,Cavalcanti da Prata,4,5,33.83,Entregue
38657,07/05/2024,16/05/2024,Azul Cargo,São Paulo,Dias,6,9,159.65,Entregue
915,21/04/2024,26/04/2024,Loggi,Curitiba,Nunes,6,5,198.66,Entregue
39205,21/04/2024,26/04/2024,Azul Cargo,São Paulo,Ferreira,4,5,293.25,Entregue
24440,18/11/2024,24/11/2024,Correios,Recife,Lima,4,6,258.37,Entregue
9164,01/11/2024,10/11/2024,Jadlog,Curitiba,Vieira das Pedras,7,9,197.77,Em trânsito
66693,27/01/2024,29/01/2024,Azul Cargo,São Paulo,Nogueira Paulista,3,2,163.85,Entregue
54115,24/05/2024,01/06/2024,Loggi,São Paulo,da Rocha da Serra,8,8,296.77,Entregue
3143,16/02/2024,21/02/2024,Jadlog,Curitiba,da Conceição Grande,3,5,12.58,Em trânsito
26335,27/03/2024,05/04/2024,Loggi,Curitiba,Ribeiro Verde,8,9,289.69,Em trânsito
66946,27/03/2024,03/04/2024,Jadlog,São Paulo,Barros,5,7,289.32,Entregue
14133,12/05/2024,14/05/2024,Jadlog,Recife,Cardoso,3,2,128.69,Entregue
17984,17/09/2024,27/09/2024,Correios,Belo Horizonte,Nascimento dos Dourados,7,10,158.72,Entregue
15244,19/04/2024,25/04/2024,Loggi,São Paulo,da Luz Alegre,3,6,162.66,Entregue
36457,10/06/2024,15/06/2024,Correios,Salvador,Araújo de Pinto,4,5,115.03,Entregue
13472,01/11/2024,05/11/2024,Jadlog,Belo Horizonte,Vieira do Sul,3,4,206.19,Entregue
44720,24/10/2024,01/11/2024,Loggi,São Paulo,Nogueira do Oeste,7,8,26.12,Entregue
50451,11/02/2024,17/02/2024,Correios,Belo Horizonte,da Cunha Alegre,3,6,230.54,Entregue
47224,26/11/2024,04/12/2024,Loggi,Belo Horizonte,Jesus Paulista,8,8,16.53,Entregue
11920,21/06/2024,29/06/2024,Correios,Recife,Santos Grande,9,8,133.37,Entregue
198,15/06/2024,21/06/2024,Correios,Salvador,Vieira de Cavalcanti,5,6,105.58,Entregue
10956,23/04/2024,03/05/2024,Jadlog,Recife,da Cunha da Praia,7,10,64.93,Devolvido
19926,13/01/2024,15/01/2024,Azul Cargo,São Paulo,Farias,2,2,86.51,Em trânsito
12744,21/07/2024,27/07/2024,Jadlog,Recife,da Rocha de da Luz,5,6,293.68,Devolvido
50864,04/04/2024,11/04/2024,Correios,Curitiba,Pereira,8,7,279.83,Entregue
14403,09/10/2024,21/10/2024,Jadlog,Belo Horizonte,Pires,10,12,62.62,Entregue
54082,04/03/2024,16/03/2024,Jadlog,São Paulo,Santos da Mata,10,12,204.56,Entregue
6205,12/04/2024,22/04/2024,Loggi,Salvador,Pires,7,10,85.82,Entregue
2575,12/12/2024,21/12/2024,Azul Cargo,Curitiba,da Conceição Paulista,8,9,294.29,Entregue
48194,05/06/2024,15/06/2024,Jadlog,São Paulo,Alves,9,10,59.83,Entregue
62528,10/03/2024,19/03/2024,Jadlog,Recife,da Cunha Grande,7,9,34.88,Entregue
40192,10/01/2024,15/01/2024,Loggi,Curitiba,Campos do Norte,5,5,15.44,Entregue
2781,17/02/2024,26/02/2024,Correios,Curitiba,Silva do Sul,10,9,95.31,Entregue
16225,19/01/2024,27/01/2024,Jadlog,Belo Horizonte,Sales,9,8,175.97,Entregue
54374,10/10/2024,15/10/2024,Jadlog,São Paulo,Novaes,3,5,231.34,Entregue
63591,22/05/2024,26/05/2024,Loggi,São Paulo,Cardoso,2,4,96.36,Devolvido
33009,19/03/2024,27/03/2024,Jadlog,Belo Horizonte,Cardoso de da Conceição,8,8,55.16,Entregue
8611,10/04/2024,19/04/2024,Azul Cargo,São Paulo,Fernandes de Mendes,7,9,67.45,Entregue
64462,18/04/2024,29/04/2024,Correios,Salvador,Moreira do Sul,9,11,169.76,Entregue
1571,20/09/2024,25/09/2024,Correios,Belo Horizonte,Rezende das Flores,6,5,222.46,Entregue
63828,23/04/2024,01/05/2024,Loggi,Belo Horizonte,Cardoso,6,8,51.57,Entregue
61208,05/12/2024,14/12/2024,Azul Cargo,Recife,da Luz Grande,6,9,47.74,Entregue
2808,09/03/2024,16/03/2024,Correios,Belo Horizonte,Porto,6,7,21.9,Entregue
25428,17/03/2024,19/03/2024,Jadlog,Curitiba,Lima,3,2,239.36,Entregue
23176,04/03/2024,08/03/2024,Azul Cargo,Curitiba,Teixeira,4,4,162.12,Entregue
28618,19/06/2024,29/06/2024,Jadlog,Salvador,da Luz,7,10,293.02,Entregue
48392,16/11/2024,23/11/2024,Correios,Salvador,Rocha,4,7,34.35,Devolvido
48032,17/02/2024,22/02/2024,Jadlog,São Paulo,da Luz dos Dourados,4,5,247.55,Entregue
2181,26/10/2024,31/10/2024,Loggi,Salvador,da Rosa das Flores,2,5,99.55,Entregue
13815,05/11/2024,10/11/2024,Loggi,Salvador,Freitas Verde,4,5,154.76,Entregue
22861,25/01/2024,02/02/2024,Azul Cargo,Salvador,Azevedo,9,8,48.55,Entregue
6693,26/07/2024,07/08/2024,Azul Cargo,São Paulo,Correia do Galho,9,12,99.96,Entregue
24848,08/01/2024,12/01/2024,Correios,Belo Horizonte,Castro de Carvalho,2,4,220.5,Entregue
57877,23/10/2024,02/11/2024,Azul Cargo,Belo Horizonte,Peixoto dos Dourados,7,10,185.97,Entregue
62252,03/02/2024,12/02/2024,Loggi,Recife,Ferreira,8,9,146.25,Entregue
60862,19/05/2024,24/05/2024,Jadlog,Salvador,Oliveira,6,5,199.54,Entregue
54471,21/05/2024,25/05/2024,Loggi,Curitiba,Oliveira das Pedras,3,4,284.02,Entregue
23211,10/04/2024,13/04/2024,Azul Cargo,Salvador,Rodrigues Verde,3,3,199.94,Entregue
41021,13/09/2024,17/09/2024,Azul Cargo,Salvador,Vieira de Goiás,3,4,268.82,Entregue
59950,09/02/2024,14/02/2024,Loggi,São Paulo,Ramos,4,5,175.1,Entregue
18284,27/03/2024,30/03/2024,Correios,Recife,Dias do Sul,3,3,35.05,Entregue
25868,19/09/2024,28/09/2024,Azul Cargo,Belo Horizonte,da Luz Grande,7,9,180.92,Entregue
15816,08/12/2024,15/12/2024,Jadlog,Curitiba,Cardoso das Flores,7,7,55.12,Entregue
49451,18/08/2024,23/08/2024,Jadlog,Curitiba,Castro de Carvalho,4,5,266.89,Entregue
25317,21/12/2024,03/01/2025,Jadlog,Curitiba,Nunes,10,13,123.21,Devolvido
35851,02/12/2024,06/12/2024,Correios,Curitiba,Alves do Amparo,2,4,81.26,Entregue
38387,18/12/2024,20/12/2024,Loggi,Salvador,Monteiro,2,2,170.68,Entregue
43338,25/01/2024,03/02/2024,Correios,Curitiba,Ferreira,8,9,12.22,Entregue
9352,27/12/2024,06/01/2025,Jadlog,Recife,Aragão de Fernandes,7,10,189.8,Entregue
21957,13/01/2024,15/01/2024,Correios,São Paulo,Silva de Moura,2,2,84.86,Entregue
23344,08/07/2024,19/07/2024,Azul Cargo,Curitiba,Ramos,9,11,243.16,Entregue
51552,04/02/2024,10/02/2024,Loggi,São Paulo,Peixoto do Norte,6,6,101.6,Entregue
64095,08/10/2024,16/10/2024,Azul Cargo,São Paulo,Araújo,9,8,260.29,Entregue
7684,26/09/2024,02/10/2024,Loggi,Belo Horizonte,Araújo de Ramos,7,6,186.84,Entregue
60628,26/09/2024,05/10/2024,Loggi,Curitiba,Moraes,8,9,167.96,Entregue
51738,07/02/2024,19/02/2024,Correios,Salvador,Santos da Serra,9,12,65.63,Entregue
58469,21/01/2024,31/01/2024,Jadlog,Belo Horizonte,Freitas,8,10,51.39,Entregue
41238,27/04/2024,07/05/2024,Loggi,Curitiba,Ribeiro,10,10,82.7,Entregue
2350,03/07/2024,06/07/2024,Azul Cargo,Recife,Cardoso de da Conceição,4,3,59.77,Entregue
48728,02/08/2024,08/08/2024,Loggi,São Paulo,Vieira do Norte,6,6,111.33,Entregue
57832,14/06/2024,26/06/2024,Azul Cargo,São Paulo,Carvalho,9,12,296.65,Devolvido
34897,25/08/2024,30/08/2024,Loggi,Recife,Costa,5,5,290.26,Entregue
13462,05/10/2024,11/10/2024,Jadlog,Salvador,Cardoso dos Dourados,7,6,27.21,Em trânsito
42480,27/03/2024,03/04/2024,Correios,Salvador,Costa de Gonçalves,6,7,18.15,Entregue
35715,28/08/2024,04/09/2024,Correios,Curitiba,Carvalho de Lopes,6,7,37.06,Entregue
24246,15/11/2024,24/11/2024,Azul Cargo,Belo Horizonte,Aragão,10,9,92.98,Entregue
23445,18/10/2024,20/10/2024,Loggi,Salvador,Monteiro,3,2,131.56,Entregue
1624,19/10/2024,28/10/2024,Jadlog,Recife,Rodrigues,6,9,235.18,Entregue
18053,27/01/2024,07/02/2024,Correios,Curitiba,Monteiro,8,11,33.9,Em trânsito
28511,22/03/2024,31/03/2024,Loggi,São Paulo,da Conceição Verde,6,9,177.53,Entregue
48497,03/04/2024,09/04/2024,Loggi,Recife,Caldeira,4,6,291.45,Entregue
47421,09/12/2024,22/12/2024,Loggi,Belo Horizonte,Vieira do Amparo,10,13,112.76,Entregue
64787,21/02/2024,26/02/2024,Jadlog,Salvador,Rodrigues do Sul,5,5,55.75,Devolvido
10440,18/03/2024,26/03/2024,Correios,Recife,das Neves dos Dourados,9,8,159.81,Entregue
20199,02/08/2024,11/08/2024,Azul Cargo,Curitiba,Fogaça,7,9,137.17,Entregue
40866,25/10/2024,06/11/2024,Correios,São Paulo,Vieira,10,12,209.68,Entregue
2183,04/10/2024,09/10/2024,Loggi,Curitiba,Fogaça da Serra,5,5,272.68,Entregue
58080,21/11/2024,02/12/2024,Jadlog,Recife,da Costa,8,11,105.59,Entregue
8515,16/10/2024,21/10/2024,Loggi,Salvador,Novaes,2,5,194.16,Entregue
61778,17/12/2024,26/12/2024,Azul Cargo,Belo Horizonte,Mendes,7,9,229.56,Entregue
9978,11/06/2024,19/06/2024,Correios,Salvador,Pinto de Gomes,6,8,135.38,Entregue
2645,05/05/2024,09/05/2024,Loggi,Belo Horizonte,Melo,2,4,107.88,Entregue
40716,17/12/2024,22/12/2024,Loggi,Salvador,Pires do Sul,2,5,75.4,Entregue
40306,23/07/2024,30/07/2024,Azul Cargo,Recife,Castro do Norte,7,7,222.88,Entregue
55944,17/10/2024,29/10/2024,Azul Cargo,São Paulo,Freitas de Rezende,10,12,33.34,Entregue
25194,05/09/2024,11/09/2024,Azul Cargo,Belo Horizonte,Barros de Moura,7,6,42.77,Entregue
40714,16/12/2024,20/12/2024,Jadlog,Curitiba,da Rocha do Norte,3,4,253.82,Entregue
37952,24/04/2024,02/05/2024,Loggi,Recife,Santos de Costela,9,8,261.93,Entregue
47297,22/04/2024,03/05/2024,Loggi,Belo Horizonte,Moraes,9,11,136.53,Entregue
22989,16/09/2024,22/09/2024,Azul Cargo,Recife,Mendes,7,6,244.58,Entregue
34536,08/05/2024,17/05/2024,Correios,Curitiba,Ferreira,10,9,131.29,Entregue
2190,28/11/2024,04/12/2024,Azul Cargo,Recife,Cardoso do Campo,6,6,201.87,Devolvido
42645,17/08/2024,21/08/2024,Azul Cargo,Salvador,Martins de Minas,3,4,56.32,Entregue
47256,20/01/2024,02/02/2024,Loggi,Curitiba,Moraes das Pedras,10,13,63.05,Entregue
65027,11/02/2024,15/02/2024,Correios,Curitiba,Pires,2,4,17.2,Entregue
17905,10/04/2024,18/04/2024,Correios,Salvador,Duarte,6,8,137.61,Entregue
63823,17/04/2024,24/04/2024,Azul Cargo,São Paulo,Melo,4,7,33.21,Entregue
36817,16/06/2024,20/06/2024,Correios,Curitiba,Silva de Ferreira,2,4,297.76,Entregue
22528,28/02/2024,05/03/2024,Correios,São Paulo,Lopes da Serra,7,6,80.96,Entregue
57608,12/04/2024,20/04/2024,Correios,Curitiba,Costa,7,8,198.0,Entregue
252,24/07/2024,01/08/2024,Jadlog,Recife,Cardoso,9,8,174.02,Entregue
36431,22/04/2024,24/04/2024,Loggi,Belo Horizonte,da Mota das Pedras,3,2,40.8,Entregue
40902,23/12/2024,27/12/2024,Correios,Curitiba,Barros de Moura,5,4,89.18,Entregue
8021,26/06/2024,30/06/2024,Loggi,Belo Horizonte,Rodrigues,2,4,155.87,Entregue
13095,20/10/2024,30/10/2024,Correios,Belo Horizonte,Pereira,9,10,295.06,Entregue
3028,14/05/2024,18/05/2024,Jadlog,Belo Horizonte,Cardoso,5,4,227.22,Entregue
65421,18/12/2024,24/12/2024,Jadlog,Curitiba,da Costa,5,6,32.97,Entregue
7892,18/11/2024,28/11/2024,Azul Cargo,Recife,Araújo de Pinto,8,10,162.07,Entregue
47546,05/09/2024,16/09/2024,Loggi,São Paulo,Caldeira de Minas,8,11,126.37,Entregue
3032,04/06/2024,14/06/2024,Jadlog,Recife,Pinto,9,10,96.05,Entregue
502,19/02/2024,23/02/2024,Jadlog,São Paulo,da Mota da Praia,3,4,213.71,Em trânsito
65516,24/02/2024,03/03/2024,Loggi,Recife,Pinto dos Dourados,9,8,42.31,Entregue
44916,13/11/2024,19/11/2024,Correios,Curitiba,Costa,5,6,57.04,Entregue
42035,05/04/2024,15/04/2024,Jadlog,Belo Horizonte,Cardoso,10,10,283.42,Em trânsito
60065,06/10/2024,10/10/2024,Correios,Belo Horizonte,das Neves de Goiás,5,4,41.78,Entregue
3172,15/04/2024,18/04/2024,Loggi,Recife,Duarte,4,3,245.46,Em trânsito
33779,22/04/2024,27/04/2024,Jadlog,São Paulo,Fernandes,3,5,296.02,Entregue
32739,02/09/2024,09/09/2024,Jadlog,Belo Horizonte,Freitas Grande,7,7,210.2,Entregue
38900,25/08/2024,31/08/2024,Loggi,São Paulo,da Luz da Mata,3,6,245.05,Entregue
32769,19/11/2024,24/11/2024,Jadlog,Recife,Cardoso de da Conceição,2,5,231.14,Entregue
23937,11/03/2024,18/03/2024,Correios,São Paulo,Teixeira,4,7,231.84,Entregue
5115,25/04/2024,05/05/2024,Azul Cargo,Belo Horizonte,Barbosa da Serra,7,10,140.08,Entregue
26681,19/02/2024,24/02/2024,Jadlog,São Paulo,Oliveira das Pedras,4,5,85.08,Entregue
48667,13/03/2024,15/03/2024,Jadlog,Salvador,Freitas de Rezende,2,2,197.4,Entregue
25632,13/09/2024,21/09/2024,Azul Cargo,Salvador,Moura,8,8,128.84,Entregue
34628,26/11/2024,05/12/2024,Azul Cargo,Recife,da Rosa,9,9,133.74,Entregue
28453,01/02/2024,07/02/2024,Jadlog,Recife,Carvalho,7,6,121.38,Entregue
33722,16/01/2024,22/01/2024,Loggi,Curitiba,Teixeira,5,6,213.31,Entregue
8064,22/09/2024,01/10/2024,Correios,Salvador,Melo,7,9,66.72,Entregue
59926,12/01/2024,19/01/2024,Jadlog,Recife,da Luz,4,7,53.23,Em trânsito
53038,14/03/2024,20/03/2024,Azul Cargo,Belo Horizonte,da Mata,7,6,169.6,Entregue
31149,12/03/2024,19/03/2024,Azul Cargo,Recife,Azevedo,7,7,168.34,Em trânsito
48494,14/03/2024,23/03/2024,Jadlog,Belo Horizonte,Alves de Vieira,9,9,31.31,Entregue
11616,17/10/2024,24/10/2024,Loggi,Recife,das Neves de Goiás,6,7,39.45,Entregue
11542,13/05/2024,22/05/2024,Loggi,Belo Horizonte,Oliveira do Amparo,8,9,129.06,Em trânsito
53975,28/08/2024,04/09/2024,Correios,Recife,Fogaça do Galho,4,7,59.17,Entregue
30556,03/06/2024,06/06/2024,Jadlog,Recife,Novaes,4,3,246.41,Entregue
23578,08/01/2024,12/01/2024,Loggi,Belo Horizonte,Azevedo,4,4,167.05,Entregue
21386,15/07/2024,22/07/2024,Azul Cargo,São Paulo,Sales Paulista,7,7,247.44,Entregue
6176,19/04/2024,22/04/2024,Azul Cargo,Recife,Aragão,4,3,189.31,Entregue
23436,27/09/2024,08/10/2024,Jadlog,Curitiba,Melo,9,11,12.09,Devolvido
47519,25/07/2024,05/08/2024,Jadlog,Belo Horizonte,da Conceição de Campos,8,11,150.05,Entregue
61491,28/06/2024,06/07/2024,Correios,Belo Horizonte,Ramos,5,8,58.04,Entregue
5087,14/04/2024,19/04/2024,Jadlog,Salvador,Mendes,3,5,85.64,Entregue
12065,14/04/2024,19/04/2024,Jadlog,São Paulo,da Conceição,6,5,43.98,Entregue
36957,13/03/2024,21/03/2024,Jadlog,Belo Horizonte,Sales do Galho,5,8,46.1,Em trânsito
28913,07/12/2024,13/12/2024,Loggi,Salvador,Castro do Galho,6,6,23.41,Em trânsito
32958,08/12/2024,13/12/2024,Azul Cargo,Recife,Cardoso de Goiás,2,5,19.83,Devolvido
59464,12/05/2024,18/05/2024,Azul Cargo,Belo Horizonte,Cardoso,3,6,242.36,Entregue
9397,05/03/2024,15/03/2024,Loggi,Curitiba,Pereira do Sul,10,10,295.93,Entregue
25341,22/12/2024,03/01/2025,Azul Cargo,Curitiba,Ramos do Campo,10,12,90.85,Entregue
55393,26/12/2024,03/01/2025,Jadlog,São Paulo,Teixeira,5,8,28.63,Entregue
39957,27/06/2024,06/07/2024,Jadlog,Curitiba,Novaes,6,9,56.44,Entregue
21467,11/09/2024,20/09/2024,Azul Cargo,Salvador,Lima do Campo,10,9,225.81,Entregue
63824,10/04/2024,20/04/2024,Correios,Recife,Silva de Gonçalves,8,10,264.19,Entregue
31838,02/03/2024,11/03/2024,Loggi,Belo Horizonte,da Rocha da Serra,9,9,162.8,Em trânsito
27017,12/06/2024,22/06/2024,Loggi,São Paulo,Lima,7,10,235.32,Entregue
6749,17/09/2024,23/09/2024,Loggi,Salvador,Cardoso,4,6,248.57,Em trânsito
66960,18/03/2024,21/03/2024,Azul Cargo,Salvador,da Cruz do Amparo,2,3,99.01,Entregue
20339,26/12/2024,31/12/2024,Jadlog,Curitiba,Cardoso das Flores,6,5,174.25,Entregue
21642,19/03/2024,20/03/2024,Correios,São Paulo,da Luz Grande,2,1,216.31,Entregue
26390,08/07/2024,13/07/2024,Jadlog,São Paulo,Santos,4,5,273.31,Entregue
35867,23/12/2024,04/01/2025,Loggi,Belo Horizonte,Cardoso,9,12,166.68,Entregue
7340,13/10/2024,14/10/2024,Jadlog,Curitiba,Dias,2,1,146.3,Entregue
66091,02/04/2024,06/04/2024,Loggi,Salvador,Vieira,2,4,156.85,Entregue
37155,07/11/2024,11/11/2024,Loggi,Recife,da Luz,2,4,126.5,Entregue
12132,09/08/2024,14/08/2024,Correios,Recife,Aragão,4,5,272.23,Entregue
15111,08/01/2024,15/01/2024,Azul Cargo,Curitiba,Azevedo,5,7,11.74,Entregue
11618,21/10/2024,29/10/2024,Azul Cargo,São Paulo,Dias do Sul,5,8,103.6,Entregue
44507,05/09/2024,14/09/2024,Loggi,Belo Horizonte,da Rosa do Amparo,7,9,128.82,Entregue
46295,26/12/2024,01/01/2025,Correios,Recife,Costa,6,6,107.62,Entregue
49260,02/07/2024,11/07/2024,Correios,São Paulo,Rodrigues,9,9,136.9,Entregue
67572,11/03/2024,18/03/2024,Correios,Salvador,Moraes,6,7,274.07,Entregue
36067,23/12/2024,28/12/2024,Jadlog,Recife,Fogaça,3,5,108.73,Em trânsito
36056,27/12/2024,05/01/2025,Loggi,Recife,Farias Paulista,9,9,61.92,Entregue
43942,05/06/2024,09/06/2024,Loggi,Salvador,Correia de Pereira,4,4,143.97,Devolvido
3051,18/07/2024,24/07/2024,Jadlog,São Paulo,da Luz,7,6,278.52,Entregue
9903,20/01/2024,26/01/2024,Azul Cargo,Recife,Ribeiro das Flores,3,6,132.48,Entregue
52575,18/08/2024,24/08/2024,Azul Cargo,Salvador,Ferreira de da Mota,7,6,227.55,Entregue
20305,16/11/2024,29/11/2024,Jadlog,Belo Horizonte,Aragão,10,13,69.29,Entregue
36862,11/10/2024,14/10/2024,Loggi,São Paulo,Martins,4,3,113.47,Entregue
27935,15/05/2024,18/05/2024,Jadlog,Recife,Aragão,3,3,62.87,Entregue
43617,10/10/2024,20/10/2024,Loggi,Salvador,Teixeira,8,10,154.97,Entregue
11007,07/06/2024,12/06/2024,Loggi,São Paulo,da Luz,3,5,78.76,Entregue
30722,22/12/2024,29/12/2024,Jadlog,Recife,Silveira,7,7,88.1,Entregue
31474,05/12/2024,11/12/2024,Azul Cargo,São Paulo,Ferreira,5,6,16.16,Entregue
51071,03/05/2024,09/05/2024,Loggi,Salvador,Ferreira,5,6,98.41,Entregue
57838,01/07/2024,04/07/2024,Correios,Recife,Rezende,3,3,238.93,Entregue
21036,18/06/2024,22/06/2024,Azul Cargo,Belo Horizonte,Pinto do Galho,2,4,160.96,Entregue
30372,22/01/2024,27/01/2024,Correios,Salvador,Azevedo,2,5,191.52,Entregue
63254,16/07/2024,21/07/2024,Azul Cargo,Salvador,Duarte,6,5,202.56,Em trânsito
4640,09/05/2024,12/05/2024,Loggi,Salvador,da Costa,3,3,161.22,Entregue
9842,28/08/2024,04/09/2024,Loggi,São Paulo,Santos,7,7,192.87,Entregue
4058,25/03/2024,30/03/2024,Loggi,São Paulo,Almeida,6,5,120.94,Entregue
55903,10/09/2024,11/09/2024,Correios,São Paulo,Moraes,2,1,180.92,Entregue
24930,21/03/2024,26/03/2024,Loggi,São Paulo,Pinto,5,5,218.57,Entregue
65438,15/12/2024,24/12/2024,Jadlog,São Paulo,Pinto do Galho,7,9,98.31,Entregue
18266,12/03/2024,15/03/2024,Correios,Salvador,das Neves das Flores,3,3,121.01,Entregue
65520,03/02/2024,06/02/2024,Jadlog,Curitiba,Ramos,3,3,37.9,Entregue
25305,28/11/2024,07/12/2024,Loggi,Belo Horizonte,Cardoso de Pires,10,9,217.26,Entregue
29861,07/09/2024,20/09/2024,Loggi,Recife,Nascimento Grande,10,13,241.29,Entregue
16381,09/11/2024,15/11/2024,Loggi,Curitiba,Cunha de Fernandes,7,6,179.82,Entregue
53182,03/01/2024,12/01/2024,Azul Cargo,Recife,Barros de Moura,7,9,179.0,Entregue
62971,06/02/2024,12/02/2024,Azul Cargo,Salvador,Costela,6,6,211.87,Em trânsito
6492,13/11/2024,18/11/2024,Azul Cargo,São Paulo,Vieira de Goiás,3,5,215.85,Entregue
11062,10/07/2024,17/07/2024,Correios,Belo Horizonte,Aragão do Oeste,8,7,128.56,Entregue
33991,20/07/2024,26/07/2024,Jadlog,Recife,Costela,7,6,273.97,Entregue
4365,07/12/2024,19/12/2024,Correios,Belo Horizonte,Costela,9,12,195.07,Entregue
3336,22/04/2024,02/05/2024,Loggi,Belo Horizonte,Nogueira,7,10,214.11,Entregue
56541,12/12/2024,18/12/2024,Jadlog,Salvador,Farias do Campo,4,6,169.59,Entregue
60017,24/07/2024,29/07/2024,Azul Cargo,Recife,Farias,2,5,265.77,Entregue
5173,02/06/2024,07/06/2024,Azul Cargo,Salvador,Azevedo,3,5,247.03,Entregue
50205,08/12/2024,16/12/2024,Correios,São Paulo,Cardoso de Goiás,9,8,192.43,Entregue
25653,28/10/2024,04/11/2024,Loggi,Recife,Vieira,6,7,170.54,Entregue
22751,18/06/2024,25/06/2024,Jadlog,Curitiba,Lopes,5,7,155.22,Entregue
56624,09/05/2024,18/05/2024,Loggi,São Paulo,da Conceição Grande,9,9,221.29,Entregue
58809,22/12/2024,24/12/2024,Azul Cargo,Curitiba,Costela de da Mota,3,2,135.14,Entregue
22068,10/07/2024,21/07/2024,Loggi,Curitiba,Ribeiro,9,11,65.16,Entregue
26071,12/10/2024,21/10/2024,Jadlog,Curitiba,Fernandes de Campos,10,9,23.84,Entregue
33004,02/03/2024,12/03/2024,Loggi,Belo Horizonte,Peixoto,7,10,216.59,Entregue
64639,15/03/2024,25/03/2024,Jadlog,Recife,Sales Paulista,10,10,152.25,Entregue
46064,07/06/2024,15/06/2024,Loggi,Belo Horizonte,Teixeira,7,8,278.04,Entregue
23404,04/09/2024,07/09/2024,Loggi,Recife,Novaes,2,3,75.3,Entregue
5315,11/09/2024,14/09/2024,Loggi,Salvador,Nascimento,2,3,279.93,Entregue
11793,08/10/2024,15/10/2024,Azul Cargo,Recife,Barros de Costa,4,7,202.28,Entregue
4249,15/05/2024,21/05/2024,Jadlog,Curitiba,Fernandes,7,6,152.87,Entregue
53871,11/01/2024,17/01/2024,Loggi,Recife,Correia de Pereira,6,6,215.94,Entregue
42718,13/10/2024,19/10/2024,Azul Cargo,Salvador,Oliveira do Norte,4,6,11.53,Entregue
22803,15/09/2024,25/09/2024,Azul Cargo,Curitiba,Melo,7,10,167.84,Entregue
45491,06/02/2024,07/02/2024,Correios,Recife,Almeida de Freitas,2,1,231.49,Entregue
48491,09/03/2024,19/03/2024,Azul Cargo,Belo Horizonte,Caldeira,9,10,229.57,Entregue
39509,09/12/2024,12/12/2024,Correios,Belo Horizonte,Alves,3,3,136.54,Entregue
58070,10/11/2024,15/11/2024,Azul Cargo,São Paulo,Jesus Paulista,3,5,176.94,Entregue
67288,09/11/2024,18/11/2024,Correios,Belo Horizonte,Aragão,6,9,281.71,Entregue
14216,11/10/2024,24/10/2024,Correios,Salvador,da Conceição,10,13,292.34,Entregue
59428,16/03/2024,20/03/2024,Jadlog,Salvador,Castro de da Rosa,5,4,32.82,Em trânsito
44322,22/08/2024,30/08/2024,Loggi,Curitiba,Cardoso,7,8,164.11,Entregue
964,11/08/2024,13/08/2024,Loggi,Recife,Carvalho,2,2,87.02,Entregue
52799,22/11/2024,29/11/2024,Correios,Curitiba,Monteiro,7,7,263.28,Entregue
62465,01/02/2024,04/02/2024,Azul Cargo,Belo Horizonte,Aragão,3,3,134.16,Em trânsito
6598,10/02/2024,17/02/2024,Correios,São Paulo,Fernandes do Campo,4,7,115.82,Entregue
44620,24/04/2024,04/05/2024,Jadlog,Recife,da Rosa,9,10,99.43,Entregue
62690,28/06/2024,05/07/2024,Correios,Belo Horizonte,Campos do Norte,6,7,243.83,Entregue
61573,27/11/2024,04/12/2024,Correios,Curitiba,Porto,4,7,68.44,Entregue
28327,27/08/2024,06/09/2024,Azul Cargo,Recife,Fogaça de Goiás,9,10,295.81,Entregue
45534,12/05/2024,14/05/2024,Correios,Salvador,Azevedo da Serra,3,2,171.1,Entregue
58463,18/01/2024,25/01/2024,Correios,Recife,Ribeiro de Cunha,5,7,200.1,Entregue
36244,11/07/2024,13/07/2024,Azul Cargo,São Paulo,Fernandes do Campo,2,2,237.32,Entregue
59058,15/02/2024,22/02/2024,Jadlog,Curitiba,Gomes de da Costa,7,7,285.18,Entregue
26654,04/12/2024,09/12/2024,Correios,Belo Horizonte,Silveira de da Mota,4,5,138.71,Entregue
36655,11/08/2024,20/08/2024,Jadlog,Recife,Dias,9,9,237.16,Entregue
582,16/07/2024,20/07/2024,Correios,Belo Horizonte,da Luz Alegre,4,4,86.35,Em trânsito
11780,22/09/2024,23/09/2024,Loggi,Belo Horizonte,Melo,2,1,123.91,Entregue
6341,08/08/2024,16/08/2024,Jadlog,São Paulo,Jesus,5,8,275.12,Entregue
67525,04/12/2024,08/12/2024,Azul Cargo,Belo Horizonte,Silveira de Novaes,5,4,156.22,Entregue
30260,02/06/2024,06/06/2024,Azul Cargo,Salvador,Barbosa da Serra,5,4,241.56,Entregue
34142,09/05/2024,17/05/2024,Jadlog,São Paulo,Cardoso,6,8,234.59,Entregue
33174,13/02/2024,18/02/2024,Loggi,Belo Horizonte,Costela do Sul,3,5,170.53,Entregue
12274,14/06/2024,23/06/2024,Correios,Recife,Cardoso,9,9,57.31,Entregue
4529,17/10/2024,27/10/2024,Correios,São Paulo,Monteiro dos Dourados,9,10,224.7,Em trânsito
43248,14/07/2024,21/07/2024,Jadlog,São Paulo,Lopes da Serra,6,7,219.23,Entregue
12108,19/07/2024,28/07/2024,Jadlog,São Paulo,Vieira do Sul,7,9,219.12,Entregue
30327,12/10/2024,15/10/2024,Jadlog,São Paulo,Moraes de Goiás,2,3,57.19,Entregue
14557,14/08/2024,23/08/2024,Azul Cargo,Belo Horizonte,Novaes,8,9,252.12,Entregue
22274,18/08/2024,26/08/2024,Loggi,Belo Horizonte,Rezende,6,8,109.68,Entregue
5334,22/10/2024,30/10/2024,Jadlog,Recife,Dias,6,8,217.01,Devolvido
41309,23/05/2024,31/05/2024,Azul Cargo,São Paulo,Fernandes de Campos,5,8,263.24,Entregue
62266,20/03/2024,01/04/2024,Azul Cargo,Belo Horizonte,Correia do Oeste,10,12,247.27,Entregue
33027,03/04/2024,15/04/2024,Jadlog,Belo Horizonte,da Mata,10,12,218.73,Entregue
24630,17/11/2024,25/11/2024,Loggi,São Paulo,Santos,6,8,64.77,Entregue
12082,18/05/2024,22/05/2024,Loggi,Recife,da Cunha Grande,5,4,79.3,Entregue
29526,16/12/2024,25/12/2024,Azul Cargo,Recife,Moraes,8,9,295.1,Em trânsito
61330,03/08/2024,05/08/2024,Azul Cargo,Salvador,Azevedo Paulista,2,2,226.95,Entregue
42559,05/05/2024,15/05/2024,Jadlog,São Paulo,Rezende,8,10,82.88,Entregue
64852,15/06/2024,22/06/2024,Azul Cargo,Salvador,Oliveira do Norte,6,7,77.04,Entregue
19534,15/02/2024,24/02/2024,Azul Cargo,Curitiba,Peixoto,10,9,26.71,Entregue
50394,19/11/2024,26/11/2024,Correios,Curitiba,Pereira,5,7,163.71,Em trânsito
3758,16/10/2024,23/10/2024,Correios,Salvador,Moraes,7,7,201.97,Entregue
12654,06/04/2024,11/04/2024,Azul Cargo,Belo Horizonte,Rezende,3,5,222.03,Entregue
12257,09/05/2024,18/05/2024,Correios,Belo Horizonte,da Mota do Amparo,8,9,184.5,Entregue
9843,08/08/2024,14/08/2024,Jadlog,São Paulo,Viana,6,6,47.14,Entregue
14400,07/10/2024,14/10/2024,Azul Cargo,Curitiba,Alves das Pedras,4,7,18.09,Entregue
56745,06/12/2024,14/12/2024,Loggi,São Paulo,Jesus Paulista,5,8,243.87,Entregue
63993,07/07/2024,09/07/2024,Loggi,Curitiba,Costela da Prata,2,2,156.38,Entregue
48744,01/09/2024,12/09/2024,Azul Cargo,Belo Horizonte,Rocha Grande,10,11,167.51,Entregue
14132,27/05/2024,04/06/2024,Loggi,Belo Horizonte,Fogaça de Goiás,8,8,91.93,Entregue
15588,02/11/2024,09/11/2024,Loggi,Curitiba,Fernandes do Oeste,8,7,33.34,Entregue
66433,19/12/2024,28/12/2024,Correios,Salvador,da Luz Grande,6,9,214.87,Entregue
10173,23/08/2024,26/08/2024,Jadlog,Curitiba,da Cruz,2,3,80.42,Entregue
45774,10/09/2024,14/09/2024,Azul Cargo,Recife,Almeida,4,4,26.98,Entregue
30812,10/03/2024,18/03/2024,Loggi,Belo Horizonte,Novaes de Ribeiro,6,8,299.44,Entregue
2993,08/03/2024,15/03/2024,Azul Cargo,São Paulo,Lopes,7,7,116.12,Entregue
14553,11/08/2024,16/08/2024,Correios,São Paulo,Barros de Costa,3,5,147.25,Entregue
32486,19/04/2024,28/04/2024,Jadlog,Salvador,Teixeira,10,9,136.5,Entregue
24448,21/11/2024,28/11/2024,Azul Cargo,Recife,Caldeira de da Mota,5,7,208.6,Em trânsito
22906,26/04/2024,08/05/2024,Jadlog,Belo Horizonte,da Cunha Grande,10,12,222.1,Entregue
59667,22/08/2024,01/09/2024,Jadlog,Curitiba,da Luz,10,10,141.65,Entregue
12959,02/03/2024,10/03/2024,Azul Cargo,Recife,Santos dos Dourados,9,8,288.06,Entregue
16359,17/10/2024,26/10/2024,Correios,Recife,Aragão de Moreira,9,9,159.24,Entregue
56900,19/11/2024,27/11/2024,Azul Cargo,São Paulo,da Mota do Amparo,6,8,135.29,Entregue
31571,19/05/2024,24/05/2024,Correios,Salvador,Pinto dos Dourados,2,5,163.5,Entregue
27405,18/07/2024,25/07/2024,Correios,Curitiba,Lima de Lima,7,7,172.6,Entregue
1423,26/06/2024,06/07/2024,Loggi,Recife,Ramos do Campo,10,10,33.68,Entregue
19682,24/11/2024,07/12/2024,Azul Cargo,Salvador,Oliveira,10,13,214.17,Entregue
43728,03/01/2024,12/01/2024,Azul Cargo,Recife,Sales Paulista,7,9,248.39,Entregue
33393,01/02/2024,08/02/2024,Jadlog,Curitiba,Pires,7,7,234.78,Entregue
65105,09/04/2024,15/04/2024,Correios,Belo Horizonte,Lopes dos Dourados,6,6,185.9,Entregue
11068,19/07/2024,21/07/2024,Azul Cargo,Recife,da Costa Verde,2,2,205.68,Entregue
21299,09/05/2024,10/05/2024,Jadlog,São Paulo,Alves do Galho,2,1,19.68,Entregue
2291,01/04/2024,08/04/2024,Azul Cargo,Salvador,Cardoso,8,7,179.99,Entregue
24665,24/01/2024,30/01/2024,Loggi,Belo Horizonte,Costela da Mata,4,6,94.63,Entregue
14096,21/02/2024,24/02/2024,Jadlog,Belo Horizonte,Correia do Galho,4,3,232.17,Entregue
29343,22/11/2024,03/12/2024,Correios,Salvador,Freitas,9,11,158.16,Entregue
22293,22/09/2024,25/09/2024,Jadlog,Recife,da Mota de Fogaça,3,3,205.03,Entregue
37958,25/05/2024,02/06/2024,Loggi,Belo Horizonte,Oliveira,8,8,249.62,Devolvido
61322,20/08/2024,22/08/2024,Jadlog,São Paulo,Silveira,3,2,129.64,Em trânsito
10982,24/05/2024,01/06/2024,Azul Cargo,Curitiba,Gonçalves de Goiás,8,8,206.25,Entregue
39903,04/05/2024,12/05/2024,Correios,São Paulo,da Rosa do Amparo,9,8,256.74,Entregue
67245,28/10/2024,06/11/2024,Correios,Salvador,da Mota,6,9,125.01,Entregue
19031,26/12/2024,07/01/2025,Correios,Recife,Jesus de Freitas,10,12,220.15,Entregue
67410,15/05/2024,26/05/2024,Jadlog,Curitiba,Fogaça,9,11,159.48,Entregue
7169,08/11/2024,15/11/2024,Correios,Belo Horizonte,Vieira do Campo,4,7,73.59,Entregue
16949,24/01/2024,02/02/2024,Correios,Curitiba,Martins dos Dourados,9,9,67.89,Entregue
23965,12/05/2024,24/05/2024,Jadlog,Belo Horizonte,Carvalho Grande,9,12,218.48,Entregue
10470,09/05/2024,17/05/2024,Azul Cargo,Salvador,Freitas Grande,8,8,22.91,Entregue
45402,25/11/2024,01/12/2024,Correios,Salvador,Freitas de Lima,4,6,268.36,Entregue
60708,11/11/2024,14/11/2024,Jadlog,Belo Horizonte,da Cruz,4,3,243.34,Entregue
42528,21/04/2024,01/05/2024,Jadlog,Salvador,Melo do Oeste,8,10,109.81,Entregue
51590,15/04/2024,27/04/2024,Azul Cargo,Recife,Monteiro,10,12,182.64,Entregue
20352,16/12/2024,28/12/2024,Correios,Recife,Jesus dos Dourados,10,12,94.46,Entregue
3565,19/04/2024,28/04/2024,Jadlog,Curitiba,Ribeiro Verde,7,9,205.75,Entregue
13313,24/12/2024,01/01/2025,Azul Cargo,Belo Horizonte,das Neves de Goiás,9,8,86.21,Em trânsito
25956,04/03/2024,05/03/2024,Loggi,Belo Horizonte,da Paz de Almeida,2,1,201.38,Entregue
7846,07/08/2024,16/08/2024,Loggi,Belo Horizonte,Moura,9,9,138.96,Entregue
16065,14/02/2024,21/02/2024,Correios,Curitiba,da Cruz,7,7,155.34,Entregue
21930,04/11/2024,09/11/2024,Jadlog,Belo Horizonte,Jesus do Galho,2,5,224.12,Entregue
42602,02/07/2024,07/07/2024,Loggi,Curitiba,Aragão,3,5,165.24,Entregue
44380,27/12/2024,04/01/2025,Correios,Belo Horizonte,Farias Paulista,5,8,270.33,Entregue
16296,03/05/2024,10/05/2024,Loggi,Salvador,da Cunha Alegre,8,7,285.49,Entregue
45297,01/08/2024,06/08/2024,Azul Cargo,Belo Horizonte,da Conceição da Mata,5,5,72.43,Em trânsito
12075,18/05/2024,20/05/2024,Correios,Curitiba,Lopes,2,2,251.92,Em trânsito
59989,01/05/2024,09/05/2024,Loggi,Curitiba,Caldeira das Pedras,7,8,193.88,Entregue
60196,02/07/2024,12/07/2024,Loggi,Recife,da Mota,10,10,187.93,Entregue
67307,18/11/2024,21/11/2024,Azul Cargo,Recife,Barros,4,3,208.05,Devolvido
14493,03/04/2024,10/04/2024,Jadlog,Recife,Carvalho Grande,7,7,228.46,Entregue
43080,12/08/2024,17/08/2024,Azul Cargo,Recife,Caldeira de da Mota,5,5,37.52,Entregue
60702,16/11/2024,25/11/2024,Correios,Recife,da Rosa do Norte,10,9,181.19,Entregue
38877,01/07/2024,04/07/2024,Jadlog,São Paulo,Fernandes do Norte,3,3,39.32,Entregue
37766,11/03/2024,19/03/2024,Correios,Curitiba,da Rosa,6,8,20.75,Em trânsito
38061,26/11/2024,28/11/2024,Loggi,Curitiba,Nunes,2,2,145.33,Entregue
45192,13/06/2024,22/06/2024,Loggi,São Paulo,Nascimento Grande,9,9,188.74,Entregue
51183,15/11/2024,26/11/2024,Correios,Recife,Porto de Goiás,9,11,89.82,Entregue
21982,15/02/2024,20/02/2024,Jadlog,Recife,Porto,6,5,197.71,Entregue
13717,10/04/2024,19/04/2024,Azul Cargo,Recife,da Cunha,10,9,28.42,Entregue
53033,03/03/2024,11/03/2024,Jadlog,Recife,Aragão,7,8,30.72,Em trânsito
17225,10/08/2024,19/08/2024,Loggi,Belo Horizonte,Aragão,7,9,23.93,Entregue
54973,07/12/2024,18/12/2024,Azul Cargo,Recife,Pires,10,11,121.07,Entregue
28760,22/09/2024,29/09/2024,Correios,Belo Horizonte,Araújo Verde,6,7,68.12,Entregue
38938,16/10/2024,24/10/2024,Jadlog,Salvador,Nascimento,8,8,108.07,Entregue
10987,20/05/2024,25/05/2024,Correios,Belo Horizonte,da Luz Grande,6,5,92.86,Entregue
22476,10/10/2024,13/10/2024,Azul Cargo,Curitiba,Duarte,4,3,242.06,Entregue
47192,20/09/2024,27/09/2024,Loggi,Belo Horizonte,Lopes de da Cunha,6,7,237.1,Entregue
50753,05/08/2024,10/08/2024,Azul Cargo,Recife,da Rocha das Flores,6,5,203.36,Entregue
39596,05/06/2024,10/06/2024,Loggi,Curitiba,Ramos de Lima,3,5,249.09,Entregue
26567,13/06/2024,24/06/2024,Correios,São Paulo,das Neves de Goiás,10,11,139.3,Entregue
6514,04/12/2024,10/12/2024,Correios,Belo Horizonte,Duarte Grande,6,6,179.02,Entregue
61809,23/02/2024,28/02/2024,Azul Cargo,São Paulo,Silva de Moura,3,5,218.09,Entregue
59213,04/01/2024,08/01/2024,Jadlog,Salvador,Costa,5,4,204.98,Entregue
41166,18/02/2024,28/02/2024,Jadlog,Belo Horizonte,Ferreira,7,10,255.7,Em trânsito
64849,01/06/2024,05/06/2024,Azul Cargo,Belo Horizonte,Oliveira do Galho,2,4,36.75,Entregue
22638,10/09/2024,18/09/2024,Correios,Salvador,Moreira,6,8,15.47,Entregue
63244,01/07/2024,10/07/2024,Correios,Recife,Gonçalves de Goiás,10,9,199.48,Entregue
7134,22/09/2024,27/09/2024,Loggi,Belo Horizonte,Aragão do Oeste,6,5,98.01,Devolvido
43329,17/12/2024,29/12/2024,Loggi,Belo Horizonte,Alves do Amparo,10,12,199.54,Entregue
16963,10/02/2024,15/02/2024,Azul Cargo,Recife,Lima,6,5,176.83,Entregue
48425,27/12/2024,05/01/2025,Jadlog,Belo Horizonte,Freitas,10,9,269.45,Entregue
38059,03/11/2024,16/11/2024,Azul Cargo,Curitiba,Teixeira,10,13,47.01,Entregue
53590,04/07/2024,08/07/2024,Correios,São Paulo,Martins de Minas,2,4,213.31,Entregue
6637,16/04/2024,25/04/2024,Azul Cargo,Curitiba,Freitas do Norte,8,9,175.67,Entregue
30219,26/03/2024,29/03/2024,Correios,Belo Horizonte,Fernandes do Galho,3,3,263.22,Entregue
33037,12/05/2024,14/05/2024,Jadlog,São Paulo,Silva do Sul,2,2,80.57,Entregue
4846,08/05/2024,15/05/2024,Jadlog,Curitiba,Fogaça do Galho,8,7,251.64,Entregue
16766,15/11/2024,27/11/2024,Correios,São Paulo,Fogaça do Norte,10,12,124.06,Entregue
31113,19/12/2024,30/12/2024,Jadlog,Recife,Duarte,9,11,259.89,Entregue
41970,18/01/2024,24/01/2024,Azul Cargo,Recife,Dias,3,6,126.28,Entregue
58346,08/06/2024,19/06/2024,Correios,Curitiba,da Rosa de Duarte,8,11,191.06,Entregue
47782,21/01/2024,31/01/2024,Loggi,Belo Horizonte,Souza,8,10,80.81,Entregue
37271,12/07/2024,23/07/2024,Correios,Salvador,Fogaça do Sul,10,11,56.77,Entregue
66444,17/12/2024,25/12/2024,Loggi,Recife,Barros da Prata,7,8,95.5,Entregue
37331,20/11/2024,26/11/2024,Correios,Curitiba,Jesus dos Dourados,7,6,166.34,Entregue
18926,22/09/2024,26/09/2024,Jadlog,Salvador,Gonçalves,5,4,228.17,Entregue
43286,13/09/2024,21/09/2024,Loggi,São Paulo,Farias,5,8,37.01,Entregue
63249,01/07/2024,03/07/2024,Loggi,São Paulo,da Costa,3,2,22.27,Entregue
64422,26/01/2024,28/01/2024,Correios,Recife,Barbosa das Flores,3,2,174.44,Entregue
62757,24/08/2024,01/09/2024,Correios,Belo Horizonte,da Mata,5,8,67.79,Entregue
20284,26/10/2024,04/11/2024,Azul Cargo,Salvador,Almeida da Praia,8,9,63.81,Entregue
53120,08/09/2024,17/09/2024,Jadlog,Salvador,Nogueira,8,9,152.65,Entregue
17835,06/12/2024,12/12/2024,Jadlog,Recife,Ramos de Nogueira,3,6,36.52,Entregue
26240,04/09/2024,05/09/2024,Jadlog,São Paulo,Barbosa do Amparo,2,1,109.46,Entregue
7476,03/07/2024,13/07/2024,Correios,Recife,das Neves do Sul,7,10,212.26,Entregue
32835,09/03/2024,14/03/2024,Correios,Salvador,Pereira,3,5,106.5,Entregue
63790,12/03/2024,21/03/2024,Azul Cargo,São Paulo,da Luz do Galho,9,9,293.54,Entregue
50195,22/11/2024,28/11/2024,Correios,Belo Horizonte,Silva do Oeste,5,6,283.05,Entregue
1880,07/10/2024,16/10/2024,Jadlog,Belo Horizonte,Barros de Moura,9,9,102.6,Entregue
33409,23/03/2024,27/03/2024,Correios,Curitiba,Barbosa do Oeste,4,4,108.82,Entregue
52586,21/09/2024,04/10/2024,Jadlog,Recife,Dias de Minas,10,13,50.97,Entregue
8738,06/01/2024,14/01/2024,Azul Cargo,Recife,da Mota,8,8,62.22,Entregue
63527,11/12/2024,14/12/2024,Correios,Curitiba,Rocha Grande,4,3,151.84,Em trânsito
41935,25/10/2024,30/10/2024,Loggi,Recife,Barros de Moura,4,5,284.53,Entregue
41361,04/07/2024,11/07/2024,Jadlog,São Paulo,Cardoso,7,7,196.07,Entregue
30391,19/01/2024,23/01/2024,Azul Cargo,São Paulo,da Rosa de Duarte,3,4,107.1,Entregue
64156,15/11/2024,18/11/2024,Loggi,Belo Horizonte,Alves,3,3,85.39,Entregue
23283,15/06/2024,25/06/2024,Jadlog,Recife,Azevedo,8,10,256.68,Entregue
35275,03/08/2024,14/08/2024,Correios,Curitiba,Almeida do Norte,9,11,160.77,Entregue
18597,16/10/2024,21/10/2024,Azul Cargo,Curitiba,Mendes,5,5,49.06,Entregue
49085,01/07/2024,12/07/2024,Jadlog,São Paulo,Freitas de Moraes,8,11,94.01,Entregue
44970,15/01/2024,23/01/2024,Azul Cargo,Curitiba,Pinto de Gomes,9,8,43.25,Entregue
19899,16/01/2024,20/01/2024,Correios,São Paulo,Castro de Carvalho,5,4,164.78,Entregue
65400,28/11/2024,04/12/2024,Jadlog,Recife,Ribeiro de Cunha,5,6,226.26,Entregue
19377,04/07/2024,09/07/2024,Jadlog,Curitiba,Cardoso,4,5,217.23,Entregue
36410,05/03/2024,10/03/2024,Loggi,São Paulo,Moreira de Goiás,2,5,64.82,Entregue
59055,13/02/2024,21/02/2024,Loggi,Belo Horizonte,da Luz,5,8,151.4,Devolvido
24558,07/06/2024,17/06/2024,Jadlog,Recife,Viana,8,10,151.75,Entregue
14304,15/04/2024,20/04/2024,Azul Cargo,Salvador,Rocha,6,5,200.18,Entregue
56889,07/10/2024,12/10/2024,Correios,Curitiba,Barbosa,6,5,50.35,Entregue
48740,22/08/2024,01/09/2024,Correios,Belo Horizonte,Almeida,9,10,196.55,Entregue
115,06/03/2024,12/03/2024,Azul Cargo,Belo Horizonte,Araújo,5,6,13.32,Entregue
13668,15/12/2024,18/12/2024,Jadlog,Salvador,Barbosa,4,3,256.27,Entregue
13204,08/05/2024,15/05/2024,Loggi,Belo Horizonte,Cardoso,6,7,261.78,Entregue
16970,07/02/2024,08/02/2024,Azul Cargo,Salvador,Carvalho,2,1,199.96,Entregue
64237,05/01/2024,12/01/2024,Loggi,São Paulo,Pinto do Galho,5,7,199.09,Entregue
54427,11/02/2024,16/02/2024,Jadlog,Recife,Aragão de Cardoso,2,5,112.26,Entregue
25330,07/12/2024,11/12/2024,Loggi,Recife,Correia de Pereira,2,4,164.21,Entregue
43707,22/01/2024,27/01/2024,Azul Cargo,São Paulo,Gonçalves de Goiás,3,5,90.56,Entregue
23837,28/09/2024,04/10/2024,Loggi,Salvador,Silveira,7,6,80.01,Entregue
9938,10/04/2024,17/04/2024,Azul Cargo,São Paulo,Duarte,5,7,75.29,Entregue
1419,23/05/2024,31/05/2024,Loggi,Salvador,Moraes das Flores,5,8,152.49,Entregue
47098,18/03/2024,25/03/2024,Loggi,Curitiba,Melo,6,7,126.16,Entregue
52011,25/07/2024,27/07/2024,Jadlog,Recife,Lopes,3,2,184.81,Entregue
17263,09/11/2024,18/11/2024,Jadlog,Belo Horizonte,Mendes de Cardoso,8,9,186.12,Entregue
64336,09/08/2024,14/08/2024,Correios,Recife,Freitas do Norte,5,5,79.55,Em trânsito
3027,18/05/2024,30/05/2024,Azul Cargo,Belo Horizonte,Ramos,9,12,133.15,Entregue
24599,12/09/2024,22/09/2024,Azul Cargo,Salvador,da Mota de Cardoso,9,10,123.34,Entregue
63481,17/10/2024,21/10/2024,Correios,Curitiba,Pires,3,4,119.37,Entregue
3001,23/03/2024,30/03/2024,Jadlog,São Paulo,Moraes,4,7,36.93,Entregue
61200,24/12/2024,31/12/2024,Jadlog,Belo Horizonte,da Mota do Sul,5,7,10.37,Entregue
16054,23/01/2024,30/01/2024,Correios,Curitiba,Barros de Costa,7,7,199.81,Entregue
65568,12/03/2024,19/03/2024,Loggi,Salvador,Freitas Grande,6,7,19.37,Entregue
64827,28/04/2024,05/05/2024,Correios,São Paulo,Rodrigues,8,7,217.18,Entregue
28049,15/01/2024,23/01/2024,Loggi,Recife,Oliveira da Serra,5,8,41.34,Entregue
44982,27/01/2024,03/02/2024,Loggi,Recife,Monteiro de Minas,7,7,174.33,Entregue
25110,10/07/2024,17/07/2024,Jadlog,São Paulo,da Rosa,6,7,276.09,Entregue
550,20/05/2024,01/06/2024,Loggi,Recife,Cunha,10,12,296.84,Entregue
12558,18/12/2024,30/12/2024,Jadlog,Salvador,da Costa Grande,10,12,271.83,Entregue
28604,24/05/2024,28/05/2024,Correios,Recife,Nogueira do Oeste,2,4,59.21,Entregue
12103,20/06/2024,22/06/2024,Jadlog,Salvador,Ramos,2,2,242.94,Entregue
23296,27/06/2024,06/07/2024,Jadlog,Belo Horizonte,Santos,7,9,117.81,Em trânsito
12960,28/03/2024,10/04/2024,Azul Cargo,Belo Horizonte,Moreira de Goiás,10,13,193.01,Entregue
26492,21/02/2024,25/02/2024,Azul Cargo,São Paulo,da Luz,2,4,121.67,Entregue
56375,05/12/2024,12/12/2024,Loggi,Belo Horizonte,Gomes do Oeste,5,7,214.75,Entregue
66470,22/01/2024,28/01/2024,Correios,Salvador,Duarte,7,6,259.49,Entregue
23748,09/02/2024,17/02/2024,Jadlog,Recife,Dias de Minas,6,8,85.22,Entregue
9039,18/05/2024,23/05/2024,Jadlog,Belo Horizonte,Campos,2,5,28.03,Entregue
19812,17/08/2024,26/08/2024,Azul Cargo,Salvador,Rezende,8,9,170.88,Entregue
3616,17/05/2024,20/05/2024,Azul Cargo,Salvador,Fogaça,3,3,235.56,Entregue
48343,23/10/2024,05/11/2024,Correios,Belo Horizonte,da Rocha de da Luz,10,13,177.92,Entregue
24546,20/05/2024,28/05/2024,Jadlog,Salvador,Fernandes do Norte,6,8,95.0,Entregue
66276,18/08/2024,28/08/2024,Correios,Salvador,Pires,7,10,89.75,Em trânsito
49315,14/10/2024,24/10/2024,Jadlog,São Paulo,Carvalho,10,10,232.99,Entregue
28922,20/12/2024,22/12/2024,Jadlog,Recife,Vieira de Cavalcanti,3,2,158.94,Entregue
3057,11/07/2024,23/07/2024,Correios,São Paulo,Cardoso de Pires,10,12,163.86,Entregue
16746,02/10/2024,05/10/2024,Loggi,Belo Horizonte,Caldeira,2,3,211.67,Entregue
6897,05/05/2024,12/05/2024,Loggi,Salvador,da Mata,8,7,36.9,Entregue
4337,26/10/2024,01/11/2024,Jadlog,Recife,da Cruz,5,6,215.41,Entregue
66682,12/12/2024,15/12/2024,Azul Cargo,São Paulo,Moraes das Flores,3,3,50.39,Em trânsito
4531,03/10/2024,11/10/2024,Jadlog,São Paulo,Viana de Cardoso,5,8,126.2,Entregue
3636,11/06/2024,17/06/2024,Jadlog,Belo Horizonte,Farias,6,6,90.68,Entregue
66229,15/07/2024,20/07/2024,Correios,Recife,Farias,5,5,49.15,Entregue
30862,12/04/2024,22/04/2024,Loggi,Belo Horizonte,Cardoso,8,10,212.68,Entregue
46704,26/12/2024,03/01/2025,Correios,Belo Horizonte,Ramos,6,8,293.04,Entregue
45889,22/02/2024,01/03/2024,Correios,Belo Horizonte,Dias,7,8,254.46,Entregue
30948,23/07/2024,24/07/2024,Correios,Salvador,Moreira,2,1,57.88,Entregue
31351,16/04/2024,19/04/2024,Loggi,Salvador,Ribeiro,3,3,136.71,Entregue
54004,05/10/2024,11/10/2024,Jadlog,Salvador,Fogaça,3,6,61.08,Entregue
37558,15/12/2024,17/12/2024,Jadlog,Salvador,Lopes de da Cunha,2,2,254.19,Entregue
38718,24/09/2024,05/10/2024,Correios,Salvador,Cavalcanti da Praia,10,11,17.57,Entregue
4362,01/12/2024,06/12/2024,Azul Cargo,Curitiba,Moura,3,5,57.37,Entregue
67898,15/01/2024,24/01/2024,Correios,Salvador,da Cruz,8,9,208.56,Entregue
30211,24/03/2024,02/04/2024,Jadlog,Curitiba,Melo,8,9,93.31,Entregue
4283,15/07/2024,21/07/2024,Azul Cargo,São Paulo,Melo,4,6,18.34,Entregue
28345,13/09/2024,20/09/2024,Loggi,São Paulo,Cardoso de da Mota,8,7,245.34,Entregue
26439,19/11/2024,24/11/2024,Azul Cargo,Curitiba,Moreira de Araújo,3,5,104.59,Entregue
61439,28/02/2024,07/03/2024,Loggi,Curitiba,da Rocha,5,8,265.21,Entregue
47773,21/12/2024,28/12/2024,Loggi,Curitiba,da Paz do Sul,8,7,191.57,Entregue
29028,28/05/2024,03/06/2024,Correios,Belo Horizonte,Nogueira do Campo,3,6,192.99,Entregue
11646,13/12/2024,26/12/2024,Azul Cargo,Belo Horizonte,Barros de Cardoso,10,13,143.71,Entregue
10931,08/04/2024,13/04/2024,Correios,Recife,Peixoto,4,5,183.32,Entregue
14523,09/06/2024,20/06/2024,Azul Cargo,Recife,da Cunha do Norte,9,11,76.23,Entregue
45411,27/11/2024,05/12/2024,Loggi,Curitiba,da Cruz do Sul,6,8,211.86,Entregue
32884,25/07/2024,04/08/2024,Correios,Curitiba,Novaes,10,10,166.09,Entregue
18628,26/12/2024,03/01/2025,Azul Cargo,Belo Horizonte,Costa,9,8,17.0,Entregue
14792,10/08/2024,16/08/2024,Jadlog,Curitiba,da Conceição,4,6,135.6,Entregue
63707,02/01/2024,07/01/2024,Correios,Recife,da Luz da Prata,5,5,146.62,Entregue
55406,13/12/2024,18/12/2024,Jadlog,Curitiba,Duarte,5,5,87.81,Em trânsito
31611,23/06/2024,29/06/2024,Loggi,Curitiba,Almeida,3,6,126.21,Entregue
45063,05/03/2024,08/03/2024,Jadlog,Recife,da Luz,4,3,106.42,Entregue
8924,20/11/2024,28/11/2024,Correios,Belo Horizonte,da Mota,8,8,208.13,Entregue
42861,10/06/2024,18/06/2024,Azul Cargo,Curitiba,Duarte,9,8,61.83,Entregue
61240,05/03/2024,15/03/2024,Azul Cargo,Belo Horizonte,Sales Paulista,10,10,114.39,Entregue
6986,23/11/2024,27/11/2024,Loggi,Salvador,Silva,3,4,55.61,Entregue
52615,02/10/2024,08/10/2024,Loggi,Belo Horizonte,Monteiro da Prata,7,6,213.69,Entregue
10011,26/09/2024,06/10/2024,Loggi,Salvador,Melo,8,10,29.02,Entregue
36363,05/12/2024,09/12/2024,Correios,Salvador,Oliveira Grande,2,4,118.75,Entregue
42972,13/01/2024,20/01/2024,Loggi,Recife,da Cruz,7,7,59.71,Entregue
18630,10/12/2024,21/12/2024,Jadlog,Recife,Freitas Verde,8,11,209.56,Entregue
31973,04/06/2024,16/06/2024,Jadlog,Curitiba,da Luz Alegre,9,12,264.62,Entregue
39960,14/07/2024,18/07/2024,Azul Cargo,Salvador,da Conceição Grande,5,4,288.89,Entregue
62117,14/05/2024,23/05/2024,Azul Cargo,Belo Horizonte,Santos,10,9,246.65,Entregue
24391,08/08/2024,14/08/2024,Jadlog,Curitiba,da Cruz,6,6,83.12,Entregue
53760,03/06/2024,13/06/2024,Jadlog,Curitiba,Duarte,10,10,134.94,Entregue
41494,22/10/2024,29/10/2024,Loggi,Salvador,da Luz,8,7,85.55,Entregue
59510,06/09/2024,14/09/2024,Loggi,Salvador,Viana,8,8,295.25,Entregue
66762,18/06/2024,28/06/2024,Correios,Belo Horizonte,Moura do Campo,8,10,223.6,Entregue
46529,07/01/2024,15/01/2024,Azul Cargo,Salvador,Moraes de da Luz,7,8,146.37,Entregue
47863,13/06/2024,21/06/2024,Loggi,São Paulo,da Paz de Teixeira,7,8,184.17,Entregue
23373,15/08/2024,22/08/2024,Loggi,Recife,Nogueira,4,7,103.13,Entregue
24187,04/07/2024,11/07/2024,Azul Cargo,Curitiba,Campos,6,7,83.47,Entregue
16270,08/03/2024,16/03/2024,Jadlog,Curitiba,da Luz,7,8,241.89,Entregue
24350,02/06/2024,09/06/2024,Correios,Belo Horizonte,Caldeira das Pedras,7,7,40.26,Entregue
65832,07/10/2024,11/10/2024,Jadlog,São Paulo,da Luz,2,4,65.04,Entregue
6634,05/04/2024,10/04/2024,Loggi,Salvador,Monteiro da Praia,4,5,15.07,Entregue
774,10/08/2024,12/08/2024,Jadlog,Salvador,Aragão de Cardoso,2,2,137.66,Entregue
49642,28/09/2024,06/10/2024,Azul Cargo,Salvador,Costa,7,8,88.45,Em trânsito
6430,15/10/2024,22/10/2024,Correios,Salvador,Lopes das Pedras,8,7,276.47,Entregue
43106,08/09/2024,15/09/2024,Jadlog,Recife,Monteiro dos Dourados,5,7,141.82,Entregue
5565,18/06/2024,27/06/2024,Jadlog,Recife,Moreira do Norte,10,9,208.64,Entregue
56781,21/02/2024,26/02/2024,Jadlog,Recife,da Mata,3,5,96.68,Entregue
11817,02/12/2024,09/12/2024,Jadlog,Salvador,Ramos de Moura,5,7,20.99,Entregue
15782,25/10/2024,03/11/2024,Correios,Belo Horizonte,Moura,10,9,57.15,Entregue
24559,02/06/2024,09/06/2024,Azul Cargo,São Paulo,da Costa,6,7,114.7,Entregue
47750,05/11/2024,09/11/2024,Correios,Curitiba,Pinto de Goiás,2,4,203.36,Entregue
944,20/06/2024,23/06/2024,Correios,Recife,Cardoso,3,3,197.2,Entregue
66602,02/08/2024,10/08/2024,Jadlog,Belo Horizonte,da Costa,8,8,224.62,Em trânsito
52132,08/03/2024,17/03/2024,Correios,Salvador,Rocha,6,9,249.06,Entregue
9768,27/04/2024,03/05/2024,Azul Cargo,Salvador,Pires de Moura,6,6,220.35,Entregue
51692,20/11/2024,01/12/2024,Azul Cargo,Belo Horizonte,Jesus do Galho,10,11,119.66,Entregue
33704,02/12/2024,13/12/2024,Correios,Recife,Lima,10,11,225.39,Entregue
49213,21/04/2024,25/04/2024,Correios,Belo Horizonte,Fogaça,3,4,268.72,Entregue
46019,21/05/2024,28/05/2024,Jadlog,Salvador,Pires,6,7,176.62,Entregue
40358,22/11/2024,29/11/2024,Loggi,Curitiba,Moraes,4,7,283.88,Entregue
4885,13/07/2024,20/07/2024,Azul Cargo,Salvador,Silveira Paulista,6,7,43.2,Entregue
6628,17/04/2024,28/04/2024,Jadlog,Belo Horizonte,da Luz de Novaes,8,11,296.95,Entregue
25799,07/05/2024,15/05/2024,Loggi,Curitiba,Melo das Pedras,9,8,69.77,Entregue
59403,03/12/2024,08/12/2024,Correios,Salvador,Carvalho,6,5,202.95,Entregue
40107,26/10/2024,30/10/2024,Correios,São Paulo,Nunes,5,4,90.5,Entregue
29568,17/01/2024,25/01/2024,Azul Cargo,Recife,Rodrigues Verde,6,8,131.72,Entregue
30924,10/06/2024,18/06/2024,Loggi,São Paulo,Vieira,7,8,17.82,Entregue
30403,07/02/2024,14/02/2024,Jadlog,Recife,Barbosa,7,7,166.54,Entregue
22276,19/08/2024,24/08/2024,Azul Cargo,Curitiba,Correia de Pereira,6,5,186.12,Entregue
12267,04/06/2024,11/06/2024,Correios,Belo Horizonte,da Mota das Pedras,7,7,149.89,Entregue
9195,05/12/2024,14/12/2024,Loggi,Curitiba,Teixeira,7,9,152.25,Entregue
37825,17/07/2024,23/07/2024,Azul Cargo,Curitiba,Aragão,5,6,82.99,Em trânsito
19486,14/11/2024,18/11/2024,Loggi,Salvador,da Rosa do Amparo,2,4,257.98,Entregue
44632,24/05/2024,28/05/2024,Azul Cargo,São Paulo,Moraes de Goiás,5,4,278.59,Entregue
61979,16/09/2024,26/09/2024,Loggi,Curitiba,Moreira de Goiás,8,10,123.33,Entregue
19343,10/05/2024,15/05/2024,Azul Cargo,Salvador,Santos,4,5,232.45,Em trânsito
40771,26/03/2024,03/04/2024,Loggi,Salvador,Monteiro,8,8,132.22,Entregue
26065,26/10/2024,04/11/2024,Correios,Curitiba,Azevedo,9,9,104.93,Entregue
53652,04/12/2024,10/12/2024,Jadlog,Curitiba,Farias do Galho,7,6,45.93,Entregue
19911,20/01/2024,25/01/2024,Loggi,Recife,Azevedo das Pedras,4,5,286.06,Entregue
21454,12/09/2024,22/09/2024,Jadlog,Curitiba,Duarte,7,10,259.34,Entregue
7402,02/02/2024,13/02/2024,Jadlog,Salvador,das Neves de Moreira,8,11,102.12,Entregue
66920,05/02/2024,12/02/2024,Loggi,Salvador,da Cunha,8,7,263.31,Em trânsito
37955,22/04/2024,29/04/2024,Loggi,Salvador,Aragão,7,7,220.77,Em trânsito
44005,27/08/2024,04/09/2024,Correios,Curitiba,Duarte do Oeste,8,8,38.54,Entregue
54466,07/05/2024,15/05/2024,Loggi,Salvador,da Costa Grande,6,8,252.83,Entregue
5170,10/06/2024,15/06/2024,Azul Cargo,Salvador,Ramos,2,5,58.7,Entregue
18251,09/02/2024,11/02/2024,Correios,Salvador,da Cunha da Prata,3,2,251.53,Entregue
21157,04/02/2024,13/02/2024,Jadlog,Salvador,da Cunha,8,9,286.12,Entregue
34111,15/03/2024,20/03/2024,Azul Cargo,Recife,Melo da Praia,4,5,22.9,Entregue
60024,15/07/2024,20/07/2024,Azul Cargo,Recife,Correia do Galho,2,5,126.96,Entregue
65821,07/10/2024,16/10/2024,Jadlog,Curitiba,da Mota da Mata,6,9,24.61,Entregue
36262,06/08/2024,11/08/2024,Loggi,Salvador,Novaes,3,5,68.98,Entregue
11668,10/02/2024,17/02/2024,Correios,São Paulo,Ferreira da Prata,4,7,137.48,Entregue
45304,27/09/2024,01/10/2024,Loggi,Belo Horizonte,Teixeira,5,4,192.56,Entregue
24667,09/01/2024,19/01/2024,Jadlog,Curitiba,Duarte,10,10,74.47,Entregue
11813,05/11/2024,14/11/2024,Jadlog,Curitiba,da Luz dos Dourados,8,9,200.43,Entregue
41630,04/03/2024,17/03/2024,Loggi,Recife,Rodrigues,10,13,33.66,Entregue
31801,21/01/2024,31/01/2024,Correios,São Paulo,Freitas Verde,7,10,60.71,Entregue
2288,17/04/2024,20/04/2024,Jadlog,Curitiba,Peixoto de Lima,3,3,160.57,Entregue
46939,26/04/2024,30/04/2024,Azul Cargo,São Paulo,Mendes,5,4,41.75,Entregue
57201,25/06/2024,30/06/2024,Azul Cargo,Curitiba,Ramos,2,5,178.35,Entregue
46930,16/04/2024,23/04/2024,Correios,Recife,Pereira,5,7,180.33,Entregue
63331,20/12/2024,31/12/2024,Loggi,Curitiba,da Luz,8,11,41.71,Entregue
18552,01/06/2024,05/06/2024,Correios,Salvador,da Rosa de Lima,5,4,72.39,Entregue
44374,04/12/2024,09/12/2024,Correios,São Paulo,Rezende,5,5,153.15,Entregue
26605,16/09/2024,27/09/2024,Azul Cargo,Salvador,Teixeira da Prata,9,11,190.53,Entregue
1386,06/05/2024,19/05/2024,Correios,Recife,Rocha,10,13,60.28,Entregue
5171,26/06/2024,06/07/2024,Correios,São Paulo,Melo,10,10,229.71,Entregue
9805,04/06/2024,11/06/2024,Jadlog,Recife,Cardoso de Silveira,7,7,105.32,Entregue
65571,25/03/2024,30/03/2024,Azul Cargo,Recife,Farias,6,5,110.74,Entregue
25669,13/10/2024,24/10/2024,Azul Cargo,Salvador,Monteiro,9,11,67.12,Em trânsito
42792,27/12/2024,03/01/2025,Azul Cargo,Belo Horizonte,Melo das Pedras,8,7,262.14,Entregue
26880,15/09/2024,20/09/2024,Correios,Curitiba,Correia do Oeste,5,5,183.17,Entregue
37626,26/05/2024,02/06/2024,Loggi,Recife,Lopes da Serra,5,7,280.71,Entregue
20729,03/12/2024,11/12/2024,Correios,Curitiba,Fernandes,8,8,247.77,Entregue
4385,07/01/2024,12/01/2024,Loggi,Salvador,Santos,4,5,70.95,Devolvido
1796,24/05/2024,05/06/2024,Loggi,Salvador,Farias,9,12,190.79,Entregue
19235,23/12/2024,02/01/2025,Azul Cargo,São Paulo,Caldeira de Minas,9,10,44.85,Entregue
10839,27/02/2024,04/03/2024,Correios,Salvador,Cardoso dos Dourados,7,6,21.07,Entregue
58751,13/10/2024,22/10/2024,Correios,Salvador,Santos,9,9,66.53,Entregue
20661,11/07/2024,22/07/2024,Correios,Curitiba,das Neves,8,11,88.59,Entregue
41111,17/01/2024,22/01/2024,Jadlog,Recife,Moraes,6,5,246.62,Entregue
48834,11/02/2024,17/02/2024,Correios,São Paulo,Rodrigues,7,6,172.51,Em trânsito
50237,09/02/2024,15/02/2024,Jadlog,Salvador,Carvalho,5,6,228.18,Entregue
59786,21/04/2024,29/04/2024,Correios,Salvador,da Paz de Teixeira,5,8,73.6,Entregue
53123,01/10/2024,12/10/2024,Azul Cargo,Curitiba,Caldeira,10,11,269.04,Em trânsito
14378,26/09/2024,07/10/2024,Azul Cargo,Salvador,Farias da Mata,9,11,218.78,Entregue
56182,04/12/2024,08/12/2024,Loggi,São Paulo,Cardoso,2,4,19.66,Entregue
41265,04/05/2024,14/05/2024,Correios,São Paulo,Teixeira de Souza,9,10,223.82,Entregue
48742,06/09/2024,14/09/2024,Azul Cargo,São Paulo,Ferreira,6,8,171.37,Entregue
42011,12/03/2024,23/03/2024,Azul Cargo,Belo Horizonte,Costela,10,11,202.9,Entregue
64839,27/05/2024,04/06/2024,Correios,Belo Horizonte,Duarte de Santos,9,8,139.82,Entregue
49586,20/06/2024,28/06/2024,Jadlog,Recife,Almeida da Praia,6,8,172.93,Entregue
25908,19/11/2024,01/12/2024,Correios,Belo Horizonte,Ferreira,10,12,281.06,Entregue
66511,24/04/2024,02/05/2024,Correios,Curitiba,da Cruz,5,8,10.32,Entregue
37869,28/09/2024,06/10/2024,Loggi,Recife,Lopes de Sales,5,8,214.48,Entregue
28424,13/01/2024,18/01/2024,Correios,Recife,Ribeiro,5,5,272.1,Entregue
41779,26/01/2024,04/02/2024,Loggi,Curitiba,Duarte,6,9,15.51,Entregue
8604,02/03/2024,14/03/2024,Jadlog,Belo Horizonte,da Cunha,10,12,22.67,Entregue
2248,11/01/2024,22/01/2024,Jadlog,Belo Horizonte,Duarte,9,11,272.82,Entregue
23045,06/12/2024,14/12/2024,Jadlog,Recife,Freitas,7,8,98.6,Entregue
42058,24/05/2024,27/05/2024,Correios,Recife,Oliveira,4,3,192.14,Entregue
63324,04/12/2024,11/12/2024,Azul Cargo,São Paulo,Monteiro,7,7,138.24,Entregue
2892,17/08/2024,21/08/2024,Correios,Belo Horizonte,Carvalho de Lopes,2,4,254.18,Entregue
26073,22/10/2024,26/10/2024,Correios,Recife,das Neves,2,4,254.35,Entregue
39023,27/04/2024,02/05/2024,Correios,Recife,Carvalho,6,5,270.17,Entregue
27810,03/10/2024,15/10/2024,Correios,Salvador,Rezende,9,12,134.58,Entregue
57918,09/01/2024,12/01/2024,Correios,Belo Horizonte,Farias,4,3,243.05,Entregue
31339,18/03/2024,30/03/2024,Loggi,Recife,Moraes,10,12,227.56,Entregue
61403,18/12/2024,22/12/2024,Jadlog,Recife,Freitas da Mata,2,4,103.62,Entregue
53002,24/12/2024,30/12/2024,Correios,São Paulo,Rezende,3,6,52.12,Entregue
12388,05/01/2024,14/01/2024,Correios,Belo Horizonte,Nogueira,10,9,162.06,Entregue
51777,26/05/2024,04/06/2024,Correios,Salvador,da Rocha,7,9,181.05,Entregue
62721,23/07/2024,29/07/2024,Loggi,Belo Horizonte,Gonçalves,3,6,296.7,Entregue
49343,03/12/2024,07/12/2024,Azul Cargo,São Paulo,Fogaça da Serra,2,4,98.69,Entregue
1986,09/03/2024,14/03/2024,Correios,Salvador,Costela de Rezende,5,5,158.46,Entregue
15491,15/09/2024,20/09/2024,Jadlog,Belo Horizonte,Cardoso de Goiás,3,5,60.59,Entregue
21096,22/11/2024,26/11/2024,Jadlog,São Paulo,Almeida da Mata,2,4,13.14,Entregue
29732,26/05/2024,31/05/2024,Loggi,São Paulo,das Neves,3,5,289.11,Entregue
50662,13/03/2024,21/03/2024,Correios,São Paulo,Alves,6,8,180.53,Entregue
24610,14/10/2024,19/10/2024,Loggi,Curitiba,Ramos,3,5,289.54,Entregue
61462,22/04/2024,04/05/2024,Loggi,São Paulo,da Luz,10,12,212.99,Entregue
43778,24/03/2024,27/03/2024,Correios,Salvador,Farias de Rezende,2,3,44.28,Entregue
15876,20/03/2024,02/04/2024,Correios,Belo Horizonte,Almeida do Norte,10,13,223.65,Entregue
56803,20/04/2024,27/04/2024,Loggi,Curitiba,Costa,5,7,47.14,Entregue
58559,16/04/2024,26/04/2024,Azul Cargo,São Paulo,Carvalho,7,10,42.24,Entregue
31180,24/05/2024,01/06/2024,Correios,Salvador,Jesus Paulista,8,8,145.55,Entregue
62053,02/12/2024,06/12/2024,Jadlog,Belo Horizonte,Pereira,2,4,36.36,Entregue
39632,24/09/2024,03/10/2024,Jadlog,Belo Horizonte,Castro,7,9,206.74,Entregue
1735,13/01/2024,21/01/2024,Loggi,Recife,Fernandes do Oeste,9,8,256.38,Entregue
1271,03/02/2024,08/02/2024,Loggi,Salvador,Correia da Mata,6,5,288.09,Entregue
57425,25/07/2024,30/07/2024,Loggi,Recife,Nogueira,4,5,222.08,Em trânsito
27815,07/10/2024,17/10/2024,Loggi,Salvador,Rodrigues,9,10,232.56,Entregue
62649,07/06/2024,11/06/2024,Correios,Belo Horizonte,Souza,4,4,172.23,Entregue
51799,24/06/2024,01/07/2024,Correios,Salvador,Melo do Sul,4,7,166.09,Entregue
49207,04/03/2024,08/03/2024,Correios,Belo Horizonte,Santos,5,4,220.18,Entregue
45436,23/12/2024,29/12/2024,Correios,Recife,Pinto de Peixoto,3,6,19.47,Entregue
18869,23/07/2024,03/08/2024,Azul Cargo,Salvador,Cunha,8,11,69.43,Entregue
21194,09/03/2024,21/03/2024,Jadlog,Curitiba,da Cunha Alegre,10,12,40.83,Entregue
61230,02/02/2024,07/02/2024,Azul Cargo,Salvador,da Mota do Sul,6,5,282.54,Entregue
10241,11/01/2024,17/01/2024,Azul Cargo,Salvador,Peixoto de Lima,5,6,299.53,Entregue
26678,28/01/2024,02/02/2024,Azul Cargo,Belo Horizonte,da Luz,5,5,87.94,Entregue
13506,25/01/2024,29/01/2024,Azul Cargo,Curitiba,Barbosa das Flores,5,4,221.42,Entregue
54582,23/12/2024,28/12/2024,Correios,Recife,Carvalho de Lopes,3,5,74.31,Entregue
21667,05/04/2024,10/04/2024,Jadlog,Belo Horizonte,da Cruz,5,5,195.9,Entregue
27832,01/11/2024,09/11/2024,Jadlog,São Paulo,da Cunha do Campo,9,8,182.9,Entregue
17390,07/07/2024,17/07/2024,Jadlog,Salvador,das Neves,9,10,50.83,Entregue
16779,20/12/2024,25/12/2024,Loggi,Salvador,Gomes de da Costa,6,5,282.89,Entregue
16656,05/04/2024,13/04/2024,Correios,Curitiba,Cardoso dos Dourados,6,8,134.53,Entregue
48942,06/09/2024,18/09/2024,Loggi,Curitiba,Nunes,10,12,111.0,Entregue
45489,10/02/2024,20/02/2024,Azul Cargo,Recife,Cardoso,10,10,160.98,Em trânsito
25611,01/09/2024,03/09/2024,Loggi,Recife,Fogaça,2,2,297.19,Em trânsito
62318,25/07/2024,30/07/2024,Jadlog,Curitiba,Gomes de da Costa,2,5,122.82,Entregue
53962,06/07/2024,12/07/2024,Jadlog,Curitiba,Caldeira de da Mota,3,6,293.66,Entregue
20291,05/10/2024,14/10/2024,Loggi,Recife,Carvalho,7,9,273.0,Entregue
43898,25/05/2024,01/06/2024,Azul Cargo,Recife,Nascimento,5,7,73.08,Entregue
20280,26/10/2024,03/11/2024,Jadlog,Curitiba,Ribeiro,6,8,160.06,Entregue
9695,10/11/2024,18/11/2024,Loggi,Recife,Moraes,5,8,57.69,Entregue
67515,10/11/2024,14/11/2024,Correios,São Paulo,Nunes,4,4,155.2,Entregue
12036,22/02/2024,23/02/2024,Jadlog,Recife,Rocha,2,1,284.4,Em trânsito
56579,26/02/2024,08/03/2024,Correios,Belo Horizonte,Castro de Goiás,10,11,47.55,Entregue
38902,13/08/2024,17/08/2024,Loggi,Belo Horizonte,Monteiro,5,4,25.44,Entregue
64692,03/07/2024,10/07/2024,Correios,São Paulo,Porto,5,7,212.85,Entregue
29095,14/09/2024,20/09/2024,Azul Cargo,Curitiba,Cardoso,5,6,12.9,Entregue
22716,18/03/2024,24/03/2024,Loggi,Curitiba,da Paz do Amparo,6,6,161.45,Entregue
33901,28/01/2024,04/02/2024,Jadlog,Recife,Barros de Cardoso,5,7,236.64,Entregue
37886,10/11/2024,13/11/2024,Loggi,Belo Horizonte,Peixoto da Mata,3,3,24.21,Entregue
21336,13/06/2024,16/06/2024,Jadlog,Salvador,Teixeira,4,3,245.32,Devolvido
22072,07/08/2024,14/08/2024,Azul Cargo,Recife,das Neves de Minas,7,7,167.09,Entregue
19747,28/04/2024,01/05/2024,Jadlog,Belo Horizonte,Lima,4,3,291.97,Entregue
61004,17/03/2024,28/03/2024,Azul Cargo,Belo Horizonte,Rezende,10,11,62.08,Entregue
24974,14/04/2024,22/04/2024,Loggi,Belo Horizonte,Lopes,6,8,264.65,Entregue
71,15/02/2024,22/02/2024,Correios,Recife,Aragão,6,7,255.76,Entregue
23353,13/08/2024,18/08/2024,Jadlog,Recife,Moreira do Norte,4,5,26.11,Entregue
39512,27/12/2024,07/01/2025,Correios,São Paulo,Azevedo,10,11,210.17,Devolvido
8741,28/01/2024,05/02/2024,Correios,Belo Horizonte,Cardoso das Flores,5,8,58.3,Entregue
2196,03/11/2024,08/11/2024,Correios,Belo Horizonte,da Cruz,3,5,33.74,Em trânsito
37096,10/09/2024,15/09/2024,Jadlog,Recife,Duarte de Minas,5,5,266.22,Entregue
25717,26/12/2024,31/12/2024,Jadlog,Belo Horizonte,Jesus Paulista,3,5,198.67,Entregue
28939,03/01/2024,13/01/2024,Loggi,Curitiba,das Neves de Goiás,8,10,185.67,Entregue
49265,02/07/2024,08/07/2024,Loggi,Curitiba,Moura da Mata,4,6,225.86,Entregue
10918,07/03/2024,09/03/2024,Azul Cargo,Belo Horizonte,Costela de da Mota,3,2,85.31,Em trânsito
36151,12/03/2024,19/03/2024,Loggi,Recife,Alves,4,7,237.84,Entregue
46832,04/09/2024,07/09/2024,Azul Cargo,Belo Horizonte,Araújo de Pinto,3,3,113.43,Entregue
3736,05/09/2024,17/09/2024,Azul Cargo,Salvador,das Neves,9,12,125.73,Entregue
15070,17/11/2024,25/11/2024,Azul Cargo,São Paulo,Pires,7,8,46.71,Em trânsito
1487,19/07/2024,22/07/2024,Jadlog,Recife,Costela,4,3,69.39,Entregue
40440,27/03/2024,08/04/2024,Loggi,Salvador,Duarte de Monteiro,10,12,138.26,Entregue
33915,10/01/2024,19/01/2024,Loggi,Recife,Moreira,7,9,193.84,Entregue
29756,19/06/2024,30/06/2024,Jadlog,Curitiba,Silva de Ferreira,9,11,149.64,Entregue
13971,09/07/2024,18/07/2024,Loggi,Curitiba,Nogueira de Souza,10,9,68.26,Entregue
36892,09/12/2024,18/12/2024,Correios,São Paulo,Alves,6,9,88.26,Entregue
57206,25/07/2024,02/08/2024,Correios,Salvador,Melo,5,8,22.57,Em trânsito
55462,05/05/2024,14/05/2024,Jadlog,São Paulo,Ribeiro de Goiás,7,9,77.16,Entregue
39950,07/06/2024,12/06/2024,Loggi,Belo Horizonte,Moreira,5,5,22.6,Entregue
63894,12/05/2024,20/05/2024,Correios,Curitiba,Farias,5,8,139.04,Entregue
354,17/10/2024,28/10/2024,Azul Cargo,Belo Horizonte,Nogueira do Norte,10,11,232.88,Entregue
56787,11/03/2024,24/03/2024,Loggi,Curitiba,Farias da Mata,10,13,120.21,Entregue
36307,27/10/2024,03/11/2024,Jadlog,Recife,Azevedo,4,7,274.12,Entregue
58385,21/09/2024,04/10/2024,Azul Cargo,Recife,da Mata da Mata,10,13,187.59,Em trânsito
12504,11/08/2024,16/08/2024,Correios,Salvador,Rezende,5,5,243.1,Entregue
2287,07/04/2024,16/04/2024,Correios,Salvador,da Rosa,7,9,251.85,Devolvido
40846,16/08/2024,24/08/2024,Loggi,Salvador,Almeida de Freitas,9,8,160.92,Entregue
19207,14/10/2024,22/10/2024,Loggi,Salvador,da Mata,7,8,198.52,Em trânsito
8318,27/11/2024,05/12/2024,Azul Cargo,Curitiba,Moreira de Goiás,6,8,202.49,Entregue
5620,16/09/2024,22/09/2024,Jadlog,Salvador,Correia,7,6,251.14,Em trânsito
28687,07/07/2024,13/07/2024,Jadlog,São Paulo,da Mata de Rodrigues,4,6,112.57,Entregue
57695,02/09/2024,08/09/2024,Correios,Curitiba,Farias,7,6,186.66,Entregue
32790,24/12/2024,04/01/2025,Correios,Belo Horizonte,Porto de Goiás,10,11,18.31,Entregue
46982,26/07/2024,02/08/2024,Correios,São Paulo,Fogaça,5,7,105.79,Entregue
19497,20/12/2024,24/12/2024,Jadlog,Curitiba,Mendes de Cardoso,4,4,50.02,Entregue
34966,18/01/2024,28/01/2024,Jadlog,São Paulo,Dias do Sul,10,10,152.43,Em trânsito
43453,28/04/2024,02/05/2024,Loggi,Salvador,Cardoso,4,4,213.8,Entregue
53377,23/04/2024,27/04/2024,Jadlog,Salvador,Fernandes,2,4,82.47,Entregue
44264,15/04/2024,16/04/2024,Azul Cargo,Recife,da Mota de Fogaça,2,1,65.01,Entregue
65935,19/12/2024,31/12/2024,Loggi,Salvador,da Rosa Verde,9,12,231.78,Entregue
45071,08/03/2024,10/03/2024,Correios,Salvador,Aragão,2,2,283.03,Entregue
59674,24/08/2024,26/08/2024,Loggi,Belo Horizonte,Ramos de Lima,3,2,37.9,Entregue
2680,12/07/2024,15/07/2024,Loggi,Recife,da Mata,3,3,127.72,Entregue
8677,05/08/2024,16/08/2024,Jadlog,Belo Horizonte,Cavalcanti do Sul,10,11,139.2,Entregue
3873,16/02/2024,18/02/2024,Correios,Salvador,Castro do Galho,2,2,172.28,Entregue
9827,13/07/2024,18/07/2024,Loggi,São Paulo,Sales do Oeste,6,5,159.04,Em trânsito
11240,03/11/2024,13/11/2024,Loggi,Recife,da Mata,8,10,151.58,Entregue
11949,09/08/2024,18/08/2024,Azul Cargo,Belo Horizonte,da Luz da Prata,8,9,22.48,Entregue
22187,04/03/2024,09/03/2024,Correios,São Paulo,Ferreira da Prata,5,5,117.14,Entregue
53498,25/12/2024,31/12/2024,Correios,Salvador,Almeida do Amparo,4,6,63.03,Entregue
5764,25/06/2024,05/07/2024,Correios,Curitiba,Lima das Flores,10,10,65.05,Em trânsito
9646,08/08/2024,14/08/2024,Jadlog,São Paulo,da Costa,4,6,32.95,Entregue
58356,25/06/2024,30/06/2024,Azul Cargo,Salvador,da Costa,6,5,275.04,Entregue
1577,23/09/2024,02/10/2024,Jadlog,Salvador,Costela,10,9,37.94,Entregue
15034,16/09/2024,20/09/2024,Correios,Recife,Peixoto de Santos,2,4,146.99,Entregue
4476,17/07/2024,23/07/2024,Correios,Salvador,Moreira de Fogaça,6,6,292.94,Entregue
32639,12/03/2024,16/03/2024,Azul Cargo,São Paulo,da Conceição Paulista,2,4,73.66,Entregue
20357,06/12/2024,12/12/2024,Jadlog,Belo Horizonte,Monteiro,5,6,121.76,Entregue
58004,05/07/2024,18/07/2024,Azul Cargo,São Paulo,da Rocha Paulista,10,13,190.75,Entregue
37760,18/02/2024,25/02/2024,Correios,Curitiba,Moura,5,7,168.49,Entregue
55776,01/06/2024,11/06/2024,Azul Cargo,Curitiba,Pires,9,10,251.13,Entregue
23946,27/04/2024,06/05/2024,Correios,Recife,Souza,8,9,184.02,Entregue
18751,09/04/2024,17/04/2024,Azul Cargo,Salvador,Cardoso,8,8,216.2,Entregue
33270,22/09/2024,01/10/2024,Loggi,Salvador,das Neves das Flores,7,9,133.97,Entregue
9810,10/06/2024,16/06/2024,Correios,Belo Horizonte,Jesus Paulista,3,6,86.66,Entregue
1401,06/05/2024,12/05/2024,Jadlog,Salvador,Araújo de Goiás,4,6,296.84,Entregue
43305,19/11/2024,25/11/2024,Jadlog,Recife,Fernandes,5,6,22.69,Entregue
65633,22/05/2024,30/05/2024,Correios,Curitiba,das Neves de Goiás,5,8,208.01,Entregue
46319,26/12/2024,29/12/2024,Loggi,São Paulo,da Cruz,2,3,204.27,Entregue
52449,24/01/2024,02/02/2024,Azul Cargo,Recife,Cardoso,6,9,38.33,Entregue
25247,17/10/2024,22/10/2024,Loggi,Belo Horizonte,Silva de Moura,6,5,281.27,Entregue
44849,10/07/2024,12/07/2024,Loggi,Curitiba,da Paz de Almeida,2,2,296.42,Entregue
34680,19/04/2024,21/04/2024,Jadlog,Recife,da Paz de Teixeira,3,2,118.37,Entregue
41658,28/05/2024,31/05/2024,Correios,Belo Horizonte,Barbosa,4,3,62.78,Entregue
26745,05/04/2024,13/04/2024,Correios,Belo Horizonte,Gonçalves de Goiás,8,8,93.49,Entregue
18727,24/03/2024,26/03/2024,Correios,Recife,Almeida de Minas,2,2,81.72,Entregue
19242,09/12/2024,20/12/2024,Correios,São Paulo,Aragão de Fernandes,8,11,75.75,Entregue
13364,11/04/2024,19/04/2024,Jadlog,Salvador,Cardoso,9,8,38.38,Entregue
22918,13/05/2024,17/05/2024,Azul Cargo,Belo Horizonte,Fernandes,2,4,93.27,Entregue
28742,15/08/2024,23/08/2024,Loggi,São Paulo,Pires,6,8,136.66,Entregue
61773,23/12/2024,01/01/2025,Jadlog,São Paulo,Barros de Cardoso,8,9,85.27,Entregue
9898,02/01/2024,13/01/2024,Loggi,Belo Horizonte,Farias,9,11,99.2,Entregue
60979,22/01/2024,26/01/2024,Correios,Curitiba,Correia da Mata,3,4,285.71,Entregue
57463,25/08/2024,01/09/2024,Loggi,São Paulo,da Luz,4,7,183.67,Entregue
43264,11/08/2024,21/08/2024,Loggi,Belo Horizonte,Araújo Verde,10,10,276.43,Entregue
27481,04/09/2024,10/09/2024,Azul Cargo,São Paulo,Rocha do Sul,5,6,273.53,Entregue
19017,07/12/2024,14/12/2024,Loggi,Recife,Pinto,8,7,193.43,Em trânsito
16357,19/10/2024,31/10/2024,Azul Cargo,Recife,Melo do Sul,10,12,218.54,Entregue
43468,27/05/2024,06/06/2024,Azul Cargo,Curitiba,Nogueira do Oeste,10,10,68.02,Entregue
15424,26/07/2024,06/08/2024,Loggi,Belo Horizonte,Gonçalves,10,11,34.64,Entregue
60174,25/06/2024,06/07/2024,Azul Cargo,Recife,Silva do Oeste,8,11,232.87,Entregue
48222,03/07/2024,08/07/2024,Loggi,Recife,da Mata da Mata,5,5,155.89,Entregue
3860,09/02/2024,14/02/2024,Correios,Recife,da Cunha do Campo,5,5,55.18,Entregue
9537,17/01/2024,20/01/2024,Loggi,Salvador,Viana,4,3,293.32,Entregue
67803,07/07/2024,09/07/2024,Correios,Belo Horizonte,da Rocha Paulista,2,2,226.42,Entregue
41649,12/04/2024,21/04/2024,Jadlog,Belo Horizonte,Mendes,7,9,50.05,Entregue
59910,01/12/2024,13/12/2024,Correios,Belo Horizonte,Santos da Serra,9,12,31.34,Entregue
41415,24/08/2024,28/08/2024,Jadlog,Belo Horizonte,da Mota,3,4,38.79,Entregue
58870,28/03/2024,06/04/2024,Azul Cargo,Belo Horizonte,Pinto de Gomes,8,9,48.89,Entregue
8401,20/04/2024,25/04/2024,Loggi,Belo Horizonte,Lopes,2,5,146.74,Entregue
34908,03/08/2024,09/08/2024,Correios,Recife,das Neves,4,6,299.16,Entregue
54560,06/11/2024,10/11/2024,Jadlog,Curitiba,Moreira,4,4,62.2,Entregue
61415,12/01/2024,19/01/2024,Azul Cargo,Curitiba,Mendes,5,7,132.65,Entregue
4991,13/01/2024,14/01/2024,Azul Cargo,Curitiba,Santos,2,1,259.13,Entregue
16385,15/11/2024,27/11/2024,Loggi,São Paulo,Azevedo,9,12,138.31,Em trânsito
58800,01/11/2024,04/11/2024,Correios,Curitiba,Teixeira,3,3,268.02,Entregue
42879,11/07/2024,22/07/2024,Correios,Salvador,Ribeiro das Flores,8,11,234.28,Entregue
12784,19/08/2024,23/08/2024,Correios,Belo Horizonte,Moreira,2,4,52.49,Entregue
5856,09/12/2024,18/12/2024,Loggi,Belo Horizonte,Monteiro,6,9,59.27,Entregue
25726,13/12/2024,16/12/2024,Jadlog,São Paulo,Silva,4,3,73.6,Entregue
55623,11/02/2024,20/02/2024,Loggi,Salvador,Viana,6,9,183.14,Entregue
38533,01/09/2024,06/09/2024,Correios,São Paulo,Cavalcanti,6,5,80.45,Em trânsito
54051,19/01/2024,31/01/2024,Loggi,Recife,Souza Alegre,10,12,46.06,Entregue
63435,14/06/2024,27/06/2024,Azul Cargo,Belo Horizonte,Alves,10,13,168.75,Entregue
48204,08/07/2024,14/07/2024,Azul Cargo,São Paulo,Dias de Minas,5,6,49.61,Entregue
60232,01/10/2024,08/10/2024,Correios,Salvador,Melo das Pedras,7,7,165.74,Entregue
15365,23/06/2024,03/07/2024,Loggi,Recife,Lopes dos Dourados,9,10,41.5,Entregue
26665,07/01/2024,14/01/2024,Loggi,Recife,Alves,8,7,281.77,Entregue
1976,03/03/2024,12/03/2024,Azul Cargo,Curitiba,Rodrigues da Serra,8,9,34.63,Em trânsito
28697,06/07/2024,10/07/2024,Loggi,São Paulo,Pires da Prata,5,4,87.32,Entregue
57583,10/02/2024,18/02/2024,Correios,Salvador,Monteiro,9,8,87.78,Entregue
35404,08/01/2024,13/01/2024,Jadlog,Salvador,Campos,4,5,162.99,Entregue
12488,27/07/2024,08/08/2024,Correios,Recife,Lopes do Campo,10,12,48.37,Entregue
47586,17/12/2024,24/12/2024,Correios,Belo Horizonte,Viana,4,7,41.08,Entregue
13565,11/05/2024,20/05/2024,Azul Cargo,Belo Horizonte,Duarte,7,9,64.0,Entregue
42859,04/06/2024,10/06/2024,Correios,Salvador,Pires,4,6,219.95,Entregue
53111,04/09/2024,09/09/2024,Jadlog,São Paulo,Araújo,2,5,15.7,Entregue
19610,03/07/2024,09/07/2024,Loggi,Curitiba,Castro do Galho,5,6,243.51,Entregue
27449,03/08/2024,09/08/2024,Jadlog,São Paulo,Nogueira do Norte,7,6,250.79,Entregue
3289,21/01/2024,03/02/2024,Jadlog,São Paulo,da Rocha da Serra,10,13,212.61,Entregue
34296,10/03/2024,18/03/2024,Azul Cargo,Salvador,Lopes,8,8,222.44,Entregue
41189,17/03/2024,26/03/2024,Loggi,São Paulo,da Costa,9,9,180.23,Em trânsito
39151,22/01/2024,24/01/2024,Azul Cargo,Belo Horizonte,Moura,3,2,11.11,Em trânsito
65181,14/06/2024,18/06/2024,Loggi,Salvador,Ferreira,3,4,238.62,Entregue
16988,28/04/2024,04/05/2024,Jadlog,Recife,Alves,6,6,166.96,Entregue
50203,08/12/2024,15/12/2024,Azul Cargo,Curitiba,Costa Alegre,8,7,144.64,Entregue
34635,28/12/2024,06/01/2025,Jadlog,Salvador,Ferreira,9,9,193.21,Entregue
39970,21/07/2024,29/07/2024,Azul Cargo,Belo Horizonte,Rodrigues da Serra,6,8,100.93,Entregue
1898,01/11/2024,07/11/2024,Loggi,Curitiba,Moreira de Araújo,3,6,205.47,Entregue
54782,03/06/2024,11/06/2024,Jadlog,Salvador,Ribeiro,9,8,107.14,Entregue
336,13/09/2024,22/09/2024,Jadlog,São Paulo,Aragão do Amparo,6,9,19.72,Entregue
34688,04/05/2024,12/05/2024,Azul Cargo,Recife,da Mota do Amparo,5,8,189.0,Entregue
5772,16/07/2024,24/07/2024,Loggi,Curitiba,Moreira,8,8,117.99,Entregue
60466,02/05/2024,03/05/2024,Jadlog,São Paulo,Melo do Oeste,2,1,157.87,Em trânsito
19225,05/11/2024,07/11/2024,Correios,São Paulo,Barros de Moura,3,2,75.53,Entregue
64268,20/03/2024,25/03/2024,Azul Cargo,São Paulo,Monteiro,5,5,67.25,Entregue
17837,11/12/2024,12/12/2024,Correios,Belo Horizonte,da Mata das Pedras,2,1,272.9,Entregue
31439,19/10/2024,26/10/2024,Correios,Salvador,Gonçalves,6,7,24.2,Entregue
35979,25/07/2024,02/08/2024,Jadlog,Belo Horizonte,Melo,5,8,24.26,Entregue
60251,04/11/2024,09/11/2024,Correios,Belo Horizonte,Pereira,5,5,230.75,Entregue
33185,24/03/2024,04/04/2024,Correios,Recife,Freitas de Minas,10,11,226.3,Entregue
58341,25/05/2024,02/06/2024,Loggi,Salvador,Moraes,8,8,195.46,Entregue
66218,28/07/2024,05/08/2024,Azul Cargo,Salvador,Cunha de Fernandes,9,8,171.36,Entregue
41388,04/07/2024,10/07/2024,Correios,Curitiba,Cardoso,3,6,124.72,Entregue
64505,08/06/2024,11/06/2024,Azul Cargo,Curitiba,Pinto do Galho,4,3,49.29,Entregue
41448,27/09/2024,08/10/2024,Loggi,Belo Horizonte,Lopes,8,11,288.06,Entregue
29727,19/05/2024,28/05/2024,Correios,São Paulo,da Mota da Mata,7,9,23.24,Entregue
10219,08/11/2024,15/11/2024,Correios,Salvador,da Cunha da Prata,6,7,234.25,Entregue
36461,01/07/2024,08/07/2024,Loggi,Recife,Costela da Mata,8,7,38.35,Entregue
36755,28/03/2024,01/04/2024,Azul Cargo,São Paulo,Mendes,4,4,57.73,Entregue
36273,19/08/2024,28/08/2024,Azul Cargo,São Paulo,da Cruz do Sul,10,9,25.97,Entregue
60777,03/12/2024,06/12/2024,Loggi,São Paulo,da Conceição da Mata,3,3,69.5,Entregue
11083,11/07/2024,20/07/2024,Azul Cargo,Recife,da Paz do Sul,7,9,170.25,Entregue
33146,11/12/2024,14/12/2024,Jadlog,Recife,Ramos,4,3,91.1,Entregue
64719,07/09/2024,12/09/2024,Jadlog,Curitiba,Barros de Moura,5,5,122.43,Entregue
42912,21/08/2024,03/09/2024,Loggi,Curitiba,das Neves,10,13,176.84,Entregue
61507,08/07/2024,14/07/2024,Azul Cargo,Recife,da Rocha da Serra,3,6,280.11,Entregue
54957,03/11/2024,11/11/2024,Loggi,Belo Horizonte,Costela da Praia,9,8,163.78,Entregue
59144,27/08/2024,03/09/2024,Correios,Recife,da Costa,5,7,72.98,Entregue
53134,15/10/2024,18/10/2024,Azul Cargo,Belo Horizonte,Duarte,4,3,15.52,Entregue
34138,10/05/2024,16/05/2024,Loggi,Recife,da Paz de Teixeira,4,6,46.42,Entregue
8481,20/08/2024,01/09/2024,Azul Cargo,Salvador,Costa,10,12,104.66,Entregue
39713,03/01/2024,10/01/2024,Jadlog,Curitiba,Pires de Moura,5,7,199.08,Entregue
26154,10/04/2024,23/04/2024,Correios,Salvador,Lima das Flores,10,13,90.01,Entregue
58858,02/02/2024,12/02/2024,Loggi,Belo Horizonte,Castro do Norte,9,10,88.81,Entregue
62167,21/09/2024,28/09/2024,Jadlog,São Paulo,Ramos do Campo,6,7,21.5,Entregue
60737,15/11/2024,20/11/2024,Azul Cargo,São Paulo,Aragão,5,5,276.72,Entregue
5876,13/02/2024,20/02/2024,Azul Cargo,Belo Horizonte,Vieira,6,7,138.77,Entregue
31158,14/04/2024,25/04/2024,Jadlog,Belo Horizonte,da Luz,10,11,69.78,Em trânsito
17613,18/09/2024,28/09/2024,Azul Cargo,Salvador,Pires da Prata,7,10,63.48,Entregue
56999,02/05/2024,08/05/2024,Jadlog,Recife,da Cunha,3,6,228.62,Entregue
6657,18/05/2024,20/05/2024,Azul Cargo,São Paulo,da Luz,2,2,81.73,Em trânsito
39672,15/11/2024,21/11/2024,Azul Cargo,Curitiba,Almeida de Minas,5,6,212.74,Em trânsito
62471,23/02/2024,27/02/2024,Loggi,Curitiba,Moraes,2,4,159.98,Entregue
64233,18/01/2024,29/01/2024,Azul Cargo,Curitiba,Oliveira,10,11,113.85,Entregue
22847,02/12/2024,05/12/2024,Jadlog,Recife,Souza,3,3,215.11,Entregue
47719,23/09/2024,29/09/2024,Azul Cargo,São Paulo,Santos,7,6,87.52,Entregue
32634,23/03/2024,03/04/2024,Correios,Belo Horizonte,Rezende,8,11,289.16,Entregue
20113,24/06/2024,05/07/2024,Jadlog,São Paulo,da Rosa das Flores,9,11,143.46,Em trânsito
54544,11/10/2024,16/10/2024,Correios,São Paulo,Pinto de Goiás,3,5,219.33,Entregue
625,19/10/2024,29/10/2024,Azul Cargo,Belo Horizonte,Araújo de Pinto,9,10,112.38,Em trânsito
24517,04/03/2024,10/03/2024,Loggi,Belo Horizonte,Ferreira de Barbosa,4,6,248.84,Entregue
40166,27/12/2024,03/01/2025,Jadlog,São Paulo,Azevedo,5,7,81.39,Entregue
50893,27/06/2024,05/07/2024,Jadlog,Belo Horizonte,Cardoso de Pires,6,8,221.36,Entregue
63003,14/05/2024,26/05/2024,Jadlog,Recife,Teixeira,10,12,292.67,Em trânsito
66334,08/10/2024,19/10/2024,Correios,Salvador,Duarte,8,11,183.13,Entregue
28591,05/05/2024,15/05/2024,Loggi,São Paulo,Teixeira,7,10,92.86,Entregue
35420,24/02/2024,29/02/2024,Jadlog,Belo Horizonte,Rodrigues,6,5,29.31,Entregue
51102,27/07/2024,03/08/2024,Loggi,Curitiba,Aragão,7,7,78.09,Entregue
29781,14/07/2024,18/07/2024,Jadlog,Belo Horizonte,Peixoto da Mata,5,4,138.17,Entregue
45782,22/09/2024,30/09/2024,Jadlog,São Paulo,Melo,9,8,175.51,Em trânsito
40260,01/04/2024,05/04/2024,Correios,Recife,Barros de Novaes,5,4,279.25,Entregue
1871,22/09/2024,02/10/2024,Loggi,São Paulo,Costa Alegre,9,10,76.11,Entregue
13671,20/01/2024,28/01/2024,Correios,Belo Horizonte,Araújo,6,8,192.7,Em trânsito
5344,15/10/2024,22/10/2024,Loggi,Salvador,Pires da Prata,4,7,76.86,Entregue
16731,01/09/2024,07/09/2024,Loggi,Belo Horizonte,Silva,5,6,154.09,Entregue
23308,17/07/2024,24/07/2024,Jadlog,Belo Horizonte,Santos,5,7,58.8,Entregue
29230,25/04/2024,04/05/2024,Jadlog,São Paulo,Correia do Oeste,9,9,264.48,Entregue
66129,28/05/2024,04/06/2024,Azul Cargo,São Paulo,Duarte,5,7,109.12,Entregue
58544,18/04/2024,28/04/2024,Correios,Salvador,Costela do Sul,8,10,229.53,Entregue
20719,25/11/2024,05/12/2024,Azul Cargo,Curitiba,Duarte,9,10,295.27,Entregue
14488,19/04/2024,01/05/2024,Loggi,Curitiba,Teixeira,10,12,215.81,Entregue
36353,11/11/2024,18/11/2024,Jadlog,Salvador,da Cunha da Prata,8,7,214.68,Em trânsito
64791,03/02/2024,13/02/2024,Loggi,São Paulo,das Neves,7,10,53.57,Entregue
10207,06/11/2024,15/11/2024,Jadlog,Belo Horizonte,Araújo,8,9,279.88,Entregue
39113,21/09/2024,02/10/2024,Azul Cargo,Salvador,das Neves de Moreira,8,11,284.21,Entregue
9282,05/06/2024,13/06/2024,Correios,São Paulo,Castro de da Rosa,7,8,240.4,Entregue
43648,15/11/2024,24/11/2024,Loggi,Belo Horizonte,Cardoso das Flores,7,9,276.52,Entregue
27812,13/10/2024,21/10/2024,Azul Cargo,Recife,Moura,8,8,276.05,Entregue
55524,09/08/2024,18/08/2024,Azul Cargo,Belo Horizonte,Caldeira de Minas,10,9,252.79,Entregue
47805,09/02/2024,18/02/2024,Jadlog,São Paulo,Lima,8,9,99.95,Entregue
53660,28/12/2024,03/01/2025,Azul Cargo,Curitiba,Moraes,5,6,125.33,Entregue
37661,18/07/2024,25/07/2024,Jadlog,Salvador,Cardoso de da Mota,6,7,290.67,Entregue
45750,20/07/2024,26/07/2024,Jadlog,Belo Horizonte,Fernandes,5,6,214.97,Entregue
63941,19/06/2024,28/06/2024,Loggi,São Paulo,Aragão,10,9,223.75,Entregue
11483,14/01/2024,19/01/2024,Jadlog,Curitiba,Rezende,2,5,78.39,Entregue
30619,12/08/2024,14/08/2024,Correios,Salvador,da Conceição Grande,3,2,50.5,Entregue
13338,23/02/2024,26/02/2024,Loggi,São Paulo,Souza do Sul,4,3,231.66,Entregue
67967,06/06/2024,10/06/2024,Correios,Curitiba,Fogaça,3,4,65.85,Devolvido
41821,06/03/2024,09/03/2024,Jadlog,Belo Horizonte,Dias,4,3,209.19,Entregue
1036,10/01/2024,21/01/2024,Correios,Belo Horizonte,Duarte de Santos,8,11,23.73,Entregue
66384,12/11/2024,17/11/2024,Jadlog,Belo Horizonte,Costela,2,5,260.54,Entregue
56426,09/04/2024,21/04/2024,Loggi,São Paulo,da Mata do Oeste,9,12,254.93,Entregue
45890,05/02/2024,13/02/2024,Correios,Curitiba,da Conceição de Campos,5,8,255.81,Entregue
42561,08/05/2024,18/05/2024,Azul Cargo,Belo Horizonte,Fogaça do Sul,7,10,152.06,Entregue
43722,28/01/2024,08/02/2024,Jadlog,Recife,Mendes das Pedras,9,11,210.82,Entregue
65494,02/01/2024,12/01/2024,Azul Cargo,Recife,da Paz de Almeida,8,10,71.09,Entregue
21065,17/08/2024,25/08/2024,Correios,Salvador,da Rocha do Norte,7,8,163.45,Entregue
34828,15/03/2024,28/03/2024,Azul Cargo,Recife,Nogueira,10,13,126.44,Entregue
21938,24/12/2024,04/01/2025,Azul Cargo,São Paulo,Gomes,10,11,180.24,Entregue
16383,16/11/2024,22/11/2024,Azul Cargo,Curitiba,Cunha,5,6,219.06,Entregue
31234,07/08/2024,14/08/2024,Jadlog,Belo Horizonte,Barbosa da Serra,5,7,115.08,Entregue
52972,28/11/2024,02/12/2024,Azul Cargo,São Paulo,Silveira de da Mota,4,4,75.23,Entregue
45336,27/09/2024,07/10/2024,Loggi,São Paulo,Pereira do Sul,9,10,168.75,Entregue
6927,03/07/2024,06/07/2024,Azul Cargo,Recife,Oliveira do Amparo,2,3,233.32,Entregue
62968,23/02/2024,26/02/2024,Correios,Salvador,Duarte do Campo,2,3,38.09,Em trânsito
16046,13/01/2024,21/01/2024,Correios,São Paulo,Nascimento da Prata,8,8,236.9,Entregue
16595,16/12/2024,23/12/2024,Loggi,Curitiba,da Conceição Grande,6,7,202.54,Entregue
60435,04/04/2024,06/04/2024,Azul Cargo,Belo Horizonte,Souza,3,2,69.51,Entregue
17759,08/07/2024,15/07/2024,Loggi,Salvador,Duarte,8,7,235.59,Entregue
8967,03/02/2024,12/02/2024,Azul Cargo,Belo Horizonte,Barros de Cardoso,10,9,101.42,Devolvido
12563,05/01/2024,12/01/2024,Correios,São Paulo,da Mata,4,7,82.17,Entregue
11948,15/08/2024,17/08/2024,Correios,Salvador,Vieira do Campo,2,2,186.31,Entregue
18477,15/01/2024,24/01/2024,Jadlog,São Paulo,da Cruz,6,9,166.95,Entregue
57037,10/08/2024,15/08/2024,Correios,Curitiba,das Neves,3,5,23.02,Entregue
63006,23/05/2024,02/06/2024,Correios,Curitiba,da Luz da Mata,10,10,254.23,Entregue
9368,08/01/2024,09/01/2024,Jadlog,Recife,Oliveira,2,1,106.57,Entregue
61137,04/09/2024,15/09/2024,Azul Cargo,Salvador,Gomes,8,11,16.67,Entregue
58545,08/04/2024,20/04/2024,Azul Cargo,Belo Horizonte,Melo das Pedras,9,12,276.78,Entregue
57521,19/11/2024,24/11/2024,Correios,São Paulo,Lopes,2,5,247.33,Entregue
54010,09/10/2024,17/10/2024,Jadlog,Curitiba,Melo do Sul,7,8,271.52,Entregue
29519,07/12/2024,11/12/2024,Azul Cargo,Curitiba,Barros de Novaes,2,4,226.17,Entregue
42260,08/04/2024,15/04/2024,Loggi,Recife,Correia do Oeste,6,7,176.44,Entregue
58416,09/11/2024,16/11/2024,Correios,Curitiba,Oliveira do Norte,5,7,96.0,Entregue
25678,22/11/2024,26/11/2024,Azul Cargo,Belo Horizonte,Farias,4,4,260.26,Entregue
52971,13/11/2024,23/11/2024,Correios,Salvador,Cunha de Fernandes,10,10,14.6,Em trânsito
62531,06/03/2024,18/03/2024,Correios,Curitiba,da Rosa de Lima,10,12,93.13,Entregue
17211,09/08/2024,13/08/2024,Jadlog,Salvador,Souza Alegre,2,4,154.48,Em trânsito
32495,12/05/2024,22/05/2024,Jadlog,Recife,Viana de Cardoso,8,10,107.43,Entregue
1318,11/03/2024,18/03/2024,Correios,Recife,da Cruz,5,7,68.96,Entregue
24456,09/12/2024,17/12/2024,Azul Cargo,São Paulo,Lopes,8,8,175.75,Entregue
53221,01/04/2024,09/04/2024,Jadlog,Belo Horizonte,Mendes,8,8,124.52,Entregue
6272,08/06/2024,19/06/2024,Correios,Salvador,Vieira,9,11,160.03,Em trânsito
1004,28/11/2024,02/12/2024,Azul Cargo,Belo Horizonte,da Rosa,2,4,296.81,Entregue
35673,19/08/2024,28/08/2024,Jadlog,São Paulo,Lima do Campo,9,9,26.28,Entregue
451,25/12/2024,28/12/2024,Azul Cargo,Recife,da Costa da Praia,3,3,206.13,Entregue
64390,27/12/2024,01/01/2025,Loggi,São Paulo,da Mata,2,5,258.9,Entregue
42342,16/09/2024,19/09/2024,Loggi,Recife,Duarte do Oeste,4,3,220.73,Entregue
24248,18/11/2024,26/11/2024,Jadlog,Salvador,da Cunha,6,8,197.88,Entregue
33714,03/12/2024,08/12/2024,Correios,São Paulo,Castro de Carvalho,2,5,183.57,Entregue
16791,20/01/2024,26/01/2024,Azul Cargo,Salvador,da Cruz,4,6,108.34,Entregue
36627,07/06/2024,17/06/2024,Correios,Recife,Fernandes de Campos,7,10,57.54,Entregue
41002,15/07/2024,26/07/2024,Loggi,Recife,Peixoto,10,11,168.42,Entregue
65649,26/05/2024,02/06/2024,Correios,Curitiba,Pinto,5,7,290.88,Entregue
46266,09/11/2024,12/11/2024,Jadlog,São Paulo,Fernandes de Santos,3,3,84.08,Entregue
47092,26/02/2024,27/02/2024,Jadlog,Salvador,Fernandes do Campo,2,1,100.83,Em trânsito
36619,14/05/2024,22/05/2024,Correios,São Paulo,Farias,9,8,86.07,Entregue
33659,14/11/2024,19/11/2024,Loggi,Curitiba,Castro do Norte,3,5,234.17,Entregue
5429,26/12/2024,02/01/2025,Correios,São Paulo,da Luz,4,7,242.9,Entregue
16230,06/01/2024,17/01/2024,Jadlog,Salvador,Sales do Galho,10,11,61.57,Entregue
52232,06/09/2024,10/09/2024,Loggi,São Paulo,Santos,4,4,77.21,Entregue
50038,15/01/2024,21/01/2024,Loggi,São Paulo,Rezende das Flores,7,6,69.64,Entregue
58063,10/10/2024,18/10/2024,Azul Cargo,Belo Horizonte,Silva,9,8,281.6,Em trânsito
13654,28/12/2024,03/01/2025,Loggi,Recife,da Costa Verde,5,6,240.37,Entregue
29069,18/08/2024,24/08/2024,Correios,Recife,Melo do Oeste,3,6,187.74,Entregue
67179,23/08/2024,02/09/2024,Azul Cargo,Recife,da Mata de Rodrigues,7,10,239.37,Em trânsito
17437,27/11/2024,06/12/2024,Azul Cargo,Salvador,Fernandes das Pedras,10,9,181.3,Entregue
12507,23/08/2024,30/08/2024,Jadlog,Recife,Campos,4,7,83.18,Entregue
46921,05/03/2024,09/03/2024,Azul Cargo,São Paulo,Cunha do Galho,3,4,73.95,Em trânsito
3508,10/02/2024,22/02/2024,Azul Cargo,Recife,Cunha,10,12,257.69,Entregue
27025,28/07/2024,03/08/2024,Azul Cargo,Salvador,Nogueira de Souza,4,6,68.74,Entregue
14999,15/07/2024,24/07/2024,Loggi,Salvador,Melo do Galho,7,9,297.39,Entregue
49555,15/03/2024,18/03/2024,Azul Cargo,Salvador,Cunha,2,3,25.63,Entregue
36203,11/06/2024,20/06/2024,Correios,Belo Horizonte,Ramos de Fernandes,7,9,134.26,Entregue
43640,22/11/2024,30/11/2024,Loggi,Curitiba,Aragão,7,8,293.08,Entregue
65784,05/09/2024,15/09/2024,Correios,Curitiba,Moraes,9,10,169.7,Entregue
18564,03/07/2024,07/07/2024,Azul Cargo,Salvador,Alves,4,4,81.9,Entregue
56232,06/03/2024,15/03/2024,Correios,Recife,Azevedo do Galho,8,9,78.94,Entregue
43520,21/07/2024,03/08/2024,Loggi,Curitiba,Monteiro,10,13,69.38,Entregue
16094,21/04/2024,25/04/2024,Correios,Curitiba,Melo,3,4,121.98,Entregue
66683,10/12/2024,12/12/2024,Loggi,Curitiba,Nogueira do Campo,2,2,151.17,Entregue
32086,26/09/2024,30/09/2024,Loggi,Salvador,Freitas do Norte,2,4,128.29,Entregue
18665,24/01/2024,05/02/2024,Jadlog,Curitiba,Mendes,10,12,200.99,Em trânsito
27360,25/06/2024,26/06/2024,Correios,Recife,Viana,2,1,274.61,Entregue
20254,03/09/2024,13/09/2024,Azul Cargo,São Paulo,Peixoto,9,10,225.74,Entregue
38997,16/01/2024,23/01/2024,Jadlog,Salvador,Fernandes,4,7,27.93,Entregue
49184,23/02/2024,04/03/2024,Azul Cargo,Salvador,Costela,7,10,230.63,Entregue
26444,08/11/2024,17/11/2024,Loggi,Curitiba,Caldeira Verde,9,9,121.49,Entregue
22280,11/09/2024,20/09/2024,Loggi,Salvador,da Costa da Praia,9,9,56.31,Entregue
62446,06/01/2024,16/01/2024,Jadlog,Salvador,Cardoso das Flores,8,10,162.5,Entregue
48716,22/07/2024,30/07/2024,Jadlog,Recife,Ramos,8,8,234.75,Entregue
43074,08/08/2024,13/08/2024,Jadlog,Salvador,Farias das Pedras,6,5,286.51,Entregue
51622,13/06/2024,25/06/2024,Azul Cargo,Salvador,Cardoso,9,12,58.91,Entregue
13493,23/12/2024,26/12/2024,Correios,Salvador,Araújo,3,3,150.27,Entregue
34115,25/03/2024,07/04/2024,Loggi,Salvador,Vieira das Pedras,10,13,24.47,Entregue
56451,02/06/2024,08/06/2024,Correios,Belo Horizonte,Correia da Mata,7,6,126.52,Entregue
60336,14/02/2024,23/02/2024,Correios,Salvador,Vieira de Cavalcanti,6,9,102.25,Entregue
16948,07/01/2024,18/01/2024,Jadlog,São Paulo,Sales Paulista,9,11,236.04,Entregue
10677,07/06/2024,16/06/2024,Jadlog,Recife,das Neves de Moreira,6,9,279.15,Entregue
44743,11/12/2024,21/12/2024,Jadlog,Belo Horizonte,Silveira de da Mota,7,10,92.75,Entregue
26608,27/09/2024,29/09/2024,Jadlog,Curitiba,Azevedo do Galho,2,2,257.61,Entregue
32304,08/05/2024,17/05/2024,Loggi,São Paulo,Novaes de Ribeiro,7,9,155.78,Entregue
565,10/06/2024,16/06/2024,Azul Cargo,Curitiba,Farias do Galho,6,6,133.72,Entregue
7108,19/07/2024,27/07/2024,Azul Cargo,Belo Horizonte,Araújo Verde,9,8,142.83,Entregue
65703,20/07/2024,25/07/2024,Jadlog,Recife,Cardoso,2,5,277.63,Entregue
54175,15/09/2024,24/09/2024,Azul Cargo,Belo Horizonte,Cardoso das Flores,7,9,29.45,Entregue
38918,17/09/2024,25/09/2024,Loggi,Belo Horizonte,Nascimento,5,8,125.15,Entregue
63110,07/10/2024,18/10/2024,Azul Cargo,Salvador,da Luz Alegre,10,11,97.7,Entregue
62175,01/09/2024,04/09/2024,Loggi,Curitiba,Fogaça de Goiás,2,3,140.23,Entregue
1031,11/12/2024,20/12/2024,Jadlog,São Paulo,Martins de Santos,8,9,238.45,Entregue
12734,20/07/2024,22/07/2024,Correios,Salvador,Santos,2,2,211.11,Entregue
54195,11/10/2024,16/10/2024,Loggi,Belo Horizonte,Silveira de Novaes,4,5,231.14,Entregue
27829,09/11/2024,11/11/2024,Loggi,Recife,Viana,2,2,53.57,Entregue
17181,28/06/2024,07/07/2024,Azul Cargo,São Paulo,Melo,10,9,182.18,Entregue
20871,27/08/2024,01/09/2024,Correios,Recife,Castro,5,5,277.07,Entregue
29130,23/11/2024,03/12/2024,Loggi,São Paulo,Oliveira do Amparo,8,10,282.67,Em trânsito
31381,19/06/2024,26/06/2024,Azul Cargo,Belo Horizonte,Melo do Sul,4,7,183.11,Entregue
14449,13/01/2024,24/01/2024,Loggi,Recife,da Rosa,9,11,209.06,Entregue
66289,12/09/2024,16/09/2024,Jadlog,Curitiba,Barbosa de Silva,3,4,39.56,Entregue
44825,13/05/2024,18/05/2024,Loggi,Salvador,Farias,3,5,169.72,Entregue
21455,08/09/2024,10/09/2024,Azul Cargo,Belo Horizonte,Caldeira de Minas,3,2,80.7,Entregue
41574,20/12/2024,29/12/2024,Loggi,Salvador,Vieira de da Luz,6,9,177.94,Entregue
28745,05/09/2024,18/09/2024,Correios,São Paulo,Pires,10,13,153.52,Entregue
3716,07/08/2024,12/08/2024,Loggi,São Paulo,Nascimento da Prata,3,5,127.52,Em trânsito
8141,16/12/2024,18/12/2024,Azul Cargo,Curitiba,Aragão,3,2,263.57,Entregue
16592,26/12/2024,05/01/2025,Jadlog,Recife,da Luz,9,10,12.67,Entregue
37226,02/04/2024,14/04/2024,Azul Cargo,Belo Horizonte,Correia das Flores,10,12,108.02,Entregue
35323,05/10/2024,18/10/2024,Jadlog,Belo Horizonte,Fogaça,10,13,49.73,Entregue
45177,08/06/2024,10/06/2024,Loggi,Belo Horizonte,Araújo de Pinto,3,2,166.02,Entregue
35782,10/10/2024,23/10/2024,Jadlog,Belo Horizonte,Cardoso,10,13,29.6,Entregue
33353,28/01/2024,04/02/2024,Jadlog,Salvador,Barbosa,7,7,179.9,Entregue
30394,08/01/2024,15/01/2024,Azul Cargo,Belo Horizonte,Almeida de Minas,4,7,16.09,Entregue
41340,27/06/2024,06/07/2024,Correios,São Paulo,Cardoso,7,9,15.24,Entregue
49502,15/11/2024,27/11/2024,Loggi,Curitiba,Pires do Amparo,9,12,201.75,Entregue
16331,07/07/2024,11/07/2024,Azul Cargo,São Paulo,Oliveira da Serra,3,4,256.59,Entregue
45887,07/02/2024,17/02/2024,Loggi,Belo Horizonte,da Mota,8,10,214.09,Entregue
60499,26/06/2024,05/07/2024,Jadlog,São Paulo,Rezende de Rezende,8,9,30.04,Entregue
20218,11/08/2024,14/08/2024,Jadlog,Recife,da Cunha da Praia,4,3,254.45,Entregue
1737,23/01/2024,31/01/2024,Loggi,Belo Horizonte,Moreira do Sul,9,8,155.01,Entregue
995,14/10/2024,18/10/2024,Azul Cargo,Recife,Pereira,2,4,54.42,Entregue
63009,12/05/2024,17/05/2024,Correios,São Paulo,Sales,3,5,176.46,Entregue
47237,27/12/2024,07/01/2025,Jadlog,Belo Horizonte,Duarte,10,11,131.32,Em trânsito
50341,02/08/2024,07/08/2024,Loggi,Belo Horizonte,da Conceição de Campos,3,5,230.31,Entregue
39656,03/11/2024,07/11/2024,Jadlog,Belo Horizonte,da Luz Grande,2,4,132.57,Entregue
19439,20/09/2024,21/09/2024,Jadlog,Curitiba,Aragão,2,1,208.26,Entregue
35028,03/05/2024,13/05/2024,Jadlog,Belo Horizonte,da Costa das Pedras,9,10,268.34,Entregue
14410,23/11/2024,27/11/2024,Correios,Salvador,Melo do Sul,3,4,189.66,Entregue
33549,17/07/2024,29/07/2024,Loggi,Recife,Duarte de Monteiro,10,12,90.68,Entregue
63466,03/08/2024,08/08/2024,Loggi,São Paulo,Cunha,3,5,283.98,Entregue
16455,11/04/2024,18/04/2024,Azul Cargo,São Paulo,Vieira,4,7,131.51,Entregue
17253,10/10/2024,20/10/2024,Loggi,Curitiba,da Luz,7,10,284.34,Entregue
6529,06/12/2024,13/12/2024,Loggi,Salvador,Carvalho,8,7,280.17,Entregue
7286,10/06/2024,19/06/2024,Azul Cargo,Belo Horizonte,Lopes da Serra,6,9,163.91,Em trânsito
29862,17/09/2024,21/09/2024,Loggi,Recife,Castro do Galho,4,4,285.09,Entregue
57252,11/10/2024,21/10/2024,Azul Cargo,São Paulo,Costela,7,10,157.33,Entregue
13459,20/10/2024,29/10/2024,Azul Cargo,Salvador,da Luz de Novaes,7,9,109.58,Entregue
7768,09/03/2024,15/03/2024,Loggi,São Paulo,Pinto,3,6,157.24,Entregue
9936,24/04/2024,02/05/2024,Jadlog,Salvador,Dias de Minas,9,8,191.77,Entregue
7201,10/01/2024,17/01/2024,Jadlog,São Paulo,Souza do Galho,6,7,27.71,Entregue
4773,14/01/2024,18/01/2024,Jadlog,Salvador,Melo,4,4,70.64,Entregue
15573,17/11/2024,25/11/2024,Correios,Curitiba,Monteiro,5,8,53.76,Entregue
67171,21/08/2024,01/09/2024,Loggi,São Paulo,Melo das Pedras,10,11,246.19,Entregue
33648,20/10/2024,26/10/2024,Azul Cargo,São Paulo,Nascimento dos Dourados,4,6,139.61,Entregue
23981,04/06/2024,15/06/2024,Correios,São Paulo,Sales,8,11,66.96,Entregue
54726,19/05/2024,23/05/2024,Azul Cargo,Curitiba,Ferreira de Duarte,4,4,264.22,Entregue
24639,13/11/2024,21/11/2024,Loggi,Curitiba,da Rocha do Sul,9,8,232.23,Entregue
49632,01/09/2024,12/09/2024,Jadlog,Belo Horizonte,Vieira do Norte,9,11,71.38,Entregue
35264,15/07/2024,27/07/2024,Loggi,Curitiba,das Neves de Minas,10,12,236.57,Entregue
25435,27/03/2024,05/04/2024,Azul Cargo,São Paulo,Moreira,6,9,104.4,Entregue
19295,21/02/2024,02/03/2024,Azul Cargo,Curitiba,Gomes de da Costa,8,10,117.8,Entregue
47571,23/11/2024,26/11/2024,Correios,Salvador,Martins,2,3,194.02,Entregue
18239,13/01/2024,17/01/2024,Correios,Recife,Cardoso,5,4,52.31,Entregue
57737,22/12/2024,30/12/2024,Azul Cargo,Belo Horizonte,Ribeiro,6,8,163.53,Entregue
10063,15/12/2024,17/12/2024,Correios,Salvador,Melo do Sul,2,2,277.03,Entregue
30560,17/06/2024,20/06/2024,Azul Cargo,Salvador,da Rocha do Norte,2,3,112.03,Entregue
52631,28/12/2024,07/01/2025,Jadlog,Salvador,Araújo,7,10,241.24,Entregue
21392,21/07/2024,30/07/2024,Loggi,Belo Horizonte,da Luz,6,9,210.83,Entregue
51813,25/07/2024,06/08/2024,Azul Cargo,Curitiba,Jesus dos Dourados,9,12,208.57,Entregue
56137,16/08/2024,24/08/2024,Jadlog,Curitiba,Pires do Norte,5,8,100.0,Entregue
2917,10/09/2024,21/09/2024,Correios,Recife,Farias,10,11,244.52,Entregue
434,16/11/2024,21/11/2024,Azul Cargo,Curitiba,Campos,2,5,201.22,Entregue
53722,17/04/2024,22/04/2024,Azul Cargo,Salvador,Cardoso Alegre,6,5,249.18,Entregue
28187,09/11/2024,15/11/2024,Correios,Recife,Ribeiro das Flores,3,6,159.71,Entregue
49736,25/06/2024,04/07/2024,Correios,Recife,Fogaça,7,9,266.17,Entregue
32980,03/01/2024,07/01/2024,Correios,São Paulo,Aragão de Cardoso,5,4,144.54,Entregue
30038,11/02/2024,14/02/2024,Correios,Salvador,Mendes,2,3,58.88,Entregue
3121,20/12/2024,28/12/2024,Azul Cargo,Curitiba,Silveira de da Mota,5,8,17.86,Entregue
67280,21/10/2024,01/11/2024,Correios,Curitiba,Pereira do Sul,10,11,138.81,Entregue
9032,05/05/2024,12/05/2024,Correios,Salvador,Martins,6,7,61.57,Entregue
24149,22/04/2024,24/04/2024,Correios,Salvador,Caldeira dos Dourados,2,2,176.23,Entregue
50160,12/09/2024,22/09/2024,Loggi,Recife,Pinto,10,10,233.71,Entregue
6649,04/05/2024,06/05/2024,Loggi,Belo Horizonte,Martins,3,2,54.11,Entregue
8305,20/11/2024,25/11/2024,Jadlog,Curitiba,Peixoto,5,5,225.84,Entregue
37244,25/05/2024,04/06/2024,Jadlog,Recife,Silva de Minas,7,10,266.91,Entregue
16321,14/07/2024,19/07/2024,Jadlog,Salvador,Nogueira,3,5,89.9,Entregue
8640,24/05/2024,30/05/2024,Jadlog,Curitiba,Nogueira,7,6,54.86,Entregue
2792,11/03/2024,23/03/2024,Azul Cargo,Recife,da Cunha,10,12,299.38,Entregue
28026,23/11/2024,30/11/2024,Correios,Salvador,Monteiro,5,7,12.27,Entregue
55837,14/07/2024,25/07/2024,Loggi,São Paulo,da Luz,9,11,25.87,Entregue
16114,10/06/2024,16/06/2024,Loggi,Curitiba,Moraes,6,6,263.24,Entregue
48550,26/07/2024,04/08/2024,Azul Cargo,Salvador,Campos do Norte,9,9,117.82,Entregue
12401,17/02/2024,27/02/2024,Loggi,Salvador,Campos do Norte,7,10,186.21,Em trânsito
18671,06/01/2024,15/01/2024,Correios,Salvador,Rocha Grande,9,9,263.65,Entregue
9173,19/11/2024,24/11/2024,Jadlog,Belo Horizonte,Farias do Galho,5,5,234.05,Entregue
25724,14/12/2024,24/12/2024,Correios,Salvador,Lopes,9,10,100.8,Entregue
26558,27/06/2024,01/07/2024,Azul Cargo,Recife,Dias de Moraes,3,4,232.9,Entregue
52391,14/09/2024,20/09/2024,Jadlog,Recife,Santos,6,6,103.03,Em trânsito
30325,08/10/2024,14/10/2024,Loggi,Salvador,da Cruz,3,6,257.64,Entregue
46980,08/07/2024,15/07/2024,Loggi,Salvador,Ribeiro,8,7,108.65,Entregue
30900,22/06/2024,30/06/2024,Azul Cargo,Recife,Ribeiro das Flores,8,8,231.24,Entregue
42832,25/04/2024,06/05/2024,Azul Cargo,São Paulo,Santos,10,11,48.37,Em trânsito
59449,25/04/2024,29/04/2024,Azul Cargo,Curitiba,Pinto,5,4,53.25,Entregue
15023,04/08/2024,13/08/2024,Correios,Curitiba,Cardoso das Flores,6,9,216.69,Entregue
24019,18/08/2024,23/08/2024,Correios,Belo Horizonte,Gomes de da Costa,2,5,90.15,Entregue
15123,26/01/2024,04/02/2024,Azul Cargo,Salvador,Caldeira dos Dourados,8,9,261.46,Entregue
50772,04/09/2024,12/09/2024,Azul Cargo,São Paulo,Carvalho de Lopes,6,8,208.3,Entregue
60982,21/01/2024,25/01/2024,Jadlog,Belo Horizonte,da Rosa,4,4,152.54,Entregue
14778,23/07/2024,30/07/2024,Correios,Curitiba,Ribeiro de Cunha,6,7,262.18,Entregue
4035,21/02/2024,26/02/2024,Correios,Recife,Duarte,3,5,261.59,Entregue
33699,01/12/2024,10/12/2024,Correios,Recife,Correia de Pereira,10,9,48.85,Entregue
44737,12/11/2024,23/11/2024,Correios,São Paulo,Vieira de Gomes,8,11,212.01,Entregue
47650,21/04/2024,25/04/2024,Loggi,Recife,da Mota do Sul,5,4,33.33,Devolvido
15389,28/06/2024,03/07/2024,Correios,Belo Horizonte,da Luz Alegre,5,5,262.84,Entregue
65230,18/07/2024,29/07/2024,Jadlog,Salvador,Melo,8,11,146.05,Entregue
17903,22/04/2024,29/04/2024,Azul Cargo,Recife,Campos,8,7,47.0,Em trânsito
65450,20/12/2024,30/12/2024,Azul Cargo,Recife,Novaes,8,10,205.43,Entregue
45598,13/09/2024,15/09/2024,Correios,Curitiba,Barbosa,2,2,200.22,Entregue
11373,06/06/2024,14/06/2024,Correios,São Paulo,Almeida do Amparo,6,8,163.49,Entregue
30095,06/06/2024,19/06/2024,Correios,Curitiba,Cardoso,10,13,255.15,Entregue
48453,02/01/2024,12/01/2024,Jadlog,Recife,Cardoso,10,10,111.63,Entregue
46754,25/04/2024,29/04/2024,Loggi,Curitiba,Rodrigues,3,4,221.16,Entregue
41602,04/01/2024,17/01/2024,Azul Cargo,São Paulo,Caldeira dos Dourados,10,13,96.53,Entregue
41028,09/09/2024,10/09/2024,Correios,Recife,Teixeira,2,1,180.15,Entregue
18219,26/12/2024,01/01/2025,Jadlog,Belo Horizonte,Silveira de Pereira,6,6,83.05,Entregue
5327,04/09/2024,16/09/2024,Jadlog,Recife,Nogueira,10,12,115.09,Entregue
4801,13/02/2024,17/02/2024,Jadlog,Salvador,Gonçalves de Goiás,4,4,234.33,Devolvido
47324,23/06/2024,26/06/2024,Loggi,Recife,Cardoso dos Dourados,2,3,149.06,Entregue
40809,22/06/2024,29/06/2024,Jadlog,Recife,Campos,4,7,52.22,Entregue
66214,10/07/2024,18/07/2024,Loggi,Salvador,Farias,9,8,277.98,Entregue
4233,02/03/2024,12/03/2024,Loggi,Belo Horizonte,Farias do Galho,7,10,72.08,Entregue
3355,16/05/2024,21/05/2024,Jadlog,Belo Horizonte,Fernandes das Flores,4,5,52.33,Entregue
23194,25/04/2024,03/05/2024,Correios,São Paulo,Duarte,8,8,65.34,Entregue
63626,15/07/2024,18/07/2024,Jadlog,Curitiba,da Mota da Mata,4,3,128.32,Entregue
52080,18/11/2024,27/11/2024,Azul Cargo,Curitiba,Silveira,7,9,60.64,Entregue
32286,18/03/2024,30/03/2024,Loggi,Belo Horizonte,Barbosa,9,12,267.8,Entregue
8621,04/04/2024,12/04/2024,Loggi,Curitiba,Duarte de Monteiro,7,8,288.4,Entregue
56611,23/04/2024,28/04/2024,Correios,Recife,Rodrigues,2,5,138.37,Em trânsito
52742,25/07/2024,28/07/2024,Jadlog,São Paulo,Rodrigues de Cavalcanti,4,3,215.61,Entregue
43525,16/07/2024,23/07/2024,Azul Cargo,Curitiba,Santos,6,7,169.32,Entregue
505,23/02/2024,03/03/2024,Azul Cargo,São Paulo,Fogaça,10,9,184.84,Entregue
63716,20/01/2024,01/02/2024,Jadlog,Salvador,Campos de Nogueira,10,12,210.31,Em trânsito
10724,09/08/2024,10/08/2024,Loggi,Belo Horizonte,Fernandes dos Dourados,2,1,162.44,Entregue
17970,15/08/2024,20/08/2024,Jadlog,Recife,da Luz de Peixoto,6,5,230.04,Entregue
30048,19/03/2024,22/03/2024,Correios,Curitiba,Melo do Galho,2,3,136.75,Entregue
53083,27/06/2024,01/07/2024,Azul Cargo,Recife,Santos de Costela,5,4,294.01,Entregue
37594,21/03/2024,28/03/2024,Correios,Salvador,Correia dos Dourados,4,7,112.26,Entregue
63616,07/07/2024,10/07/2024,Loggi,Salvador,da Luz de Novaes,4,3,278.3,Entregue
12618,27/03/2024,29/03/2024,Jadlog,Belo Horizonte,Farias do Galho,2,2,205.98,Entregue
55272,28/05/2024,02/06/2024,Correios,Belo Horizonte,da Mata,3,5,219.89,Entregue
33137,25/11/2024,05/12/2024,Azul Cargo,Salvador,Alves,8,10,113.06,Entregue
51399,12/03/2024,20/03/2024,Correios,Recife,Fogaça do Norte,9,8,25.88,Entregue
53280,02/09/2024,08/09/2024,Jadlog,São Paulo,Monteiro,6,6,285.01,Entregue
24058,15/11/2024,19/11/2024,Azul Cargo,Belo Horizonte,Cardoso,5,4,135.81,Entregue
37981,23/06/2024,30/06/2024,Azul Cargo,Belo Horizonte,da Rocha da Serra,6,7,26.64,Entregue
4375,11/01/2024,12/01/2024,Correios,Recife,Cardoso das Flores,2,1,91.74,Entregue
44377,25/12/2024,01/01/2025,Loggi,Salvador,Dias de Moraes,8,7,154.25,Entregue
26518,27/03/2024,07/04/2024,Loggi,Recife,Porto de Goiás,10,11,185.62,Entregue
35989,14/07/2024,22/07/2024,Jadlog,Salvador,Souza,9,8,274.52,Entregue
43565,02/09/2024,11/09/2024,Loggi,Salvador,da Conceição Verde,10,9,255.62,Entregue
53747,25/05/2024,05/06/2024,Jadlog,Curitiba,Pinto,10,11,66.98,Entregue
13049,05/07/2024,15/07/2024,Jadlog,Belo Horizonte,Freitas,9,10,147.87,Entregue
67010,06/04/2024,15/04/2024,Loggi,Recife,Costa,8,9,252.8,Entregue
16426,08/02/2024,10/02/2024,Jadlog,Belo Horizonte,Caldeira,2,2,28.48,Em trânsito
46403,14/05/2024,21/05/2024,Correios,Belo Horizonte,Almeida,5,7,74.84,Entregue
62005,09/10/2024,15/10/2024,Jadlog,Salvador,Moreira do Norte,3,6,104.8,Em trânsito
37107,08/10/2024,17/10/2024,Correios,Curitiba,da Mota,10,9,32.15,Entregue
21896,01/09/2024,04/09/2024,Azul Cargo,Recife,Moraes,3,3,19.43,Entregue
46646,17/08/2024,25/08/2024,Loggi,Belo Horizonte,Freitas do Norte,5,8,214.3,Entregue
66298,28/09/2024,11/10/2024,Azul Cargo,Curitiba,Ribeiro,10,13,93.38,Entregue
45333,11/09/2024,18/09/2024,Azul Cargo,Recife,da Cruz,7,7,144.84,Entregue
53969,04/08/2024,08/08/2024,Azul Cargo,Recife,Cardoso de da Conceição,3,4,205.89,Em trânsito
36400,21/02/2024,29/02/2024,Loggi,Belo Horizonte,Ferreira de Barbosa,9,8,213.86,Em trânsito
49603,28/07/2024,08/08/2024,Jadlog,Belo Horizonte,da Luz Alegre,8,11,264.06,Entregue
51108,08/07/2024,14/07/2024,Azul Cargo,Belo Horizonte,Pires do Amparo,4,6,42.22,Entregue
4610,19/03/2024,23/03/2024,Loggi,Curitiba,da Luz,5,4,186.13,Em trânsito
47689,08/07/2024,17/07/2024,Loggi,Curitiba,Silveira Paulista,6,9,193.99,Entregue
40533,28/06/2024,06/07/2024,Correios,Belo Horizonte,Novaes,9,8,267.15,Entregue
50503,20/05/2024,31/05/2024,Loggi,Belo Horizonte,Fernandes das Pedras,10,11,253.03,Entregue
67953,11/05/2024,20/05/2024,Loggi,Recife,Azevedo das Flores,7,9,96.53,Entregue
60149,08/04/2024,18/04/2024,Jadlog,São Paulo,da Mota do Amparo,10,10,294.83,Entregue
55314,01/07/2024,09/07/2024,Jadlog,Salvador,Pinto,7,8,244.95,Entregue
55818,10/07/2024,17/07/2024,Jadlog,São Paulo,Martins de Correia,4,7,265.72,Entregue
60716,16/11/2024,20/11/2024,Azul Cargo,Recife,Cardoso de Caldeira,2,4,42.27,Entregue
45457,25/12/2024,30/12/2024,Azul Cargo,São Paulo,da Cruz,5,5,86.26,Entregue
12259,14/05/2024,24/05/2024,Correios,São Paulo,da Mata de Rocha,9,10,220.08,Entregue
3419,20/10/2024,24/10/2024,Jadlog,Curitiba,Farias,5,4,138.56,Entregue
61458,23/03/2024,30/03/2024,Correios,Curitiba,Costela de Rezende,6,7,151.51,Em trânsito
36479,15/08/2024,18/08/2024,Correios,Belo Horizonte,Azevedo Paulista,2,3,53.3,Entregue
47082,25/02/2024,29/02/2024,Azul Cargo,Belo Horizonte,Pinto do Galho,4,4,217.54,Entregue
56309,11/07/2024,19/07/2024,Loggi,Salvador,Vieira de Gomes,8,8,32.28,Entregue
7341,05/10/2024,12/10/2024,Azul Cargo,Belo Horizonte,Nogueira do Campo,7,7,293.82,Entregue
42760,12/11/2024,19/11/2024,Jadlog,São Paulo,Vieira de Gomes,6,7,139.37,Entregue
28117,26/06/2024,06/07/2024,Jadlog,Recife,Pires,7,10,222.75,Entregue
52703,04/04/2024,12/04/2024,Jadlog,Curitiba,da Paz,8,8,98.23,Entregue
63068,21/08/2024,31/08/2024,Azul Cargo,Belo Horizonte,Rezende do Sul,8,10,284.27,Entregue
26378,21/06/2024,29/06/2024,Jadlog,São Paulo,Pires,7,8,54.65,Entregue
59541,28/11/2024,01/12/2024,Azul Cargo,Salvador,Viana,4,3,58.69,Entregue
59258,12/04/2024,14/04/2024,Azul Cargo,Curitiba,Cardoso do Campo,3,2,174.6,Entregue
35604,20/06/2024,23/06/2024,Loggi,Salvador,da Cruz,4,3,200.14,Entregue
41948,04/11/2024,08/11/2024,Jadlog,Recife,Cardoso dos Dourados,2,4,172.37,Entregue
56202,28/01/2024,29/01/2024,Jadlog,Belo Horizonte,Nogueira do Oeste,2,1,36.86,Entregue
48800,15/12/2024,21/12/2024,Loggi,Curitiba,Aragão do Oeste,5,6,200.89,Em trânsito
22980,13/09/2024,15/09/2024,Azul Cargo,Recife,Moraes,3,2,178.37,Entregue
26814,09/06/2024,15/06/2024,Jadlog,São Paulo,Teixeira Paulista,4,6,27.25,Entregue
12354,08/11/2024,14/11/2024,Loggi,Recife,da Cunha Alegre,6,6,234.46,Entregue
66532,03/05/2024,10/05/2024,Azul Cargo,Curitiba,Silveira de Pereira,8,7,52.48,Entregue
27190,14/02/2024,22/02/2024,Azul Cargo,Belo Horizonte,Teixeira,5,8,27.16,Entregue
57569,10/01/2024,13/01/2024,Correios,Salvador,Mendes,2,3,24.57,Entregue
16676,19/06/2024,23/06/2024,Jadlog,Curitiba,Silveira Paulista,4,4,173.22,Entregue
25797,07/05/2024,14/05/2024,Correios,Salvador,Vieira,8,7,78.0,Entregue
64141,21/11/2024,02/12/2024,Azul Cargo,São Paulo,Pires,9,11,256.35,Entregue
48580,19/09/2024,27/09/2024,Jadlog,Curitiba,Viana de Jesus,6,8,129.0,Entregue
55851,27/08/2024,01/09/2024,Jadlog,Curitiba,Caldeira Verde,3,5,64.23,Entregue
66874,24/01/2024,02/02/2024,Loggi,Curitiba,Sales Paulista,9,9,55.64,Entregue
49376,07/02/2024,10/02/2024,Jadlog,São Paulo,Teixeira Paulista,2,3,101.22,Entregue
47884,17/07/2024,24/07/2024,Jadlog,Curitiba,Santos,6,7,82.98,Entregue
54680,01/04/2024,08/04/2024,Correios,Recife,Carvalho,6,7,10.31,Entregue
60956,13/12/2024,19/12/2024,Azul Cargo,Recife,Santos,4,6,191.76,Em trânsito
52717,08/05/2024,11/05/2024,Azul Cargo,Recife,Cavalcanti Alegre,3,3,178.39,Entregue
46156,04/08/2024,17/08/2024,Loggi,São Paulo,Azevedo das Flores,10,13,259.47,Entregue
64976,27/01/2024,31/01/2024,Correios,Recife,Almeida,3,4,174.51,Entregue
3602,14/05/2024,19/05/2024,Correios,Salvador,Cunha,5,5,29.66,Entregue
1575,06/09/2024,13/09/2024,Correios,São Paulo,da Mota de Fogaça,8,7,161.44,Entregue
28817,10/10/2024,18/10/2024,Azul Cargo,São Paulo,Gonçalves,8,8,12.5,Entregue
19558,17/04/2024,24/04/2024,Jadlog,São Paulo,da Mata do Oeste,8,7,30.77,Entregue
34706,02/06/2024,07/06/2024,Azul Cargo,Belo Horizonte,Freitas Verde,5,5,170.8,Entregue
6725,13/08/2024,21/08/2024,Azul Cargo,Belo Horizonte,das Neves,5,8,271.03,Entregue
25430,09/03/2024,16/03/2024,Azul Cargo,Curitiba,da Luz Alegre,5,7,287.15,Entregue
23188,16/04/2024,23/04/2024,Jadlog,Belo Horizonte,Pires do Amparo,5,7,299.77,Entregue
61618,10/01/2024,18/01/2024,Loggi,Curitiba,Barros de Costa,5,8,17.07,Entregue
13088,20/09/2024,29/09/2024,Correios,Curitiba,Moreira,9,9,130.31,Entregue
20368,08/12/2024,14/12/2024,Loggi,Belo Horizonte,Duarte,5,6,242.24,Entregue
39494,24/11/2024,01/12/2024,Correios,Curitiba,Duarte,7,7,90.58,Entregue
51221,08/03/2024,17/03/2024,Correios,Recife,Ribeiro,9,9,131.04,Em trânsito
37440,05/05/2024,13/05/2024,Correios,Curitiba,da Luz Alegre,9,8,29.92,Devolvido
13343,16/02/2024,21/02/2024,Jadlog,Salvador,Sales do Galho,2,5,189.99,Entregue
50441,23/02/2024,27/02/2024,Correios,Belo Horizonte,Lima,3,4,183.78,Entregue
56195,15/01/2024,18/01/2024,Loggi,Belo Horizonte,Vieira das Pedras,4,3,295.3,Entregue
50535,16/07/2024,28/07/2024,Jadlog,Salvador,Ribeiro de Cunha,10,12,75.81,Entregue
28346,19/09/2024,22/09/2024,Loggi,São Paulo,Rezende de Rezende,4,3,45.26,Entregue
29299,05/09/2024,13/09/2024,Correios,Belo Horizonte,Ferreira de da Mota,8,8,247.56,Entregue
20137,04/06/2024,16/06/2024,Correios,Belo Horizonte,da Rosa,10,12,225.35,Entregue
25873,10/09/2024,12/09/2024,Correios,Curitiba,Rodrigues Verde,3,2,29.63,Entregue
60235,07/10/2024,15/10/2024,Jadlog,São Paulo,das Neves,8,8,137.31,Entregue
24315,12/04/2024,23/04/2024,Jadlog,Belo Horizonte,Gomes,9,11,233.86,Em trânsito
50234,07/02/2024,08/02/2024,Azul Cargo,São Paulo,Oliveira da Prata,2,1,85.52,Entregue
4736,20/11/2024,26/11/2024,Loggi,Belo Horizonte,Novaes,6,6,239.48,Entregue
31422,02/09/2024,09/09/2024,Loggi,Recife,Fernandes de Campos,7,7,264.91,Entregue
58011,14/07/2024,18/07/2024,Correios,Recife,Mendes,5,4,155.29,Entregue
698,26/03/2024,02/04/2024,Correios,Salvador,Lima do Campo,7,7,119.5,Entregue
4022,05/12/2024,12/12/2024,Jadlog,Belo Horizonte,Costela,5,7,216.49,Entregue
30766,18/01/2024,26/01/2024,Loggi,Belo Horizonte,da Mata das Pedras,6,8,267.29,Em trânsito
37699,15/10/2024,23/10/2024,Azul Cargo,São Paulo,Duarte,9,8,104.22,Entregue
1942,28/02/2024,04/03/2024,Azul Cargo,Salvador,Carvalho,2,5,95.09,Entregue
4209,17/02/2024,18/02/2024,Loggi,Recife,Ribeiro,2,1,186.92,Entregue
21023,04/05/2024,16/05/2024,Azul Cargo,Curitiba,Mendes de Cardoso,9,12,60.36,Entregue
62039,07/12/2024,14/12/2024,Loggi,Curitiba,da Mata da Mata,5,7,80.89,Entregue
37396,21/03/2024,30/03/2024,Correios,Recife,Souza,6,9,200.05,Entregue
25991,24/05/2024,30/05/2024,Loggi,Salvador,Monteiro,4,6,172.57,Entregue
37320,03/11/2024,07/11/2024,Jadlog,Recife,da Cunha,2,4,196.57,Entregue
17021,19/07/2024,26/07/2024,Loggi,Salvador,Gonçalves,7,7,213.47,Em trânsito
65384,15/11/2024,20/11/2024,Correios,Salvador,das Neves do Sul,5,5,207.55,Entregue
25727,26/12/2024,03/01/2025,Loggi,Curitiba,Ramos,7,8,109.1,Entregue
33878,13/11/2024,18/11/2024,Azul Cargo,Belo Horizonte,Alves,4,5,60.51,Entregue
38896,28/08/2024,07/09/2024,Loggi,Recife,Vieira do Norte,7,10,178.09,Entregue
19244,16/12/2024,21/12/2024,Loggi,São Paulo,Pinto da Praia,4,5,237.96,Entregue
21544,21/11/2024,04/12/2024,Correios,Salvador,Nascimento,10,13,31.34,Entregue
4109,27/06/2024,05/07/2024,Loggi,Salvador,Moura,6,8,25.27,Entregue
48209,27/07/2024,03/08/2024,Jadlog,Curitiba,Rocha do Sul,4,7,272.86,Entregue
26822,16/07/2024,23/07/2024,Correios,São Paulo,Dias de Minas,8,7,191.62,Entregue
22970,18/08/2024,22/08/2024,Azul Cargo,Curitiba,da Mota,3,4,223.69,Entregue
31769,26/01/2024,30/01/2024,Azul Cargo,São Paulo,Jesus do Galho,5,4,281.11,Entregue
50126,09/07/2024,13/07/2024,Jadlog,Belo Horizonte,da Mota de Fogaça,2,4,209.32,Entregue
51027,21/02/2024,01/03/2024,Loggi,Belo Horizonte,Campos,8,9,218.69,Em trânsito
28911,13/12/2024,23/12/2024,Correios,Curitiba,Teixeira,7,10,21.32,Entregue
41052,16/11/2024,24/11/2024,Loggi,Salvador,Pires do Norte,8,8,29.2,Entregue
54409,18/01/2024,23/01/2024,Jadlog,São Paulo,Santos,4,5,135.27,Entregue
17821,05/10/2024,11/10/2024,Correios,São Paulo,da Cruz,7,6,40.7,Entregue
13048,25/07/2024,02/08/2024,Loggi,São Paulo,Monteiro,6,8,214.27,Entregue
67406,01/04/2024,11/04/2024,Azul Cargo,Curitiba,da Costa,10,10,238.86,Entregue
60658,19/10/2024,28/10/2024,Loggi,Salvador,Moura,8,9,121.92,Entregue
55987,14/11/2024,22/11/2024,Azul Cargo,Curitiba,Silva,5,8,284.15,Entregue
4246,07/04/2024,14/04/2024,Jadlog,São Paulo,Ramos,7,7,247.58,Entregue
60911,15/09/2024,24/09/2024,Jadlog,São Paulo,Castro,7,9,12.23,Entregue
53077,19/06/2024,25/06/2024,Jadlog,Curitiba,Aragão do Amparo,5,6,58.02,Entregue
47463,03/03/2024,13/03/2024,Correios,Recife,Lopes do Campo,10,10,288.42,Entregue
13601,03/08/2024,05/08/2024,Jadlog,Recife,Aragão,3,2,143.44,Em trânsito
14109,24/03/2024,03/04/2024,Azul Cargo,Salvador,Freitas,9,10,95.17,Entregue
67118,03/07/2024,09/07/2024,Azul Cargo,Salvador,Jesus dos Dourados,4,6,95.76,Entregue
49442,07/07/2024,17/07/2024,Loggi,Salvador,Santos,7,10,66.35,Entregue
41039,17/10/2024,27/10/2024,Correios,Curitiba,da Costa,9,10,238.93,Entregue
54011,23/10/2024,26/10/2024,Jadlog,Salvador,Fernandes de Campos,2,3,296.76,Entregue
52688,01/03/2024,10/03/2024,Azul Cargo,Salvador,Castro do Galho,6,9,19.61,Entregue
62793,17/09/2024,22/09/2024,Correios,Belo Horizonte,Moraes das Pedras,6,5,207.3,Entregue
13416,17/07/2024,29/07/2024,Jadlog,São Paulo,Aragão Verde,10,12,271.62,Entregue
36316,18/10/2024,24/10/2024,Loggi,Salvador,Pinto,3,6,272.03,Entregue
9061,09/06/2024,19/06/2024,Correios,Curitiba,Aragão,7,10,36.36,Entregue
31044,24/10/2024,04/11/2024,Azul Cargo,Recife,Moraes do Oeste,10,11,68.29,Entregue
12496,04/07/2024,08/07/2024,Azul Cargo,Belo Horizonte,Aragão de Moreira,5,4,248.36,Devolvido
18593,09/09/2024,20/09/2024,Correios,Belo Horizonte,Moraes,9,11,255.76,Entregue
34578,17/08/2024,22/08/2024,Jadlog,Belo Horizonte,Aragão de Moreira,4,5,61.9,Entregue
14596,14/10/2024,20/10/2024,Correios,Recife,Correia de Pereira,4,6,268.17,Entregue
46395,11/05/2024,20/05/2024,Correios,Curitiba,Azevedo Paulista,8,9,60.77,Entregue
14500,11/05/2024,16/05/2024,Loggi,Recife,Santos da Mata,3,5,59.84,Entregue
7723,24/12/2024,02/01/2025,Azul Cargo,Curitiba,da Mata,7,9,147.19,Entregue
32427,24/01/2024,02/02/2024,Azul Cargo,Belo Horizonte,Rodrigues do Sul,8,9,287.13,Entregue
4029,09/01/2024,19/01/2024,Loggi,Belo Horizonte,Oliveira da Serra,7,10,279.2,Entregue
22754,21/06/2024,01/07/2024,Loggi,Curitiba,da Paz do Sul,7,10,40.74,Entregue
17589,27/08/2024,07/09/2024,Azul Cargo,Salvador,Cavalcanti do Sul,9,11,187.68,Entregue
61755,27/11/2024,02/12/2024,Loggi,Recife,Santos,6,5,299.61,Devolvido
14770,28/07/2024,04/08/2024,Jadlog,São Paulo,Aragão de Cardoso,5,7,194.02,Entregue
59232,11/02/2024,13/02/2024,Correios,Recife,da Luz dos Dourados,2,2,10.89,Entregue
59448,05/04/2024,15/04/2024,Correios,Curitiba,Ferreira de Barbosa,8,10,290.51,Entregue
44898,10/09/2024,15/09/2024,Correios,Recife,Oliveira do Norte,6,5,232.79,Entregue
56830,07/06/2024,14/06/2024,Jadlog,Curitiba,da Rosa,6,7,136.92,Entregue
19215,19/10/2024,26/10/2024,Azul Cargo,São Paulo,Vieira do Sul,8,7,221.14,Entregue
14382,05/09/2024,13/09/2024,Correios,São Paulo,Aragão de Cardoso,8,8,211.35,Entregue
5361,27/10/2024,06/11/2024,Loggi,Curitiba,da Mata de Rocha,8,10,106.78,Entregue
51495,26/09/2024,01/10/2024,Loggi,São Paulo,Nascimento,2,5,116.68,Entregue
28119,28/06/2024,08/07/2024,Loggi,Curitiba,Lopes,8,10,128.38,Entregue
58730,16/09/2024,18/09/2024,Loggi,Salvador,Carvalho,2,2,85.95,Entregue
64517,08/07/2024,18/07/2024,Azul Cargo,Curitiba,Mendes,10,10,48.8,Entregue
65423,10/12/2024,20/12/2024,Loggi,Belo Horizonte,da Luz da Prata,7,10,136.79,Entregue
12863,15/11/2024,19/11/2024,Jadlog,Recife,Carvalho Grande,5,4,192.8,Entregue
13820,23/11/2024,27/11/2024,Azul Cargo,Salvador,Costela de da Mota,4,4,187.02,Entregue
38457,21/05/2024,26/05/2024,Loggi,Belo Horizonte,da Rocha do Norte,3,5,20.1,Entregue
44870,22/08/2024,28/08/2024,Loggi,Salvador,Silveira de Aragão,7,6,215.4,Entregue
37591,09/03/2024,18/03/2024,Jadlog,Salvador,Peixoto da Mata,7,9,199.73,Entregue
41684,24/07/2024,28/07/2024,Azul Cargo,Belo Horizonte,da Cunha da Prata,2,4,51.95,Entregue
17782,17/08/2024,25/08/2024,Loggi,São Paulo,Ribeiro de Cunha,6,8,54.38,Entregue
37608,10/04/2024,18/04/2024,Jadlog,São Paulo,Aragão do Oeste,7,8,213.13,Entregue
52933,13/08/2024,14/08/2024,Correios,Curitiba,Silveira Paulista,2,1,275.81,Devolvido
22372,12/03/2024,17/03/2024,Azul Cargo,Recife,Aragão,5,5,170.09,Entregue
49847,24/12/2024,31/12/2024,Jadlog,Salvador,Cardoso de Goiás,5,7,79.14,Entregue
61980,15/09/2024,23/09/2024,Jadlog,Curitiba,Farias,9,8,226.2,Entregue
57874,13/10/2024,17/10/2024,Loggi,Recife,Moreira do Amparo,4,4,182.36,Entregue
3979,25/09/2024,04/10/2024,Correios,São Paulo,Monteiro da Prata,10,9,194.74,Entregue
47987,11/01/2024,19/01/2024,Azul Cargo,Salvador,Correia de da Luz,5,8,255.02,Entregue
8910,07/11/2024,11/11/2024,Jadlog,Belo Horizonte,Farias Paulista,2,4,124.5,Entregue
16436,25/03/2024,02/04/2024,Loggi,Belo Horizonte,Oliveira da Prata,8,8,104.37,Entregue
60719,17/11/2024,21/11/2024,Azul Cargo,Salvador,Gomes,3,4,86.92,Entregue
19322,25/04/2024,01/05/2024,Correios,São Paulo,Carvalho,6,6,253.05,Entregue
48601,10/11/2024,13/11/2024,Azul Cargo,Recife,Rezende Alegre,3,3,194.79,Entregue
65321,23/09/2024,25/09/2024,Loggi,Curitiba,da Luz Grande,2,2,208.28,Entregue
9023,23/04/2024,30/04/2024,Loggi,São Paulo,da Rocha Paulista,7,7,109.5,Entregue
26352,08/04/2024,18/04/2024,Correios,Curitiba,Fernandes das Flores,7,10,158.14,Entregue
33538,18/07/2024,22/07/2024,Correios,São Paulo,Duarte,4,4,19.44,Entregue
2323,02/06/2024,08/06/2024,Correios,Belo Horizonte,da Mata,4,6,187.52,Entregue
39481,13/10/2024,20/10/2024,Loggi,Recife,Novaes de Ribeiro,5,7,280.8,Entregue
43280,09/08/2024,12/08/2024,Azul Cargo,Curitiba,Pires,2,3,252.96,Entregue
13557,19/04/2024,28/04/2024,Correios,Recife,Moreira de Lima,10,9,52.32,Entregue
7168,26/11/2024,07/12/2024,Loggi,Recife,Costa de Gonçalves,8,11,65.3,Entregue
25577,22/08/2024,30/08/2024,Loggi,Recife,Barros de Moura,9,8,294.75,Entregue
15619,28/12/2024,04/01/2025,Correios,Belo Horizonte,Lopes,5,7,148.8,Entregue
9913,25/02/2024,08/03/2024,Azul Cargo,São Paulo,Porto,9,12,108.39,Entregue
40997,22/07/2024,02/08/2024,Correios,Curitiba,Nogueira do Campo,8,11,286.84,Entregue
15911,22/05/2024,01/06/2024,Correios,Curitiba,Nogueira,10,10,92.4,Entregue
55325,09/08/2024,17/08/2024,Loggi,Recife,Almeida,5,8,202.06,Entregue
11869,17/03/2024,27/03/2024,Azul Cargo,São Paulo,Ferreira,10,10,259.31,Entregue
12914,14/01/2024,24/01/2024,Loggi,Curitiba,da Cruz,7,10,110.01,Entregue
60544,19/07/2024,29/07/2024,Correios,Recife,Pires,7,10,73.05,Entregue
3661,03/07/2024,15/07/2024,Azul Cargo,Salvador,Ferreira de da Mota,9,12,276.38,Entregue
58420,13/11/2024,20/11/2024,Azul Cargo,Belo Horizonte,Rezende,4,7,233.83,Entregue
36773,26/04/2024,04/05/2024,Correios,Curitiba,Carvalho,5,8,141.22,Entregue
60319,17/02/2024,25/02/2024,Jadlog,Recife,Monteiro,8,8,250.38,Entregue
53376,04/04/2024,12/04/2024,Loggi,Salvador,Moreira,5,8,195.25,Entregue
43194,09/03/2024,16/03/2024,Loggi,Belo Horizonte,da Rosa,4,7,238.07,Entregue
12154,04/10/2024,07/10/2024,Loggi,Recife,Moraes,2,3,284.49,Entregue
39704,02/01/2024,10/01/2024,Correios,Curitiba,Monteiro,8,8,176.12,Entregue
6562,18/01/2024,26/01/2024,Correios,Salvador,Lima,8,8,185.54,Entregue
55255,28/04/2024,07/05/2024,Jadlog,Curitiba,Barros,9,9,293.73,Entregue
52101,02/01/2024,09/01/2024,Jadlog,Curitiba,Barbosa do Oeste,6,7,258.03,Entregue
30151,27/11/2024,08/12/2024,Azul Cargo,São Paulo,Caldeira dos Dourados,10,11,160.71,Entregue
45851,21/01/2024,28/01/2024,Jadlog,Salvador,Almeida,5,7,130.06,Entregue
41502,18/10/2024,25/10/2024,Loggi,Curitiba,Carvalho,7,7,216.2,Entregue
46595,24/05/2024,26/05/2024,Loggi,São Paulo,Costela da Mata,2,2,229.87,Entregue
7330,24/09/2024,02/10/2024,Jadlog,Recife,Nunes,8,8,32.6,Entregue
47312,24/05/2024,26/05/2024,Correios,São Paulo,Peixoto,2,2,79.28,Entregue
27037,19/07/2024,23/07/2024,Loggi,Salvador,da Mata,4,4,189.05,Entregue
32806,12/01/2024,15/01/2024,Loggi,Salvador,Aragão,2,3,83.32,Entregue
52083,07/12/2024,14/12/2024,Azul Cargo,Curitiba,Santos,4,7,151.44,Entregue
59161,21/09/2024,28/09/2024,Azul Cargo,Curitiba,Mendes das Pedras,8,7,148.8,Entregue
60034,01/08/2024,11/08/2024,Azul Cargo,Curitiba,Santos da Prata,10,10,285.71,Entregue
58891,06/04/2024,16/04/2024,Correios,Recife,Gonçalves,7,10,290.01,Entregue
38575,20/12/2024,26/12/2024,Loggi,Curitiba,Ferreira de Barbosa,4,6,240.99,Entregue
48324,14/10/2024,19/10/2024,Jadlog,São Paulo,Jesus dos Dourados,5,5,237.78,Entregue
12441,26/04/2024,05/05/2024,Correios,São Paulo,Nascimento Grande,7,9,174.91,Entregue
59466,09/05/2024,16/05/2024,Azul Cargo,Recife,Moraes,4,7,121.96,Entregue
58454,23/01/2024,26/01/2024,Jadlog,Curitiba,Lopes,3,3,88.46,Entregue
5131,12/05/2024,16/05/2024,Jadlog,Belo Horizonte,Nogueira do Campo,3,4,166.32,Entregue
61172,02/11/2024,11/11/2024,Jadlog,Belo Horizonte,Jesus dos Dourados,10,9,100.15,Entregue
57381,21/05/2024,01/06/2024,Azul Cargo,São Paulo,Rodrigues,10,11,132.09,Entregue
51089,19/06/2024,27/06/2024,Loggi,Salvador,Nogueira,9,8,254.68,Entregue
41905,15/08/2024,18/08/2024,Correios,Salvador,Freitas Verde,3,3,23.09,Em trânsito
10352,16/09/2024,22/09/2024,Jadlog,Salvador,Gonçalves,5,6,15.3,Entregue
3273,14/11/2024,27/11/2024,Loggi,Recife,Cardoso de da Mota,10,13,49.85,Entregue
417,26/11/2024,01/12/2024,Azul Cargo,Recife,Ferreira,3,5,213.83,Entregue
38694,24/08/2024,31/08/2024,Loggi,Recife,Nunes,6,7,84.49,Entregue
44534,16/11/2024,25/11/2024,Azul Cargo,Belo Horizonte,Campos Paulista,8,9,202.52,Entregue
41109,11/01/2024,21/01/2024,Jadlog,Recife,Oliveira do Galho,7,10,139.48,Entregue
42699,04/10/2024,11/10/2024,Jadlog,Curitiba,da Luz de Novaes,8,7,227.07,Entregue
4999,16/02/2024,21/02/2024,Correios,Recife,Rodrigues,2,5,278.56,Entregue
57863,02/09/2024,08/09/2024,Loggi,São Paulo,Almeida,4,6,203.7,Entregue
20916,06/11/2024,16/11/2024,Loggi,Salvador,Cardoso,8,10,248.98,Entregue
35894,13/02/2024,19/02/2024,Loggi,Recife,Pereira,6,6,35.13,Em trânsito
57237,26/08/2024,02/09/2024,Azul Cargo,Salvador,Nogueira,5,7,16.97,Entregue
52599,17/09/2024,22/09/2024,Jadlog,São Paulo,da Mota da Praia,2,5,193.62,Entregue
22840,16/11/2024,18/11/2024,Loggi,Belo Horizonte,Lopes,3,2,49.71,Entregue
40930,09/02/2024,17/02/2024,Jadlog,Recife,Nogueira,6,8,63.52,Entregue
16246,23/02/2024,27/02/2024,Azul Cargo,Recife,Caldeira,5,4,273.62,Entregue
66881,06/01/2024,17/01/2024,Azul Cargo,Curitiba,Ramos,9,11,183.48,Entregue
54698,13/04/2024,21/04/2024,Loggi,Salvador,Melo,9,8,227.34,Entregue
45878,06/02/2024,11/02/2024,Jadlog,Salvador,Vieira de Goiás,4,5,14.15,Entregue
62272,13/04/2024,15/04/2024,Loggi,Salvador,Santos,3,2,258.32,Entregue
9661,19/09/2024,27/09/2024,Azul Cargo,Recife,Alves,8,8,116.77,Entregue
31906,23/04/2024,01/05/2024,Azul Cargo,Curitiba,Mendes,9,8,128.75,Entregue
13996,13/09/2024,16/09/2024,Correios,Belo Horizonte,Teixeira,3,3,225.19,Entregue
43915,14/06/2024,25/06/2024,Loggi,Recife,Nogueira,9,11,57.05,Entregue
61022,09/04/2024,21/04/2024,Azul Cargo,Belo Horizonte,Moura do Campo,10,12,13.14,Entregue
44086,01/09/2024,04/09/2024,Loggi,Curitiba,Santos,4,3,277.27,Entregue
60511,05/06/2024,08/06/2024,Correios,Recife,Vieira,2,3,218.03,Entregue
23130,20/02/2024,27/02/2024,Loggi,Belo Horizonte,das Neves,7,7,245.97,Entregue
20019,10/03/2024,17/03/2024,Azul Cargo,Salvador,Ferreira,8,7,68.59,Em trânsito
63182,25/03/2024,28/03/2024,Loggi,São Paulo,da Costa da Praia,3,3,250.56,Entregue
33746,08/02/2024,21/02/2024,Azul Cargo,Curitiba,Rocha do Sul,10,13,266.92,Entregue
875,13/02/2024,16/02/2024,Correios,Salvador,Melo do Galho,2,3,156.56,Entregue
67415,10/05/2024,20/05/2024,Correios,Recife,Cardoso do Campo,7,10,76.2,Entregue
19549,05/03/2024,16/03/2024,Correios,Curitiba,Teixeira da Prata,10,11,113.49,Entregue
2219,08/12/2024,15/12/2024,Jadlog,Curitiba,Almeida,5,7,189.07,Entregue
39226,09/05/2024,15/05/2024,Correios,Belo Horizonte,Vieira,7,6,13.27,Entregue
7118,05/08/2024,10/08/2024,Correios,Curitiba,Ramos de Nogueira,6,5,46.64,Entregue
65502,23/02/2024,04/03/2024,Loggi,Recife,Dias do Sul,9,10,261.05,Entregue
61029,05/04/2024,09/04/2024,Loggi,Recife,das Neves dos Dourados,2,4,143.73,Entregue
37946,26/03/2024,28/03/2024,Jadlog,Curitiba,Porto,3,2,43.35,Entregue
15058,10/10/2024,19/10/2024,Jadlog,Recife,da Cunha do Campo,9,9,193.21,Entregue
24035,04/09/2024,13/09/2024,Jadlog,Recife,Rocha,8,9,235.98,Entregue
26281,08/11/2024,12/11/2024,Correios,São Paulo,Pinto da Praia,5,4,282.97,Entregue
7482,11/07/2024,13/07/2024,Jadlog,Salvador,Castro do Campo,2,2,177.37,Entregue
26827,20/07/2024,28/07/2024,Loggi,Belo Horizonte,Souza,8,8,216.0,Entregue
29599,25/02/2024,06/03/2024,Loggi,Belo Horizonte,Mendes,9,10,139.43,Entregue
47582,24/11/2024,06/12/2024,Azul Cargo,São Paulo,da Cunha Alegre,10,12,71.47,Em trânsito
50583,08/10/2024,11/10/2024,Correios,Recife,Aragão de Fernandes,2,3,220.66,Entregue
26289,27/11/2024,02/12/2024,Jadlog,Curitiba,Silveira de Aragão,3,5,266.86,Entregue
61911,14/06/2024,20/06/2024,Loggi,Curitiba,Barbosa do Oeste,7,6,213.09,Entregue
40963,23/04/2024,28/04/2024,Azul Cargo,Salvador,da Rosa do Amparo,3,5,142.48,Entregue
13280,23/10/2024,27/10/2024,Jadlog,Recife,Barbosa das Flores,5,4,135.38,Entregue
9559,21/02/2024,23/02/2024,Loggi,Salvador,Carvalho,2,2,98.89,Entregue
45180,25/06/2024,04/07/2024,Correios,São Paulo,Costa,10,9,124.37,Entregue
66982,20/03/2024,23/03/2024,Azul Cargo,São Paulo,Jesus,4,3,157.4,Entregue
15727,24/07/2024,29/07/2024,Correios,São Paulo,Carvalho da Praia,2,5,238.16,Entregue
42441,02/02/2024,11/02/2024,Loggi,Salvador,da Luz Alegre,8,9,48.84,Entregue
40237,07/03/2024,14/03/2024,Azul Cargo,Curitiba,Mendes de Cardoso,7,7,36.67,Entregue
48426,01/12/2024,05/12/2024,Correios,Recife,Lopes,5,4,194.29,Entregue
32653,03/04/2024,11/04/2024,Azul Cargo,Belo Horizonte,Duarte,5,8,82.88,Entregue
58001,20/06/2024,02/07/2024,Loggi,São Paulo,Ramos do Campo,10,12,217.26,Entregue
3395,28/08/2024,05/09/2024,Azul Cargo,Salvador,Castro do Norte,7,8,243.87,Entregue
42823,23/03/2024,31/03/2024,Jadlog,Curitiba,Duarte Verde,7,8,283.47,Entregue
46343,04/02/2024,09/02/2024,Loggi,Belo Horizonte,da Mata,6,5,126.16,Entregue
47695,19/07/2024,29/07/2024,Azul Cargo,Belo Horizonte,Alves do Galho,9,10,60.29,Entregue
59602,18/03/2024,29/03/2024,Jadlog,São Paulo,Nogueira do Oeste,8,11,14.17,Entregue
1514,12/08/2024,18/08/2024,Loggi,São Paulo,Carvalho,3,6,283.47,Entregue
63429,04/06/2024,09/06/2024,Loggi,Salvador,da Cruz,6,5,21.06,Entregue
49180,22/02/2024,25/02/2024,Azul Cargo,Recife,Costela da Praia,2,3,152.26,Entregue
38572,11/12/2024,23/12/2024,Loggi,Belo Horizonte,da Mota,10,12,99.15,Em trânsito
10563,12/10/2024,17/10/2024,Jadlog,Curitiba,Teixeira,5,5,225.05,Devolvido
67943,24/04/2024,30/04/2024,Loggi,São Paulo,Lima,7,6,38.25,Entregue
29759,05/06/2024,16/06/2024,Correios,Salvador,Almeida dos Dourados,10,11,260.73,Devolvido
42630,01/08/2024,11/08/2024,Azul Cargo,São Paulo,Cavalcanti das Pedras,9,10,242.57,Entregue
1645,23/11/2024,28/11/2024,Loggi,Belo Horizonte,da Luz,5,5,287.68,Entregue
21936,21/11/2024,26/11/2024,Azul Cargo,Belo Horizonte,Fernandes,5,5,193.79,Entregue
26888,03/10/2024,13/10/2024,Correios,Recife,Teixeira,9,10,22.86,Entregue
68025,03/10/2024,14/10/2024,Jadlog,Belo Horizonte,da Luz,9,11,197.4,Entregue
42628,01/08/2024,09/08/2024,Correios,Belo Horizonte,Pires de Moura,5,8,40.74,Entregue
67113,24/07/2024,31/07/2024,Correios,São Paulo,Mendes de Cardoso,4,7,42.42,Entregue
5228,12/07/2024,18/07/2024,Correios,São Paulo,Cavalcanti Alegre,5,6,121.9,Entregue
21269,02/05/2024,03/05/2024,Loggi,Belo Horizonte,Melo do Oeste,2,1,69.25,Entregue
49254,07/07/2024,13/07/2024,Correios,Belo Horizonte,Moura da Mata,5,6,82.19,Entregue
42249,27/03/2024,31/03/2024,Correios,Salvador,Costa,3,4,296.88,Entregue
1292,20/02/2024,24/02/2024,Correios,Curitiba,da Cunha da Praia,3,4,104.78,Entregue
53850,01/12/2024,04/12/2024,Loggi,Salvador,Monteiro,3,3,101.59,Entregue
35974,26/07/2024,01/08/2024,Jadlog,Salvador,Teixeira,4,6,254.76,Entregue
25099,14/07/2024,20/07/2024,Correios,Salvador,Rezende,5,6,71.69,Entregue
16759,23/11/2024,29/11/2024,Jadlog,Salvador,Ribeiro,4,6,227.99,Entregue
46184,22/09/2024,01/10/2024,Correios,São Paulo,Cardoso dos Dourados,9,9,100.73,Entregue
60644,09/09/2024,12/09/2024,Jadlog,Curitiba,Cardoso do Campo,4,3,144.19,Entregue
43244,25/06/2024,02/07/2024,Correios,Curitiba,Dias de Minas,8,7,75.82,Entregue
67218,05/09/2024,13/09/2024,Jadlog,Belo Horizonte,Araújo,9,8,92.55,Entregue
59206,22/01/2024,01/02/2024,Correios,Belo Horizonte,Farias,9,10,50.82,Entregue
26613,24/10/2024,27/10/2024,Jadlog,São Paulo,Azevedo,3,3,243.93,Entregue
13993,23/08/2024,30/08/2024,Jadlog,Curitiba,Cunha de Fernandes,4,7,110.02,Entregue
14494,27/04/2024,04/05/2024,Jadlog,Curitiba,Peixoto do Norte,4,7,51.53,Entregue
26157,25/04/2024,01/05/2024,Jadlog,Belo Horizonte,Azevedo,6,6,85.7,Entregue
50225,23/01/2024,26/01/2024,Jadlog,Recife,Barbosa do Amparo,4,3,289.68,Entregue
51968,24/05/2024,31/05/2024,Correios,Recife,Aragão,8,7,216.28,Entregue
57602,14/04/2024,22/04/2024,Azul Cargo,Belo Horizonte,Gonçalves,5,8,10.06,Entregue
51251,26/05/2024,06/06/2024,Azul Cargo,Curitiba,Fernandes do Campo,8,11,122.89,Entregue
10576,05/11/2024,13/11/2024,Correios,Curitiba,Jesus de Freitas,6,8,280.17,Entregue
64830,17/04/2024,18/04/2024,Jadlog,São Paulo,Lima,2,1,196.28,Entregue
60367,19/03/2024,30/03/2024,Jadlog,Salvador,Ferreira de da Mota,8,11,103.85,Em trânsito
2274,12/03/2024,16/03/2024,Correios,Salvador,Rodrigues Verde,3,4,259.47,Entregue
48193,26/06/2024,30/06/2024,Correios,Curitiba,Vieira das Pedras,5,4,84.99,Entregue
33177,07/02/2024,17/02/2024,Azul Cargo,Salvador,Moraes,7,10,57.66,Entregue
829,18/11/2024,25/11/2024,Jadlog,Belo Horizonte,Ferreira,8,7,112.25,Entregue
45510,20/04/2024,21/04/2024,Correios,Belo Horizonte,Barbosa das Flores,2,1,32.03,Devolvido
2331,01/06/2024,11/06/2024,Azul Cargo,Belo Horizonte,Costela do Sul,8,10,294.61,Entregue
10928,26/04/2024,08/05/2024,Loggi,Curitiba,da Paz de Teixeira,9,12,202.33,Devolvido
36310,07/10/2024,17/10/2024,Jadlog,São Paulo,da Rosa,7,10,105.07,Em trânsito
14965,28/05/2024,31/05/2024,Loggi,Belo Horizonte,Cardoso de da Mota,2,3,80.64,Entregue
53827,13/11/2024,21/11/2024,Correios,Salvador,da Cruz do Amparo,5,8,284.17,Entregue
19771,09/05/2024,19/05/2024,Correios,Belo Horizonte,Duarte Grande,10,10,244.09,Entregue
17538,11/04/2024,18/04/2024,Correios,Salvador,da Rocha da Serra,5,7,207.6,Em trânsito
64967,18/01/2024,21/01/2024,Azul Cargo,Salvador,Cunha do Galho,3,3,144.61,Entregue
46707,10/12/2024,14/12/2024,Loggi,Belo Horizonte,Moraes,2,4,107.19,Entregue
18573,02/07/2024,09/07/2024,Correios,Curitiba,Costela do Sul,4,7,57.22,Entregue
63608,09/06/2024,16/06/2024,Correios,Recife,Monteiro,8,7,140.83,Devolvido
13631,11/10/2024,18/10/2024,Azul Cargo,Salvador,Dias de Minas,4,7,214.17,Em trânsito
36429,06/04/2024,18/04/2024,Correios,São Paulo,Rodrigues,10,12,44.34,Entregue
14098,09/02/2024,12/02/2024,Jadlog,Recife,Moreira de Araújo,2,3,113.83,Entregue
36515,12/11/2024,14/11/2024,Jadlog,Salvador,Cardoso,3,2,194.21,Devolvido
3428,08/10/2024,11/10/2024,Jadlog,Recife,Moreira de Araújo,3,3,231.9,Entregue
60448,03/05/2024,08/05/2024,Jadlog,Recife,da Mata,4,5,210.96,Entregue
43642,23/11/2024,28/11/2024,Azul Cargo,Curitiba,Pereira,2,5,98.62,Entregue
57939,09/02/2024,16/02/2024,Jadlog,Curitiba,da Costa,6,7,216.73,Em trânsito
28228,25/01/2024,30/01/2024,Loggi,São Paulo,Duarte,3,5,254.29,Entregue
19603,08/06/2024,13/06/2024,Correios,Salvador,Fernandes,4,5,75.78,Entregue
14045,07/11/2024,08/11/2024,Azul Cargo,São Paulo,da Cruz,2,1,216.54,Entregue
59649,21/07/2024,28/07/2024,Azul Cargo,São Paulo,Dias do Oeste,4,7,101.36,Entregue
35978,22/07/2024,30/07/2024,Loggi,Belo Horizonte,das Neves,9,8,97.58,Entregue
40,11/01/2024,12/01/2024,Azul Cargo,Belo Horizonte,Lima,2,1,134.15,Entregue
64135,23/10/2024,02/11/2024,Jadlog,São Paulo,da Rocha do Norte,9,10,186.17,Entregue
1656,26/11/2024,29/11/2024,Loggi,Belo Horizonte,Costela,2,3,183.34,Entregue
57786,20/04/2024,28/04/2024,Azul Cargo,São Paulo,Costa,9,8,91.16,Entregue
31467,02/12/2024,12/12/2024,Azul Cargo,Salvador,Moraes Verde,10,10,174.43,Entregue
55213,04/02/2024,09/02/2024,Jadlog,Recife,Ribeiro,6,5,144.31,Em trânsito
40883,11/11/2024,13/11/2024,Loggi,Salvador,Jesus Paulista,3,2,295.6,Em trânsito
2609,20/02/2024,22/02/2024,Azul Cargo,São Paulo,Alves,2,2,17.61,Entregue
60464,25/05/2024,04/06/2024,Loggi,Recife,Moraes,8,10,39.38,Entregue
62658,25/06/2024,29/06/2024,Azul Cargo,São Paulo,Moura,4,4,155.79,Entregue
25087,26/07/2024,28/07/2024,Jadlog,Salvador,Santos dos Dourados,2,2,298.39,Entregue
7515,23/10/2024,30/10/2024,Correios,Belo Horizonte,Rodrigues,6,7,208.17,Entregue
53553,12/04/2024,15/04/2024,Correios,Salvador,Cardoso,3,3,249.93,Entregue
64208,02/12/2024,13/12/2024,Azul Cargo,Salvador,Rezende do Amparo,9,11,139.72,Entregue
11125,15/09/2024,21/09/2024,Jadlog,Recife,Lima,7,6,151.24,Entregue
41220,05/04/2024,08/04/2024,Azul Cargo,São Paulo,Cardoso dos Dourados,4,3,81.47,Entregue
57777,12/03/2024,18/03/2024,Loggi,Recife,Cardoso,3,6,234.16,Entregue
59756,07/02/2024,17/02/2024,Jadlog,Belo Horizonte,Caldeira dos Dourados,9,10,62.25,Entregue
61164,22/11/2024,29/11/2024,Correios,São Paulo,Rezende do Amparo,7,7,194.41,Entregue
9020,08/04/2024,14/04/2024,Azul Cargo,Curitiba,da Costa,7,6,236.6,Entregue
46781,07/05/2024,20/05/2024,Correios,Salvador,Fernandes de Campos,10,13,76.48,Entregue
7706,27/11/2024,03/12/2024,Loggi,São Paulo,Viana de Cardoso,6,6,145.32,Entregue
65859,28/10/2024,06/11/2024,Jadlog,Recife,da Rocha,6,9,290.49,Entregue
31027,28/10/2024,09/11/2024,Jadlog,Recife,Barros de Costa,9,12,220.26,Entregue
24206,27/08/2024,03/09/2024,Loggi,São Paulo,Lopes,4,7,98.01,Entregue
36947,11/02/2024,21/02/2024,Jadlog,Salvador,Sales do Galho,9,10,77.82,Devolvido
25768,07/03/2024,14/03/2024,Correios,São Paulo,Freitas de Moraes,5,7,238.88,Entregue
2928,19/10/2024,31/10/2024,Loggi,Curitiba,da Mata,10,12,84.26,Entregue
42046,03/05/2024,13/05/2024,Loggi,São Paulo,Rezende de Rezende,8,10,47.01,Entregue
39065,12/06/2024,15/06/2024,Jadlog,Salvador,Santos Grande,3,3,257.78,Entregue
38824,04/04/2024,15/04/2024,Correios,Curitiba,Barbosa das Flores,8,11,226.67,Entregue
29615,24/02/2024,05/03/2024,Loggi,Belo Horizonte,Monteiro,10,10,166.57,Entregue
35251,23/07/2024,02/08/2024,Jadlog,Curitiba,Peixoto,10,10,32.91,Entregue
57957,04/04/2024,08/04/2024,Correios,Salvador,Barbosa das Flores,2,4,299.27,Entregue
26339,07/03/2024,14/03/2024,Azul Cargo,Salvador,Correia,5,7,44.86,Entregue
4679,21/07/2024,02/08/2024,Correios,Recife,da Costa de Cardoso,10,12,56.5,Entregue
44047,22/08/2024,29/08/2024,Azul Cargo,Curitiba,Dias,4,7,250.2,Entregue
16350,14/09/2024,19/09/2024,Azul Cargo,Curitiba,Santos da Prata,2,5,187.12,Entregue
35862,23/12/2024,28/12/2024,Loggi,Belo Horizonte,Cardoso de Silveira,6,5,264.97,Entregue
1414,22/05/2024,24/05/2024,Correios,Salvador,Almeida de Freitas,2,2,84.79,Entregue
18576,20/08/2024,30/08/2024,Jadlog,Recife,Nogueira,10,10,11.31,Entregue
37077,05/08/2024,12/08/2024,Loggi,Belo Horizonte,Aragão,4,7,299.64,Entregue
56879,17/10/2024,18/10/2024,Azul Cargo,São Paulo,Aragão Verde,2,1,116.38,Entregue
25226,11/10/2024,14/10/2024,Correios,Recife,Rezende,4,3,145.53,Entregue
49963,21/08/2024,31/08/2024,Correios,Salvador,Moreira,8,10,230.85,Entregue
27120,19/01/2024,31/01/2024,Loggi,Belo Horizonte,Cardoso,9,12,238.53,Entregue
62428,06/01/2024,08/01/2024,Jadlog,Curitiba,Nunes,2,2,82.83,Entregue
22339,18/01/2024,23/01/2024,Correios,São Paulo,da Paz do Sul,3,5,38.19,Entregue
21082,11/10/2024,20/10/2024,Correios,Curitiba,Moura,9,9,169.87,Entregue
39671,24/11/2024,27/11/2024,Azul Cargo,São Paulo,Santos dos Dourados,2,3,293.79,Entregue
47406,24/11/2024,02/12/2024,Loggi,Salvador,Cardoso,5,8,28.09,Entregue
22904,15/04/2024,18/04/2024,Azul Cargo,Recife,Mendes,4,3,241.56,Entregue
12213,07/02/2024,15/02/2024,Azul Cargo,Recife,Almeida,7,8,48.5,Entregue
23294,03/06/2024,11/06/2024,Correios,Salvador,Fogaça,9,8,105.77,Entregue
65939,27/12/2024,03/01/2025,Loggi,Salvador,Carvalho,7,7,26.08,Entregue
21979,02/02/2024,06/02/2024,Jadlog,Salvador,Nascimento,4,4,296.52,Entregue
8874,27/09/2024,30/09/2024,Loggi,Curitiba,das Neves do Sul,2,3,178.57,Entregue
24334,15/05/2024,20/05/2024,Azul Cargo,Belo Horizonte,Nogueira,6,5,210.37,Entregue
5135,27/05/2024,03/06/2024,Correios,Salvador,Moraes,8,7,281.11,Entregue
9385,17/02/2024,01/03/2024,Correios,Salvador,da Cruz de Minas,10,13,97.52,Entregue
29907,18/10/2024,23/10/2024,Correios,Curitiba,Lima,5,5,183.37,Entregue
38324,21/10/2024,29/10/2024,Correios,Belo Horizonte,Moraes,8,8,64.24,Entregue
50216,13/01/2024,26/01/2024,Correios,Belo Horizonte,Aragão,10,13,108.92,Entregue
55450,24/04/2024,27/04/2024,Azul Cargo,Curitiba,Azevedo,4,3,225.85,Entregue
6920,07/07/2024,15/07/2024,Azul Cargo,Curitiba,Novaes,9,8,175.42,Entregue
14241,15/11/2024,25/11/2024,Azul Cargo,Curitiba,Lopes dos Dourados,10,10,28.23,Entregue
44948,28/12/2024,07/01/2025,Jadlog,Curitiba,das Neves,9,10,72.24,Entregue
25246,26/10/2024,05/11/2024,Azul Cargo,Belo Horizonte,Azevedo,10,10,125.69,Entregue
59065,11/03/2024,16/03/2024,Jadlog,São Paulo,Carvalho Grande,4,5,53.4,Entregue
22951,15/07/2024,23/07/2024,Loggi,São Paulo,da Luz,8,8,132.59,Entregue
49076,28/06/2024,06/07/2024,Jadlog,Belo Horizonte,Rocha Grande,7,8,141.72,Entregue
14982,13/05/2024,19/05/2024,Correios,Salvador,Gomes,4,6,178.61,Entregue
14370,26/08/2024,30/08/2024,Correios,Recife,das Neves,4,4,222.28,Entregue
34989,21/02/2024,28/02/2024,Loggi,Recife,da Cruz,7,7,23.69,Entregue
9581,19/04/2024,27/04/2024,Azul Cargo,Recife,Barros,5,8,159.03,Em trânsito
36360,14/12/2024,21/12/2024,Jadlog,Belo Horizonte,Moreira de Fogaça,7,7,21.09,Em trânsito
58201,18/08/2024,24/08/2024,Loggi,Salvador,Castro,3,6,144.2,Entregue
63835,10/04/2024,16/04/2024,Jadlog,Curitiba,da Mota da Mata,4,6,175.22,Entregue
59852,04/08/2024,12/08/2024,Correios,Recife,Viana,9,8,50.99,Entregue
50675,10/03/2024,16/03/2024,Jadlog,Salvador,da Conceição de Mendes,7,6,239.29,Entregue
4173,24/11/2024,29/11/2024,Jadlog,Recife,das Neves das Flores,2,5,234.17,Entregue
33848,26/09/2024,03/10/2024,Azul Cargo,Belo Horizonte,Lopes,5,7,89.03,Em trânsito
25870,11/09/2024,19/09/2024,Azul Cargo,Belo Horizonte,Dias,7,8,228.97,Entregue
6673,10/06/2024,16/06/2024,Correios,Belo Horizonte,Lima de Lima,4,6,296.54,Entregue
18964,12/10/2024,13/10/2024,Correios,Belo Horizonte,da Rosa,2,1,285.37,Entregue
18402,28/09/2024,09/10/2024,Correios,Curitiba,Lima,10,11,29.94,Entregue
38839,23/05/2024,26/05/2024,Loggi,São Paulo,Azevedo das Flores,4,3,95.15,Entregue
36481,15/08/2024,24/08/2024,Azul Cargo,Salvador,da Conceição,7,9,167.17,Entregue
63229,09/05/2024,22/05/2024,Azul Cargo,Belo Horizonte,da Luz de Peixoto,10,13,292.82,Entregue
40311,03/08/2024,12/08/2024,Jadlog,São Paulo,Teixeira,9,9,71.97,Entregue
54880,07/09/2024,16/09/2024,Jadlog,Belo Horizonte,Carvalho,10,9,173.33,Entregue
26643,24/12/2024,04/01/2025,Loggi,Belo Horizonte,Costela da Praia,8,11,186.87,Entregue
17295,06/01/2024,12/01/2024,Jadlog,Salvador,Azevedo da Serra,5,6,36.42,Entregue
27176,08/02/2024,19/02/2024,Jadlog,Curitiba,Lopes,8,11,50.34,Entregue
43250,03/07/2024,04/07/2024,Jadlog,Belo Horizonte,Viana de Cardoso,2,1,40.2,Em trânsito
53587,12/07/2024,18/07/2024,Correios,Curitiba,da Conceição de Campos,5,6,179.07,Entregue
10894,01/03/2024,06/03/2024,Loggi,Curitiba,Santos de da Conceição,3,5,259.27,Entregue
45627,04/12/2024,15/12/2024,Correios,São Paulo,das Neves do Oeste,9,11,156.96,Entregue
2450,12/02/2024,18/02/2024,Correios,São Paulo,Ribeiro de Cunha,3,6,213.64,Em trânsito
65220,21/07/2024,27/07/2024,Correios,São Paulo,da Paz do Amparo,3,6,33.79,Entregue
38235,17/07/2024,27/07/2024,Jadlog,Salvador,Sales do Galho,8,10,267.75,Entregue
54288,13/04/2024,19/04/2024,Correios,Recife,Nunes do Oeste,3,6,240.07,Entregue
8747,03/01/2024,11/01/2024,Loggi,Curitiba,Caldeira de Minas,9,8,288.91,Entregue
56953,25/02/2024,01/03/2024,Loggi,Salvador,Silveira Paulista,5,5,197.03,Entregue
65831,21/10/2024,29/10/2024,Loggi,Salvador,Novaes,7,8,30.28,Entregue
32053,18/08/2024,26/08/2024,Loggi,São Paulo,Cavalcanti,7,8,139.82,Entregue
10263,17/03/2024,22/03/2024,Azul Cargo,Salvador,Barbosa do Amparo,5,5,230.4,Entregue
65092,02/03/2024,15/03/2024,Azul Cargo,São Paulo,Moreira,10,13,274.21,Entregue
44108,06/10/2024,14/10/2024,Loggi,São Paulo,Aragão,7,8,101.13,Entregue
61049,16/05/2024,29/05/2024,Azul Cargo,Salvador,da Luz,10,13,17.46,Entregue
5804,20/09/2024,25/09/2024,Azul Cargo,Belo Horizonte,Monteiro,2,5,70.57,Entregue
43779,05/03/2024,12/03/2024,Jadlog,São Paulo,Cardoso do Campo,7,7,297.19,Entregue
5084,11/04/2024,17/04/2024,Azul Cargo,São Paulo,Duarte do Oeste,4,6,247.57,Em trânsito
9451,17/06/2024,24/06/2024,Loggi,Curitiba,Azevedo,5,7,290.81,Entregue
7603,01/04/2024,02/04/2024,Correios,São Paulo,Moreira de Goiás,2,1,17.53,Entregue
54842,16/08/2024,22/08/2024,Loggi,Salvador,da Cunha Grande,4,6,11.79,Entregue
8035,05/07/2024,13/07/2024,Correios,Salvador,Cardoso,9,8,34.66,Entregue
60648,19/09/2024,23/09/2024,Correios,Recife,Peixoto de Santos,4,4,155.9,Entregue
19528,24/01/2024,04/02/2024,Azul Cargo,Salvador,Novaes,10,11,56.29,Entregue
18222,02/12/2024,07/12/2024,Correios,Curitiba,Teixeira,2,5,206.3,Entregue
39495,26/11/2024,28/11/2024,Loggi,Curitiba,Lopes das Pedras,3,2,59.99,Entregue
7111,17/07/2024,28/07/2024,Loggi,Belo Horizonte,da Rosa de Duarte,10,11,298.15,Entregue
58271,12/01/2024,14/01/2024,Jadlog,Curitiba,Monteiro,3,2,295.55,Entregue
24892,13/02/2024,17/02/2024,Correios,Recife,Ribeiro dos Dourados,3,4,85.99,Entregue
33843,09/09/2024,17/09/2024,Correios,Belo Horizonte,Rezende,6,8,96.2,Entregue
32394,14/11/2024,24/11/2024,Correios,Curitiba,Moura,7,10,25.08,Entregue
12457,22/05/2024,26/05/2024,Jadlog,Salvador,Freitas de Rezende,3,4,280.09,Entregue
64318,26/06/2024,04/07/2024,Jadlog,São Paulo,Carvalho de Lopes,5,8,72.2,Entregue
58423,03/11/2024,12/11/2024,Loggi,Belo Horizonte,Farias,8,9,286.31,Entregue
24493,11/02/2024,17/02/2024,Azul Cargo,São Paulo,da Mata da Mata,7,6,233.46,Entregue
32901,25/08/2024,31/08/2024,Loggi,Curitiba,Barbosa Alegre,6,6,64.51,Entregue
2299,15/04/2024,24/04/2024,Jadlog,Curitiba,Farias de Rezende,7,9,125.96,Entregue
36801,17/06/2024,28/06/2024,Jadlog,São Paulo,Peixoto do Norte,10,11,75.81,Entregue
29148,09/11/2024,11/11/2024,Jadlog,São Paulo,Caldeira das Pedras,3,2,71.9,Entregue
20500,02/08/2024,06/08/2024,Loggi,São Paulo,Nascimento Paulista,5,4,68.58,Em trânsito
45755,11/08/2024,19/08/2024,Loggi,Belo Horizonte,Almeida,6,8,127.12,Entregue
43610,22/10/2024,01/11/2024,Loggi,Recife,Barbosa,8,10,268.25,Entregue
27009,04/05/2024,13/05/2024,Correios,Recife,Fernandes de Campos,7,9,63.51,Entregue
60629,27/09/2024,10/10/2024,Loggi,Salvador,Pinto,10,13,32.11,Entregue
46713,06/12/2024,19/12/2024,Loggi,Curitiba,Lima,10,13,151.98,Entregue
46675,18/10/2024,30/10/2024,Correios,São Paulo,Santos,10,12,72.15,Entregue
42468,19/03/2024,28/03/2024,Jadlog,Belo Horizonte,Novaes de Almeida,6,9,277.35,Entregue
3841,03/12/2024,10/12/2024,Correios,Recife,Araújo,5,7,13.65,Entregue
53830,25/11/2024,04/12/2024,Correios,Recife,Souza do Sul,6,9,97.23,Entregue
23161,14/03/2024,19/03/2024,Correios,Curitiba,Farias,2,5,221.53,Em trânsito
55121,09/09/2024,13/09/2024,Azul Cargo,São Paulo,Nogueira do Norte,4,4,259.52,Em trânsito
24050,12/10/2024,17/10/2024,Azul Cargo,Recife,Moraes,4,5,65.32,Entregue
16145,13/08/2024,23/08/2024,Correios,São Paulo,Almeida da Mata,7,10,243.94,Entregue
67429,18/06/2024,26/06/2024,Correios,Recife,Ribeiro,5,8,67.88,Entregue
1867,05/09/2024,16/09/2024,Jadlog,Belo Horizonte,Rodrigues de Araújo,8,11,154.47,Devolvido
6371,08/08/2024,16/08/2024,Correios,Belo Horizonte,Fogaça do Galho,5,8,25.18,Entregue
42336,26/09/2024,02/10/2024,Jadlog,Salvador,Jesus de Freitas,6,6,173.26,Entregue
61720,25/08/2024,04/09/2024,Loggi,Salvador,da Rosa,7,10,82.18,Entregue
26311,13/01/2024,23/01/2024,Correios,Recife,da Conceição,10,10,285.46,Entregue
18960,06/10/2024,14/10/2024,Jadlog,Recife,das Neves,6,8,66.19,Entregue
63418,14/05/2024,21/05/2024,Jadlog,Salvador,da Mata de Rocha,6,7,298.27,Entregue
62138,09/06/2024,13/06/2024,Loggi,Curitiba,Costela,4,4,214.34,Entregue
49740,28/06/2024,08/07/2024,Correios,Recife,Azevedo,9,10,101.8,Entregue
30593,13/07/2024,16/07/2024,Loggi,Belo Horizonte,Costela,4,3,90.92,Entregue
23129,05/02/2024,11/02/2024,Azul Cargo,Salvador,Novaes,5,6,218.8,Entregue
64575,02/11/2024,08/11/2024,Azul Cargo,São Paulo,Lima,7,6,63.31,Entregue
15970,24/09/2024,07/10/2024,Loggi,Belo Horizonte,Rezende,10,13,216.71,Entregue
3432,09/11/2024,14/11/2024,Correios,Curitiba,Nascimento de Goiás,6,5,15.21,Entregue
6212,26/05/2024,04/06/2024,Loggi,São Paulo,Costa Alegre,6,9,283.49,Entregue
17881,07/03/2024,14/03/2024,Correios,Belo Horizonte,Oliveira do Galho,6,7,158.58,Entregue
42853,28/05/2024,02/06/2024,Azul Cargo,Curitiba,Rocha,6,5,163.14,Em trânsito
41408,19/08/2024,24/08/2024,Loggi,Recife,da Rocha,2,5,82.8,Entregue
52446,07/12/2024,20/12/2024,Loggi,Salvador,Rezende,10,13,219.43,Entregue
63914,24/06/2024,01/07/2024,Correios,Curitiba,Correia de da Luz,8,7,177.91,Entregue
27667,14/03/2024,15/03/2024,Azul Cargo,São Paulo,Rocha Grande,2,1,49.01,Entregue
41344,23/06/2024,02/07/2024,Azul Cargo,Salvador,Nunes do Oeste,7,9,298.09,Entregue
48668,09/03/2024,18/03/2024,Azul Cargo,Curitiba,Jesus dos Dourados,10,9,178.37,Entregue
40750,10/01/2024,22/01/2024,Azul Cargo,Salvador,Nunes,9,12,63.41,Entregue
55036,12/03/2024,16/03/2024,Jadlog,Recife,Teixeira Paulista,3,4,169.28,Entregue
45857,02/01/2024,03/01/2024,Loggi,Recife,Silveira,2,1,134.97,Entregue
36566,08/02/2024,17/02/2024,Azul Cargo,Belo Horizonte,da Mata de Rodrigues,6,9,22.45,Entregue
62225,18/12/2024,21/12/2024,Jadlog,Belo Horizonte,da Rosa,2,3,267.51,Entregue
54072,14/02/2024,20/02/2024,Loggi,Belo Horizonte,Carvalho,3,6,194.14,Entregue
26078,14/10/2024,19/10/2024,Jadlog,Recife,Monteiro,2,5,229.25,Entregue
40115,08/11/2024,16/11/2024,Loggi,Curitiba,Pinto de Pinto,7,8,193.55,Entregue
8876,02/09/2024,08/09/2024,Correios,Belo Horizonte,Nogueira de Souza,5,6,16.41,Entregue
11745,18/07/2024,26/07/2024,Loggi,Recife,Azevedo,7,8,221.79,Entregue
40436,18/02/2024,26/02/2024,Loggi,São Paulo,da Rosa,5,8,101.74,Entregue
42796,27/01/2024,08/02/2024,Correios,Recife,Jesus,9,12,75.24,Entregue
10281,23/04/2024,29/04/2024,Azul Cargo,São Paulo,Pires do Norte,7,6,91.76,Entregue
45831,21/01/2024,30/01/2024,Azul Cargo,Belo Horizonte,Mendes,7,9,213.83,Entregue
47542,02/09/2024,09/09/2024,Correios,Belo Horizonte,da Mota da Praia,6,7,124.96,Entregue
17180,03/05/2024,10/05/2024,Loggi,Recife,da Conceição Paulista,7,7,198.44,Entregue
67367,26/02/2024,07/03/2024,Loggi,Recife,Cardoso,8,10,75.5,Entregue
54979,26/12/2024,02/01/2025,Loggi,São Paulo,Nogueira Paulista,7,7,263.79,Entregue
33007,18/03/2024,28/03/2024,Azul Cargo,Recife,Rodrigues,10,10,193.73,Entregue
20005,24/03/2024,02/04/2024,Azul Cargo,Salvador,Pereira,10,9,115.53,Entregue
43842,06/04/2024,15/04/2024,Jadlog,Recife,Viana,6,9,245.79,Entregue
12466,03/06/2024,12/06/2024,Jadlog,Curitiba,Mendes,10,9,184.06,Entregue
57078,06/10/2024,12/10/2024,Jadlog,Recife,Aragão,5,6,26.34,Entregue
66251,03/08/2024,07/08/2024,Azul Cargo,Salvador,Silveira,2,4,68.9,Entregue
18360,03/07/2024,05/07/2024,Azul Cargo,Salvador,das Neves das Flores,2,2,144.78,Em trânsito
37448,05/06/2024,11/06/2024,Jadlog,Belo Horizonte,Nogueira do Oeste,4,6,24.98,Em trânsito
31229,04/08/2024,08/08/2024,Jadlog,Belo Horizonte,Nogueira do Norte,4,4,246.18,Entregue
24543,07/05/2024,17/05/2024,Correios,Recife,Carvalho,8,10,237.97,Entregue
35169,14/02/2024,22/02/2024,Correios,São Paulo,Mendes,9,8,123.44,Entregue
7412,16/02/2024,28/02/2024,Correios,Salvador,Mendes,9,12,275.51,Entregue
40120,13/11/2024,18/11/2024,Loggi,São Paulo,Pereira,4,5,54.07,Entregue
5860,09/01/2024,13/01/2024,Jadlog,Belo Horizonte,Moraes Verde,3,4,281.62,Entregue
67751,15/03/2024,24/03/2024,Azul Cargo,Belo Horizonte,Barros de Costa,7,9,274.23,Entregue
63479,27/09/2024,04/10/2024,Correios,Recife,Ramos de Moura,4,7,198.42,Entregue
5663,10/11/2024,17/11/2024,Azul Cargo,Belo Horizonte,Mendes,4,7,64.5,Em trânsito
47423,14/12/2024,17/12/2024,Jadlog,Salvador,da Mata,4,3,37.78,Entregue
59496,20/08/2024,24/08/2024,Correios,Recife,Cardoso,5,4,30.93,Entregue
14828,28/09/2024,02/10/2024,Jadlog,Curitiba,Cardoso,3,4,109.9,Entregue
39484,20/10/2024,29/10/2024,Loggi,Belo Horizonte,das Neves do Oeste,9,9,292.73,Entregue
48305,22/09/2024,29/09/2024,Jadlog,Recife,Almeida do Norte,5,7,296.1,Entregue
9068,13/06/2024,19/06/2024,Azul Cargo,Belo Horizonte,da Cunha da Praia,3,6,142.55,Entregue
37871,08/10/2024,14/10/2024,Jadlog,Salvador,Cavalcanti da Prata,4,6,298.74,Entregue
37725,08/12/2024,17/12/2024,Correios,Belo Horizonte,da Cruz,8,9,121.99,Entregue
38209,03/05/2024,15/05/2024,Jadlog,Recife,Peixoto de Santos,10,12,226.96,Entregue
7282,13/06/2024,14/06/2024,Correios,Salvador,Teixeira,2,1,251.94,Entregue
29928,20/10/2024,30/10/2024,Correios,Recife,Campos de Nogueira,10,10,248.69,Entregue
38490,11/07/2024,23/07/2024,Correios,Recife,Souza,9,12,40.44,Entregue
20777,20/03/2024,27/03/2024,Jadlog,Recife,Pinto de Gomes,7,7,119.45,Entregue
18179,01/10/2024,13/10/2024,Jadlog,Belo Horizonte,Vieira,9,12,195.18,Entregue
23432,03/09/2024,09/09/2024,Azul Cargo,São Paulo,Rodrigues de Araújo,3,6,147.68,Entregue
32252,07/01/2024,17/01/2024,Jadlog,Curitiba,Rocha,7,10,175.33,Entregue
62329,22/07/2024,27/07/2024,Jadlog,Recife,Martins,5,5,39.35,Entregue
36465,08/07/2024,12/07/2024,Loggi,Salvador,Farias,2,4,250.88,Entregue
26062,27/09/2024,01/10/2024,Azul Cargo,Curitiba,Pinto da Praia,4,4,83.06,Entregue
39536,26/02/2024,02/03/2024,Jadlog,Recife,Rodrigues da Serra,5,5,173.04,Entregue
55087,04/07/2024,10/07/2024,Loggi,Salvador,da Mota,6,6,195.65,Entregue
9823,14/07/2024,24/07/2024,Loggi,Recife,Costela de da Mota,9,10,257.22,Em trânsito
39330,23/12/2024,04/01/2025,Azul Cargo,Recife,da Mata,10,12,188.86,Entregue
6737,03/09/2024,14/09/2024,Loggi,Curitiba,Farias,8,11,248.98,Entregue
39528,05/01/2024,14/01/2024,Loggi,Salvador,Teixeira,6,9,283.37,Entregue
6452,21/10/2024,25/10/2024,Correios,Belo Horizonte,da Luz,3,4,91.59,Entregue
36978,16/04/2024,26/04/2024,Azul Cargo,Belo Horizonte,Duarte,9,10,261.77,Entregue
48145,20/05/2024,27/05/2024,Loggi,São Paulo,Moraes de Goiás,8,7,212.49,Entregue
16409,22/01/2024,01/02/2024,Correios,Belo Horizonte,Silva de Ferreira,7,10,283.77,Entregue
49621,18/08/2024,28/08/2024,Jadlog,Belo Horizonte,Gonçalves,7,10,85.69,Entregue
8502,12/09/2024,16/09/2024,Correios,Salvador,Costela da Praia,2,4,289.42,Entregue
34698,24/05/2024,04/06/2024,Loggi,Recife,Castro,8,11,231.28,Entregue
48669,19/03/2024,28/03/2024,Correios,Curitiba,Barros de Moura,7,9,163.02,Entregue
15581,11/11/2024,16/11/2024,Jadlog,Salvador,Pinto,3,5,59.1,Entregue
2329,06/06/2024,12/06/2024,Jadlog,Recife,Gonçalves,3,6,131.04,Entregue
25733,04/01/2024,09/01/2024,Jadlog,Salvador,Jesus,4,5,38.47,Entregue
31307,13/01/2024,23/01/2024,Jadlog,Salvador,Silveira Grande,8,10,21.97,Entregue
48237,19/07/2024,22/07/2024,Jadlog,Salvador,Farias,4,3,272.35,Entregue
40015,03/08/2024,09/08/2024,Correios,Curitiba,Vieira de Cavalcanti,6,6,219.93,Entregue
36299,01/09/2024,09/09/2024,Correios,Recife,da Mota de Fogaça,6,8,214.46,Entregue
6949,22/08/2024,31/08/2024,Correios,Salvador,Gomes,9,9,188.79,Entregue
21612,14/01/2024,26/01/2024,Jadlog,Recife,Silva de Minas,9,12,200.56,Entregue
42067,04/06/2024,14/06/2024,Correios,Salvador,Caldeira Verde,8,10,55.5,Entregue
51841,12/09/2024,21/09/2024,Correios,Recife,da Cunha do Norte,10,9,202.11,Entregue
4982,10/01/2024,18/01/2024,Azul Cargo,Curitiba,das Neves,9,8,200.89,Entregue
37196,04/02/2024,08/02/2024,Correios,Belo Horizonte,Lopes das Pedras,4,4,251.91,Entregue
45253,26/07/2024,29/07/2024,Loggi,Belo Horizonte,Costa,3,3,229.97,Entregue
22113,20/10/2024,23/10/2024,Azul Cargo,Recife,da Mata,4,3,209.33,Entregue
66838,20/10/2024,24/10/2024,Loggi,Salvador,Farias do Galho,2,4,188.26,Entregue
7744,27/02/2024,02/03/2024,Jadlog,São Paulo,Aragão do Amparo,5,4,192.84,Entregue
8994,25/03/2024,29/03/2024,Correios,Curitiba,Rodrigues,3,4,135.57,Entregue
50782,27/10/2024,03/11/2024,Correios,Belo Horizonte,Aragão,4,7,227.01,Entregue
38999,26/02/2024,03/03/2024,Loggi,Curitiba,Souza do Galho,7,6,279.69,Em trânsito
46959,05/05/2024,11/05/2024,Azul Cargo,Curitiba,Nunes do Oeste,7,6,234.4,Entregue
15125,19/01/2024,24/01/2024,Azul Cargo,Salvador,Gomes da Serra,3,5,82.83,Entregue
59513,13/09/2024,17/09/2024,Loggi,São Paulo,Monteiro da Prata,2,4,285.8,Em trânsito
43892,01/05/2024,10/05/2024,Correios,Curitiba,Nogueira do Norte,9,9,189.37,Entregue
67077,19/06/2024,22/06/2024,Correios,São Paulo,Jesus de Freitas,4,3,169.65,Entregue
14344,09/07/2024,12/07/2024,Jadlog,Salvador,Melo,3,3,87.37,Entregue
48528,11/06/2024,19/06/2024,Jadlog,Salvador,Nogueira,5,8,95.42,Entregue
30592,25/07/2024,01/08/2024,Jadlog,Recife,Campos,8,7,227.13,Entregue
25537,10/07/2024,12/07/2024,Azul Cargo,São Paulo,Silveira,3,2,183.03,Entregue
52019,18/08/2024,24/08/2024,Loggi,São Paulo,Farias do Galho,5,6,224.47,Entregue
54923,19/10/2024,24/10/2024,Correios,São Paulo,Rezende Alegre,3,5,168.33,Entregue
429,21/11/2024,23/11/2024,Azul Cargo,Recife,Souza do Sul,2,2,247.0,Entregue
40780,18/04/2024,26/04/2024,Jadlog,São Paulo,da Paz do Sul,8,8,70.78,Entregue
5908,14/04/2024,20/04/2024,Azul Cargo,Curitiba,Silveira,3,6,125.41,Entregue
32293,01/04/2024,09/04/2024,Jadlog,Salvador,Ribeiro,5,8,234.57,Entregue
67627,26/07/2024,31/07/2024,Azul Cargo,Belo Horizonte,Costa,2,5,26.12,Entregue
34909,20/09/2024,29/09/2024,Azul Cargo,Recife,Oliveira,7,9,115.46,Entregue
33793,22/05/2024,27/05/2024,Jadlog,Salvador,Lopes,6,5,31.71,Entregue
57458,28/08/2024,01/09/2024,Jadlog,Curitiba,da Cunha do Campo,2,4,182.51,Entregue
17999,07/10/2024,13/10/2024,Azul Cargo,Salvador,Ramos,7,6,118.22,Em trânsito
10888,01/03/2024,09/03/2024,Loggi,São Paulo,Mendes,8,8,271.61,Entregue
39125,06/10/2024,12/10/2024,Correios,São Paulo,Rodrigues,7,6,246.21,Entregue
33442,16/04/2024,24/04/2024,Jadlog,Salvador,Pinto,9,8,41.05,Entregue
11496,15/02/2024,24/02/2024,Jadlog,São Paulo,Aragão,8,9,78.03,Entregue
9196,28/12/2024,02/01/2025,Jadlog,São Paulo,Lopes,4,5,40.11,Entregue
15119,24/01/2024,05/02/2024,Correios,Recife,da Rosa de Lima,9,12,49.65,Entregue
37986,02/06/2024,05/06/2024,Loggi,São Paulo,Aragão,4,3,50.97,Entregue
44449,11/05/2024,18/05/2024,Loggi,Salvador,Pinto de Gomes,7,7,224.0,Entregue
52661,23/02/2024,28/02/2024,Jadlog,Salvador,da Rosa Verde,3,5,45.39,Em trânsito
4108,27/06/2024,08/07/2024,Azul Cargo,Belo Horizonte,Gomes do Oeste,9,11,157.76,Entregue
13023,17/06/2024,26/06/2024,Jadlog,Salvador,Pereira,10,9,136.28,Entregue
27674,16/04/2024,25/04/2024,Correios,Curitiba,da Mota da Mata,9,9,87.75,Entregue
13803,03/10/2024,12/10/2024,Loggi,Recife,Peixoto da Mata,7,9,50.61,Entregue
13823,06/11/2024,16/11/2024,Azul Cargo,Salvador,Castro de Goiás,9,10,114.57,Entregue
27862,07/12/2024,15/12/2024,Correios,Recife,Pinto do Galho,7,8,53.47,Entregue
22089,19/09/2024,29/09/2024,Loggi,Curitiba,Freitas Verde,9,10,232.83,Entregue
46425,15/07/2024,28/07/2024,Loggi,São Paulo,Pinto de Gomes,10,13,144.2,Entregue
6469,22/10/2024,25/10/2024,Loggi,Recife,Aragão,4,3,274.26,Entregue
39661,27/11/2024,01/12/2024,Jadlog,Recife,Mendes,4,4,12.52,Entregue
54603,03/01/2024,09/01/2024,Azul Cargo,Recife,Silva,7,6,32.49,Entregue
45235,23/07/2024,28/07/2024,Azul Cargo,Salvador,Sales,5,5,29.78,Entregue
15445,22/08/2024,23/08/2024,Correios,São Paulo,Azevedo,2,1,294.72,Entregue
52334,05/05/2024,10/05/2024,Azul Cargo,Recife,Sales do Galho,6,5,244.49,Entregue
1642,03/11/2024,09/11/2024,Correios,Belo Horizonte,Nogueira do Norte,4,6,45.91,Entregue
35481,05/03/2024,14/03/2024,Jadlog,Curitiba,Gonçalves de Goiás,6,9,184.71,Entregue
51796,06/06/2024,12/06/2024,Jadlog,Belo Horizonte,Peixoto de Lima,5,6,62.87,Em trânsito
13672,22/01/2024,30/01/2024,Correios,Recife,Azevedo das Pedras,7,8,60.9,Entregue
62565,02/04/2024,09/04/2024,Azul Cargo,Curitiba,Cardoso,4,7,182.96,Entregue
30296,04/08/2024,11/08/2024,Loggi,Recife,Santos,7,7,60.52,Entregue
40033,11/08/2024,16/08/2024,Azul Cargo,Recife,Aragão,6,5,31.17,Entregue
53761,20/06/2024,24/06/2024,Azul Cargo,Recife,Rocha do Sul,5,4,189.47,Entregue
50204,18/12/2024,28/12/2024,Jadlog,Salvador,Lopes,7,10,37.44,Entregue
65999,07/02/2024,10/02/2024,Jadlog,Salvador,Moraes,2,3,279.1,Entregue
50308,18/06/2024,25/06/2024,Correios,São Paulo,Lima,5,7,136.68,Entregue
4720,07/10/2024,13/10/2024,Loggi,Curitiba,da Mota de Fogaça,6,6,269.21,Entregue
67933,19/03/2024,31/03/2024,Azul Cargo,Curitiba,Gonçalves,9,12,265.76,Entregue
53895,16/03/2024,23/03/2024,Loggi,Belo Horizonte,Pinto,7,7,178.67,Entregue
40851,13/09/2024,24/09/2024,Correios,Salvador,Teixeira de Souza,8,11,264.61,Entregue
41452,15/09/2024,19/09/2024,Jadlog,São Paulo,Peixoto,4,4,132.25,Em trânsito
57146,16/03/2024,24/03/2024,Azul Cargo,Salvador,Carvalho,7,8,93.63,Entregue
16535,10/09/2024,22/09/2024,Jadlog,Curitiba,Ramos,9,12,117.05,Entregue
40274,14/05/2024,23/05/2024,Loggi,Recife,Rocha,9,9,64.67,Entregue
32520,22/06/2024,27/06/2024,Jadlog,Belo Horizonte,da Paz do Sul,6,5,124.57,Entregue
32417,08/12/2024,15/12/2024,Loggi,São Paulo,Almeida,7,7,229.18,Entregue
36240,05/07/2024,09/07/2024,Correios,Curitiba,Cardoso,5,4,200.96,Entregue
51212,14/02/2024,21/02/2024,Loggi,Belo Horizonte,Martins,6,7,248.76,Entregue
28459,27/02/2024,07/03/2024,Correios,Salvador,Santos,7,9,279.78,Entregue
46457,25/08/2024,28/08/2024,Correios,São Paulo,Silva de Ferreira,3,3,228.48,Entregue
28960,28/02/2024,05/03/2024,Correios,Recife,Farias,3,6,124.61,Entregue
62728,21/07/2024,30/07/2024,Jadlog,Salvador,Barbosa das Flores,10,9,297.26,Entregue
27577,19/12/2024,27/12/2024,Correios,Recife,da Costa,7,8,49.45,Entregue
9315,24/09/2024,28/09/2024,Correios,Curitiba,Jesus do Galho,2,4,38.73,Entregue
874,23/02/2024,29/02/2024,Loggi,Curitiba,Lopes,7,6,211.42,Entregue
21851,06/06/2024,09/06/2024,Correios,São Paulo,da Mata,4,3,214.41,Entregue
55702,03/04/2024,06/04/2024,Loggi,Belo Horizonte,Pinto de Gomes,2,3,15.03,Entregue
42580,07/06/2024,15/06/2024,Azul Cargo,São Paulo,Viana,8,8,235.66,Entregue
36427,14/04/2024,17/04/2024,Azul Cargo,Recife,Fernandes do Campo,3,3,34.88,Entregue
40657,05/10/2024,17/10/2024,Jadlog,Salvador,Pires,10,12,60.48,Entregue
39343,22/01/2024,31/01/2024,Loggi,Curitiba,Lopes,10,9,299.36,Entregue
57945,01/03/2024,11/03/2024,Correios,Belo Horizonte,Aragão de Moreira,8,10,47.44,Entregue
63794,11/03/2024,22/03/2024,Jadlog,São Paulo,Costa,10,11,104.4,Entregue
63386,11/04/2024,14/04/2024,Jadlog,Belo Horizonte,Pinto da Praia,2,3,167.74,Entregue
54539,15/09/2024,23/09/2024,Correios,Belo Horizonte,Vieira das Pedras,7,8,183.21,Entregue
3977,17/09/2024,23/09/2024,Loggi,Curitiba,Cardoso,6,6,86.55,Entregue
53787,09/08/2024,17/08/2024,Azul Cargo,Curitiba,Fernandes das Pedras,8,8,17.91,Entregue
40294,24/06/2024,29/06/2024,Loggi,São Paulo,Porto de Goiás,4,5,193.78,Entregue
59985,28/04/2024,03/05/2024,Azul Cargo,Curitiba,Pinto,2,5,86.59,Entregue
17965,01/08/2024,07/08/2024,Azul Cargo,São Paulo,das Neves de Minas,6,6,136.57,Entregue
19662,27/10/2024,03/11/2024,Correios,Salvador,Viana,4,7,190.1,Entregue
34205,12/09/2024,23/09/2024,Jadlog,Salvador,Campos,9,11,19.68,Entregue
8756,18/02/2024,01/03/2024,Azul Cargo,Recife,da Costa Grande,9,12,282.4,Entregue
40647,08/10/2024,14/10/2024,Loggi,Recife,Ribeiro,4,6,101.59,Entregue
43934,11/06/2024,17/06/2024,Azul Cargo,São Paulo,Fogaça da Praia,4,6,297.01,Entregue
374,14/10/2024,21/10/2024,Correios,Belo Horizonte,da Costa,5,7,15.31,Entregue
57848,17/08/2024,23/08/2024,Loggi,Salvador,da Conceição Paulista,7,6,232.4,Entregue
37609,11/04/2024,15/04/2024,Loggi,Salvador,Alves,3,4,21.09,Entregue
43753,23/02/2024,05/03/2024,Correios,São Paulo,Cunha,9,11,256.7,Em trânsito
46684,22/10/2024,30/10/2024,Loggi,Recife,Fernandes,7,8,188.99,Em trânsito
13950,08/06/2024,18/06/2024,Loggi,Recife,Vieira,7,10,209.3,Em trânsito
36417,23/03/2024,29/03/2024,Loggi,Curitiba,da Rocha das Flores,7,6,27.43,Em trânsito
19014,26/11/2024,04/12/2024,Azul Cargo,Salvador,das Neves,8,8,204.16,Entregue
35287,15/08/2024,22/08/2024,Jadlog,Salvador,Almeida de Freitas,7,7,169.5,Entregue
22231,11/06/2024,21/06/2024,Correios,Belo Horizonte,Rezende Alegre,10,10,52.89,Entregue
19350,05/05/2024,09/05/2024,Azul Cargo,Curitiba,da Costa,5,4,49.7,Entregue
32654,09/04/2024,12/04/2024,Correios,São Paulo,Novaes dos Dourados,2,3,136.86,Entregue
26234,22/08/2024,31/08/2024,Jadlog,Belo Horizonte,Silveira de da Mota,6,9,100.63,Entregue
45863,28/01/2024,31/01/2024,Loggi,Curitiba,Porto,2,3,55.34,Em trânsito
57035,27/08/2024,01/09/2024,Azul Cargo,Salvador,Pires do Amparo,5,5,76.72,Entregue
27311,12/05/2024,19/05/2024,Azul Cargo,São Paulo,Pinto de Peixoto,6,7,203.76,Entregue
6947,19/08/2024,31/08/2024,Correios,Curitiba,Pires,10,12,107.88,Em trânsito
30046,16/03/2024,28/03/2024,Jadlog,Salvador,Moreira,9,12,67.69,Entregue
15898,04/05/2024,08/05/2024,Azul Cargo,Salvador,da Luz de Peixoto,3,4,247.57,Entregue
35102,19/09/2024,25/09/2024,Correios,Recife,das Neves,3,6,129.36,Entregue
52040,25/09/2024,03/10/2024,Azul Cargo,Belo Horizonte,da Paz do Amparo,6,8,82.26,Entregue
51104,08/07/2024,10/07/2024,Loggi,Salvador,Costa,3,2,265.26,Entregue
2868,10/07/2024,11/07/2024,Azul Cargo,Belo Horizonte,Pinto,2,1,147.09,Entregue
14614,08/11/2024,21/11/2024,Jadlog,São Paulo,Silva de Moura,10,13,122.37,Entregue
57826,11/06/2024,20/06/2024,Loggi,Salvador,Araújo,10,9,89.46,Entregue
46494,27/10/2024,03/11/2024,Correios,Curitiba,Campos,4,7,109.05,Entregue
772,08/08/2024,09/08/2024,Jadlog,Recife,Silveira de Novaes,2,1,156.32,Entregue
46866,02/11/2024,06/11/2024,Loggi,Belo Horizonte,Pinto,5,4,92.45,Entregue
12594,14/02/2024,18/02/2024,Azul Cargo,Curitiba,Araújo de Goiás,4,4,230.04,Entregue
23498,21/11/2024,26/11/2024,Jadlog,Curitiba,Alves,4,5,200.95,Entregue
40773,21/03/2024,23/03/2024,Jadlog,Recife,Cardoso,2,2,201.4,Entregue
9640,27/07/2024,01/08/2024,Jadlog,Salvador,Fogaça da Praia,6,5,161.46,Entregue
13447,14/09/2024,24/09/2024,Loggi,Recife,Lima,8,10,173.42,Entregue
6149,08/03/2024,19/03/2024,Azul Cargo,Salvador,da Costa de Cardoso,9,11,40.88,Entregue
3180,20/05/2024,25/05/2024,Jadlog,São Paulo,Souza,4,5,121.72,Entregue
38288,24/08/2024,05/09/2024,Azul Cargo,Salvador,Almeida,9,12,179.56,Entregue
42565,14/06/2024,21/06/2024,Jadlog,São Paulo,Pires do Norte,6,7,88.02,Entregue
18545,10/05/2024,14/05/2024,Jadlog,São Paulo,Gomes da Mata,3,4,247.68,Entregue
49032,20/03/2024,27/03/2024,Loggi,Curitiba,Gomes,7,7,294.61,Entregue
6367,13/08/2024,17/08/2024,Loggi,Salvador,Aragão,2,4,266.57,Entregue
62435,27/01/2024,04/02/2024,Loggi,Curitiba,Costela,5,8,33.83,Entregue
43261,07/07/2024,14/07/2024,Correios,Curitiba,Carvalho,4,7,271.73,Entregue
15843,27/02/2024,04/03/2024,Jadlog,Curitiba,Costela,5,6,23.63,Entregue
21232,07/04/2024,12/04/2024,Jadlog,Salvador,Silva,5,5,128.98,Entregue
60241,06/10/2024,10/10/2024,Jadlog,Recife,Pinto de Peixoto,2,4,226.98,Entregue
61736,03/09/2024,06/09/2024,Loggi,Belo Horizonte,Santos,2,3,269.4,Entregue
29617,14/02/2024,16/02/2024,Azul Cargo,São Paulo,Moura da Mata,2,2,79.36,Entregue
49175,27/01/2024,02/02/2024,Correios,Recife,Peixoto,3,6,59.98,Entregue
15208,20/03/2024,25/03/2024,Azul Cargo,São Paulo,Freitas,4,5,279.01,Entregue
27213,15/03/2024,21/03/2024,Jadlog,Salvador,da Rosa de Lima,3,6,12.28,Entregue
37724,22/12/2024,29/12/2024,Loggi,Salvador,Vieira de Goiás,4,7,236.38,Entregue
34792,03/12/2024,11/12/2024,Loggi,Salvador,das Neves dos Dourados,6,8,113.88,Entregue
45789,27/10/2024,05/11/2024,Jadlog,São Paulo,Santos,10,9,278.65,Entregue
20066,19/05/2024,29/05/2024,Jadlog,Curitiba,Almeida do Amparo,8,10,101.73,Entregue
48419,14/12/2024,16/12/2024,Azul Cargo,Recife,Cardoso,3,2,90.53,Entregue
1391,15/05/2024,23/05/2024,Azul Cargo,Belo Horizonte,Azevedo do Galho,6,8,15.14,Entregue
3474,28/01/2024,06/02/2024,Correios,Salvador,Barbosa da Serra,7,9,80.35,Entregue
20825,01/06/2024,06/06/2024,Correios,Belo Horizonte,Moura,5,5,179.39,Entregue
17318,27/03/2024,02/04/2024,Azul Cargo,Curitiba,Caldeira,5,6,148.55,Entregue
20296,25/11/2024,30/11/2024,Correios,Salvador,Monteiro da Prata,4,5,246.35,Entregue
36256,08/08/2024,14/08/2024,Loggi,Belo Horizonte,Azevedo das Pedras,6,6,247.45,Entregue
19470,05/11/2024,06/11/2024,Jadlog,São Paulo,Jesus Paulista,2,1,179.63,Entregue
64734,17/10/2024,28/10/2024,Correios,Recife,das Neves,8,11,175.18,Entregue
3789,08/11/2024,09/11/2024,Loggi,Recife,Melo,2,1,286.04,Entregue
57593,06/03/2024,13/03/2024,Jadlog,Salvador,Costela,8,7,156.16,Entregue
48060,08/03/2024,16/03/2024,Azul Cargo,Curitiba,Silva de Gonçalves,5,8,34.06,Entregue
53922,10/05/2024,17/05/2024,Jadlog,Salvador,Moreira,6,7,73.54,Entregue
23681,09/10/2024,11/10/2024,Azul Cargo,São Paulo,Aragão de Fernandes,3,2,210.84,Entregue
62915,14/12/2024,21/12/2024,Correios,Belo Horizonte,Rezende,4,7,137.41,Entregue
26370,05/05/2024,14/05/2024,Jadlog,Curitiba,Lima,10,9,196.32,Entregue
24342,13/05/2024,20/05/2024,Jadlog,Belo Horizonte,Rodrigues,8,7,253.97,Entregue
16130,24/07/2024,27/07/2024,Jadlog,São Paulo,Vieira,2,3,219.69,Entregue
37807,23/06/2024,28/06/2024,Azul Cargo,Recife,Oliveira do Norte,3,5,68.07,Entregue
31909,06/04/2024,09/04/2024,Loggi,Recife,da Mata do Oeste,3,3,102.35,Entregue
30690,15/11/2024,22/11/2024,Azul Cargo,Curitiba,Ferreira de Barbosa,6,7,113.24,Entregue
63172,22/02/2024,05/03/2024,Loggi,São Paulo,Castro de Monteiro,10,12,73.23,Entregue
61463,25/04/2024,02/05/2024,Jadlog,São Paulo,Nascimento,6,7,99.42,Entregue
21190,24/02/2024,05/03/2024,Loggi,Curitiba,Monteiro de Minas,8,10,195.24,Entregue
38048,20/11/2024,29/11/2024,Jadlog,Salvador,Fernandes,6,9,198.95,Entregue
34825,15/02/2024,20/02/2024,Jadlog,São Paulo,da Mota de Cardoso,4,5,162.11,Entregue
13368,17/04/2024,22/04/2024,Correios,Curitiba,da Rocha,6,5,94.35,Entregue
19828,13/09/2024,19/09/2024,Correios,Belo Horizonte,Rezende,6,6,43.6,Entregue
47522,14/07/2024,22/07/2024,Azul Cargo,Recife,Vieira de Goiás,8,8,202.79,Entregue
50217,22/01/2024,25/01/2024,Correios,São Paulo,Lopes,2,3,209.75,Entregue
56819,10/06/2024,18/06/2024,Jadlog,Recife,Peixoto de Lima,5,8,72.8,Entregue
67317,20/12/2024,25/12/2024,Correios,Recife,Vieira do Amparo,5,5,298.67,Entregue
21397,14/07/2024,21/07/2024,Correios,Belo Horizonte,Barbosa,7,7,172.39,Entregue
46973,27/07/2024,28/07/2024,Correios,Belo Horizonte,Cardoso,2,1,14.46,Entregue
43581,23/09/2024,29/09/2024,Correios,Curitiba,das Neves,4,6,252.69,Entregue
26000,13/05/2024,17/05/2024,Loggi,Recife,Oliveira das Pedras,3,4,259.95,Entregue
54228,18/12/2024,28/12/2024,Jadlog,Belo Horizonte,Almeida,7,10,14.35,Entregue
53697,23/02/2024,01/03/2024,Loggi,São Paulo,Mendes,5,7,239.55,Entregue
53393,06/05/2024,10/05/2024,Azul Cargo,São Paulo,Ferreira,3,4,241.34,Entregue
30138,20/10/2024,27/10/2024,Azul Cargo,São Paulo,Ribeiro de Goiás,7,7,43.4,Em trânsito
63832,12/04/2024,14/04/2024,Jadlog,Recife,Ribeiro dos Dourados,2,2,100.17,Entregue
29931,11/10/2024,20/10/2024,Jadlog,Curitiba,Porto,9,9,198.42,Entregue
52585,16/09/2024,26/09/2024,Azul Cargo,Belo Horizonte,Ferreira,8,10,122.97,Entregue
7891,19/11/2024,26/11/2024,Loggi,Curitiba,Mendes,7,7,75.84,Entregue
12476,23/06/2024,02/07/2024,Jadlog,Recife,Moraes de da Luz,6,9,255.05,Entregue
12951,07/03/2024,13/03/2024,Correios,Recife,da Rocha Grande,5,6,188.82,Em trânsito
7162,15/10/2024,26/10/2024,Azul Cargo,Curitiba,da Conceição de Campos,8,11,121.72,Entregue
27977,25/08/2024,03/09/2024,Correios,São Paulo,da Conceição Paulista,10,9,61.93,Entregue
32715,12/08/2024,22/08/2024,Loggi,São Paulo,Moura,9,10,146.56,Entregue
17129,10/02/2024,18/02/2024,Jadlog,Belo Horizonte,Cunha,6,8,276.07,Entregue
7699,03/11/2024,08/11/2024,Jadlog,Salvador,Pires,4,5,218.86,Entregue
56551,13/12/2024,16/12/2024,Correios,Recife,da Cunha,4,3,272.33,Entregue
57301,13/01/2024,17/01/2024,Jadlog,São Paulo,Lopes das Pedras,4,4,140.63,Entregue
65374,06/10/2024,15/10/2024,Jadlog,Salvador,Santos,8,9,47.81,Entregue
46566,08/03/2024,13/03/2024,Loggi,Curitiba,das Neves,5,5,15.98,Entregue
20666,21/07/2024,26/07/2024,Loggi,Belo Horizonte,Lopes de Sales,4,5,40.24,Entregue
9036,16/05/2024,28/05/2024,Azul Cargo,São Paulo,da Conceição Grande,9,12,185.03,Entregue
8466,18/07/2024,21/07/2024,Loggi,Recife,Souza,3,3,74.01,Entregue
22345,18/01/2024,26/01/2024,Jadlog,Salvador,Cardoso,9,8,32.88,Entregue
37936,13/03/2024,25/03/2024,Loggi,Salvador,Lopes,9,12,126.82,Entregue
1679,05/12/2024,09/12/2024,Azul Cargo,Salvador,Jesus dos Dourados,4,4,180.19,Entregue
23918,01/01/2024,07/01/2024,Azul Cargo,Curitiba,Alves,6,6,84.22,Entregue
40526,10/05/2024,17/05/2024,Jadlog,Curitiba,Ramos de Moura,7,7,73.21,Entregue
64923,24/10/2024,26/10/2024,Azul Cargo,Recife,Rocha,3,2,81.0,Entregue
38379,12/12/2024,23/12/2024,Jadlog,Recife,Souza,9,11,21.61,Entregue
44544,03/11/2024,15/11/2024,Jadlog,Curitiba,Jesus,9,12,172.32,Entregue
58868,22/03/2024,30/03/2024,Jadlog,Belo Horizonte,da Rosa,8,8,54.04,Entregue
2314,28/05/2024,08/06/2024,Loggi,Curitiba,Santos dos Dourados,10,11,282.96,Entregue
47482,26/05/2024,04/06/2024,Jadlog,Recife,Monteiro,8,9,246.4,Devolvido
52780,25/09/2024,29/09/2024,Jadlog,Salvador,Jesus Paulista,3,4,168.3,Entregue
37885,21/11/2024,02/12/2024,Azul Cargo,Curitiba,Moreira do Sul,10,11,62.35,Entregue
1174,14/10/2024,18/10/2024,Jadlog,São Paulo,Carvalho,4,4,183.05,Entregue
41481,10/09/2024,15/09/2024,Azul Cargo,Recife,Lopes dos Dourados,4,5,156.74,Entregue
51507,20/10/2024,25/10/2024,Azul Cargo,São Paulo,da Conceição de Campos,6,5,47.14,Entregue
15857,02/02/2024,08/02/2024,Loggi,Recife,Aragão,5,6,175.79,Entregue
66135,02/05/2024,11/05/2024,Loggi,Recife,Gonçalves,7,9,175.77,Entregue
41565,25/12/2024,03/01/2025,Correios,Salvador,Freitas,8,9,158.83,Entregue
61474,22/05/2024,28/05/2024,Azul Cargo,Curitiba,Costa,5,6,59.82,Entregue
21166,22/02/2024,06/03/2024,Correios,Salvador,Viana de Jesus,10,13,200.4,Entregue
50745,05/08/2024,10/08/2024,Correios,Belo Horizonte,Martins de Minas,5,5,191.47,Entregue
45258,16/08/2024,21/08/2024,Correios,Salvador,Fogaça do Galho,2,5,213.64,Entregue
20215,18/08/2024,28/08/2024,Correios,São Paulo,Lopes,8,10,184.31,Entregue
27450,10/09/2024,15/09/2024,Correios,Salvador,Araújo,4,5,49.18,Entregue
10905,08/03/2024,15/03/2024,Loggi,Recife,da Rocha,5,7,229.55,Em trânsito
15160,27/02/2024,05/03/2024,Azul Cargo,Recife,Pires,4,7,208.3,Em trânsito
39767,25/02/2024,02/03/2024,Azul Cargo,Salvador,Almeida de Freitas,5,6,87.73,Entregue
2096,21/07/2024,31/07/2024,Correios,Recife,Farias,9,10,133.28,Entregue
49882,05/02/2024,14/02/2024,Azul Cargo,Belo Horizonte,Cunha,9,9,156.78,Entregue
49264,17/07/2024,19/07/2024,Jadlog,Curitiba,Ferreira,3,2,199.07,Entregue
18295,28/04/2024,01/05/2024,Jadlog,Curitiba,Carvalho de Lopes,4,3,27.82,Entregue
10306,23/06/2024,02/07/2024,Jadlog,Belo Horizonte,da Luz,7,9,79.44,Entregue
16090,19/04/2024,22/04/2024,Correios,Recife,Santos da Serra,3,3,73.07,Entregue
32191,13/11/2024,24/11/2024,Azul Cargo,Recife,Mendes,10,11,201.0,Entregue
32672,13/05/2024,24/05/2024,Correios,São Paulo,Moraes de da Luz,10,11,56.81,Entregue
46528,20/01/2024,22/01/2024,Azul Cargo,Recife,Ribeiro,3,2,280.33,Entregue
26413,21/08/2024,26/08/2024,Correios,Salvador,Silveira,3,5,185.45,Entregue
12826,06/10/2024,17/10/2024,Azul Cargo,Salvador,da Rosa das Flores,8,11,170.27,Entregue
1411,08/05/2024,16/05/2024,Loggi,Curitiba,Oliveira da Prata,9,8,197.15,Entregue
39088,24/08/2024,28/08/2024,Correios,Recife,da Conceição Grande,2,4,228.09,Entregue
37941,26/03/2024,04/04/2024,Correios,São Paulo,Porto,6,9,103.67,Entregue
4188,03/12/2024,14/12/2024,Azul Cargo,Belo Horizonte,da Luz Grande,10,11,162.7,Entregue
49094,19/08/2024,25/08/2024,Loggi,São Paulo,Araújo de Goiás,7,6,100.59,Entregue
41777,09/01/2024,19/01/2024,Azul Cargo,Curitiba,Pinto,7,10,107.27,Entregue
31971,15/06/2024,25/06/2024,Azul Cargo,Salvador,Cardoso,7,10,162.19,Entregue
9190,04/12/2024,12/12/2024,Jadlog,Curitiba,Lopes,6,8,233.79,Entregue
53466,04/10/2024,13/10/2024,Loggi,Curitiba,Monteiro dos Dourados,9,9,53.34,Entregue
45777,20/09/2024,24/09/2024,Jadlog,Belo Horizonte,Rezende dos Dourados,3,4,185.36,Entregue
15670,08/03/2024,21/03/2024,Azul Cargo,Belo Horizonte,Teixeira,10,13,33.34,Entregue
58653,15/07/2024,25/07/2024,Correios,Salvador,Gomes da Serra,7,10,161.97,Entregue
39689,22/12/2024,30/12/2024,Correios,Salvador,Ramos,8,8,51.8,Entregue
16511,14/07/2024,18/07/2024,Azul Cargo,Salvador,da Rocha Grande,5,4,130.68,Em trânsito
61524,15/08/2024,18/08/2024,Correios,Recife,Almeida Paulista,3,3,37.93,Entregue
24680,23/02/2024,01/03/2024,Azul Cargo,Belo Horizonte,da Luz,6,7,201.2,Entregue
56351,28/10/2024,05/11/2024,Jadlog,São Paulo,da Cruz,5,8,41.51,Entregue
36083,16/01/2024,20/01/2024,Jadlog,São Paulo,Cardoso,2,4,14.43,Entregue
12529,18/10/2024,27/10/2024,Azul Cargo,Belo Horizonte,Campos,8,9,44.56,Entregue
55558,26/11/2024,05/12/2024,Jadlog,Belo Horizonte,Rocha,9,9,133.55,Entregue
25820,22/06/2024,23/06/2024,Azul Cargo,Salvador,da Rosa,2,1,107.34,Entregue
28986,27/04/2024,05/05/2024,Azul Cargo,São Paulo,Araújo Verde,6,8,274.47,Entregue
43683,10/12/2024,19/12/2024,Azul Cargo,Recife,Moraes,10,9,190.26,Entregue
42856,26/05/2024,29/05/2024,Azul Cargo,Recife,Nogueira,2,3,10.03,Entregue
22603,25/06/2024,30/06/2024,Correios,Belo Horizonte,da Rocha de da Luz,3,5,71.81,Entregue
445,25/12/2024,30/12/2024,Correios,Recife,Moreira de Fogaça,3,5,101.31,Entregue
226,21/06/2024,25/06/2024,Loggi,São Paulo,da Luz,3,4,274.55,Entregue
4037,18/02/2024,23/02/2024,Correios,Recife,Moura do Campo,6,5,86.38,Entregue
64375,14/10/2024,21/10/2024,Jadlog,Recife,Rocha,7,7,201.41,Entregue
54981,26/12/2024,31/12/2024,Loggi,São Paulo,Araújo de Ramos,6,5,56.75,Entregue
33696,04/12/2024,09/12/2024,Azul Cargo,Curitiba,das Neves das Flores,4,5,61.69,Em trânsito
9633,25/07/2024,31/07/2024,Azul Cargo,São Paulo,Carvalho,3,6,60.84,Entregue
67464,10/08/2024,14/08/2024,Correios,Recife,da Paz de Almeida,5,4,213.36,Entregue
65640,16/05/2024,21/05/2024,Correios,Belo Horizonte,Correia do Oeste,6,5,168.84,Entregue
66146,17/05/2024,23/05/2024,Azul Cargo,Belo Horizonte,Moura,3,6,184.14,Entregue
41013,18/08/2024,29/08/2024,Azul Cargo,Recife,da Paz do Sul,10,11,26.68,Entregue
65246,17/07/2024,29/07/2024,Correios,Recife,Ramos,9,12,270.59,Entregue
63304,01/10/2024,14/10/2024,Azul Cargo,Salvador,Cardoso,10,13,221.65,Entregue
45447,02/12/2024,10/12/2024,Jadlog,São Paulo,Rodrigues,5,8,80.61,Entregue
1604,10/10/2024,13/10/2024,Loggi,Curitiba,Rocha,3,3,215.95,Entregue
38317,17/09/2024,27/09/2024,Azul Cargo,São Paulo,Dias,7,10,289.4,Entregue
57058,07/09/2024,14/09/2024,Azul Cargo,Curitiba,Silva do Sul,5,7,257.9,Entregue
58218,27/09/2024,02/10/2024,Correios,Curitiba,da Cunha Alegre,6,5,143.95,Entregue
28510,03/03/2024,10/03/2024,Loggi,Belo Horizonte,Jesus de Freitas,8,7,213.78,Entregue
66574,28/07/2024,01/08/2024,Jadlog,Curitiba,Ramos,2,4,86.84,Entregue
46869,25/11/2024,04/12/2024,Loggi,Recife,Souza,8,9,154.58,Entregue
67552,06/02/2024,14/02/2024,Correios,Belo Horizonte,Moura,5,8,117.45,Entregue
22352,26/01/2024,03/02/2024,Loggi,Curitiba,da Cunha do Campo,6,8,211.35,Entregue
63401,20/04/2024,28/04/2024,Jadlog,Curitiba,da Costa,8,8,297.18,Entregue
59964,18/03/2024,22/03/2024,Jadlog,São Paulo,Silveira dos Dourados,3,4,214.89,Entregue
2606,04/02/2024,15/02/2024,Jadlog,Belo Horizonte,Ferreira,10,11,155.03,Entregue
49669,01/12/2024,08/12/2024,Correios,Salvador,Nunes,4,7,297.51,Entregue
25943,27/02/2024,05/03/2024,Loggi,Belo Horizonte,Lopes,7,7,89.69,Entregue
66759,11/06/2024,20/06/2024,Loggi,São Paulo,Farias das Pedras,8,9,198.99,Entregue
30773,10/01/2024,20/01/2024,Correios,Recife,Fogaça,9,10,140.11,Entregue
42727,17/10/2024,20/10/2024,Jadlog,Salvador,da Cunha Alegre,4,3,175.57,Entregue
16340,22/08/2024,28/08/2024,Jadlog,São Paulo,Cunha,3,6,76.81,Entregue
22138,27/12/2024,07/01/2025,Correios,Belo Horizonte,da Mata,10,11,171.04,Entregue
440,26/12/2024,04/01/2025,Correios,Salvador,Silva,9,9,228.52,Entregue
52057,04/10/2024,14/10/2024,Azul Cargo,São Paulo,da Costa,8,10,185.34,Entregue
24626,04/11/2024,08/11/2024,Jadlog,Recife,Cavalcanti das Pedras,3,4,281.01,Em trânsito
59730,11/12/2024,16/12/2024,Azul Cargo,Belo Horizonte,Azevedo Paulista,3,5,156.86,Em trânsito
33575,07/08/2024,15/08/2024,Azul Cargo,Salvador,Aragão,8,8,199.28,Entregue
27663,16/03/2024,20/03/2024,Correios,Salvador,da Luz,3,4,53.54,Entregue
26214,11/07/2024,16/07/2024,Azul Cargo,Belo Horizonte,Teixeira,4,5,180.54,Entregue
17316,09/02/2024,17/02/2024,Azul Cargo,Recife,Fogaça do Galho,8,8,59.51,Entregue
59816,18/06/2024,21/06/2024,Azul Cargo,Recife,Azevedo,4,3,37.87,Entregue
18592,06/09/2024,14/09/2024,Jadlog,Curitiba,Dias do Campo,9,8,133.96,Entregue
12256,04/05/2024,14/05/2024,Azul Cargo,Belo Horizonte,Correia de Pereira,10,10,39.12,Entregue
63677,02/11/2024,07/11/2024,Azul Cargo,Salvador,da Luz,3,5,213.65,Entregue
26519,12/03/2024,17/03/2024,Jadlog,Belo Horizonte,Aragão de Moreira,3,5,96.98,Entregue
2146,06/09/2024,10/09/2024,Azul Cargo,Recife,Pinto,3,4,269.13,Entregue
47676,22/06/2024,27/06/2024,Jadlog,Recife,Pinto de Minas,6,5,208.51,Entregue
56219,03/02/2024,05/02/2024,Jadlog,Curitiba,Cardoso do Campo,3,2,163.25,Entregue
58847,12/01/2024,20/01/2024,Azul Cargo,Recife,Ramos de Fernandes,8,8,279.21,Entregue
29858,27/09/2024,06/10/2024,Azul Cargo,São Paulo,Fernandes do Oeste,7,9,63.75,Entregue
14967,08/05/2024,20/05/2024,Loggi,Curitiba,Souza,9,12,225.21,Em trânsito
65313,25/09/2024,06/10/2024,Loggi,Salvador,Duarte,8,11,54.26,Entregue
3525,27/03/2024,04/04/2024,Correios,Belo Horizonte,da Mata das Pedras,5,8,97.69,Entregue
34393,17/09/2024,24/09/2024,Loggi,Belo Horizonte,Costa,6,7,92.39,Entregue
50534,25/07/2024,28/07/2024,Azul Cargo,São Paulo,Moura,4,3,267.14,Entregue
1464,17/07/2024,26/07/2024,Azul Cargo,Curitiba,Sales,8,9,295.7,Entregue
55564,13/12/2024,17/12/2024,Loggi,Belo Horizonte,Nogueira de Moraes,4,4,165.37,Entregue
45210,25/06/2024,29/06/2024,Correios,Salvador,Monteiro,4,4,290.72,Entregue
6425,26/09/2024,05/10/2024,Loggi,Belo Horizonte,Viana de Cardoso,10,9,214.75,Entregue
4169,23/11/2024,29/11/2024,Azul Cargo,Belo Horizonte,Ferreira de da Mota,4,6,259.5,Em trânsito
32788,13/12/2024,22/12/2024,Loggi,Salvador,Barbosa,7,9,255.51,Entregue
1785,25/05/2024,29/05/2024,Loggi,São Paulo,Pires,2,4,249.83,Entregue
44676,28/07/2024,03/08/2024,Azul Cargo,Recife,Cardoso das Flores,3,6,58.85,Entregue
42909,15/08/2024,24/08/2024,Jadlog,Curitiba,Moraes,10,9,245.63,Entregue
4789,02/02/2024,05/02/2024,Azul Cargo,Belo Horizonte,Costela,2,3,153.27,Entregue
13703,24/03/2024,30/03/2024,Azul Cargo,Recife,Aragão,3,6,121.43,Entregue
47642,16/03/2024,21/03/2024,Azul Cargo,Salvador,Carvalho de Lopes,4,5,226.21,Entregue
67414,21/05/2024,26/05/2024,Jadlog,São Paulo,da Luz do Galho,3,5,139.04,Entregue
22979,18/09/2024,22/09/2024,Azul Cargo,Curitiba,Barbosa do Amparo,3,4,27.5,Entregue
7653,23/08/2024,24/08/2024,Jadlog,Belo Horizonte,Vieira das Pedras,2,1,127.87,Entregue
62246,07/02/2024,16/02/2024,Loggi,Salvador,Castro da Praia,6,9,237.86,Entregue
18242,02/01/2024,09/01/2024,Correios,Belo Horizonte,Moreira de Fogaça,6,7,110.64,Entregue
60901,25/09/2024,05/10/2024,Correios,São Paulo,Nunes,7,10,84.79,Entregue
59163,09/09/2024,13/09/2024,Jadlog,Curitiba,da Cunha Grande,4,4,17.67,Entregue
17893,13/04/2024,23/04/2024,Azul Cargo,Salvador,da Cunha,10,10,254.3,Entregue
10657,20/04/2024,29/04/2024,Jadlog,São Paulo,Silveira dos Dourados,8,9,241.14,Entregue
16578,21/11/2024,27/11/2024,Azul Cargo,Salvador,Pereira do Galho,4,6,68.25,Entregue
41763,11/12/2024,19/12/2024,Azul Cargo,São Paulo,da Rocha,8,8,191.32,Entregue
59069,25/03/2024,29/03/2024,Correios,Salvador,Fernandes das Pedras,3,4,38.68,Entregue
21739,07/10/2024,13/10/2024,Jadlog,Recife,da Rocha do Sul,5,6,58.74,Entregue
48912,16/08/2024,21/08/2024,Correios,Recife,Farias Paulista,2,5,136.05,Entregue
32025,22/07/2024,30/07/2024,Azul Cargo,Recife,Barbosa do Amparo,6,8,191.84,Entregue
49817,09/10/2024,10/10/2024,Jadlog,Recife,Jesus,2,1,14.01,Entregue
51389,15/02/2024,17/02/2024,Correios,Belo Horizonte,Cardoso de Caldeira,2,2,106.22,Entregue
29574,12/01/2024,17/01/2024,Jadlog,Belo Horizonte,Costela,4,5,262.31,Entregue
35069,23/07/2024,31/07/2024,Jadlog,Salvador,Aragão de Fernandes,7,8,118.09,Entregue
21198,09/03/2024,14/03/2024,Loggi,Salvador,da Luz Grande,5,5,239.17,Em trânsito
47836,25/05/2024,29/05/2024,Loggi,Curitiba,da Luz da Mata,2,4,89.55,Entregue
54833,19/08/2024,25/08/2024,Loggi,Salvador,Rodrigues de Cavalcanti,6,6,55.74,Entregue
16845,28/06/2024,11/07/2024,Azul Cargo,São Paulo,da Mata de Rodrigues,10,13,145.69,Entregue
42665,18/09/2024,26/09/2024,Azul Cargo,Recife,Fernandes de Mendes,9,8,290.91,Entregue
110,17/03/2024,26/03/2024,Jadlog,São Paulo,Oliveira das Pedras,8,9,108.44,Entregue
65406,21/11/2024,02/12/2024,Correios,São Paulo,Barbosa,8,11,136.52,Entregue
31637,15/07/2024,16/07/2024,Jadlog,São Paulo,Moraes,2,1,275.1,Entregue
66872,20/12/2024,27/12/2024,Loggi,São Paulo,Santos,8,7,286.98,Entregue
29495,18/10/2024,21/10/2024,Loggi,Belo Horizonte,da Rosa do Norte,2,3,132.85,Entregue
24758,17/07/2024,24/07/2024,Loggi,Curitiba,Moraes do Campo,4,7,140.08,Entregue
58493,19/02/2024,24/02/2024,Loggi,Recife,Azevedo,3,5,120.05,Entregue
31549,01/04/2024,13/04/2024,Azul Cargo,Belo Horizonte,Duarte de Monteiro,9,12,281.05,Entregue
17120,04/01/2024,14/01/2024,Azul Cargo,Salvador,da Cunha da Praia,8,10,195.35,Entregue
45850,12/01/2024,22/01/2024,Correios,Belo Horizonte,Mendes,8,10,230.82,Entregue
54061,05/01/2024,10/01/2024,Correios,Recife,Ferreira,4,5,81.1,Devolvido
39670,02/11/2024,11/11/2024,Jadlog,Curitiba,Vieira do Campo,6,9,32.48,Entregue
27036,22/07/2024,30/07/2024,Loggi,São Paulo,Cardoso de da Conceição,6,8,170.34,Entregue
62238,24/01/2024,05/02/2024,Azul Cargo,Salvador,Silva de Moura,10,12,177.11,Entregue
24139,07/03/2024,13/03/2024,Azul Cargo,Salvador,Cardoso,5,6,233.81,Entregue
15577,28/11/2024,01/12/2024,Azul Cargo,Belo Horizonte,Correia da Mata,2,3,205.89,Entregue
21490,02/09/2024,06/09/2024,Loggi,Belo Horizonte,Pinto de Peixoto,4,4,100.8,Entregue
63284,06/09/2024,11/09/2024,Jadlog,Recife,Costa,4,5,163.75,Entregue
21999,14/03/2024,15/03/2024,Loggi,São Paulo,Silveira Paulista,2,1,123.23,Entregue
33904,24/01/2024,27/01/2024,Azul Cargo,São Paulo,Dias,4,3,104.07,Entregue
27014,20/06/2024,29/06/2024,Correios,São Paulo,Mendes das Pedras,6,9,88.44,Entregue
46618,06/06/2024,13/06/2024,Jadlog,Belo Horizonte,Carvalho,5,7,103.96,Entregue
12404,19/02/2024,23/02/2024,Azul Cargo,São Paulo,da Conceição Paulista,3,4,37.5,Entregue
54497,03/07/2024,15/07/2024,Jadlog,Curitiba,Silva de Gonçalves,10,12,238.98,Entregue
21359,08/06/2024,16/06/2024,Jadlog,Curitiba,Rocha,7,8,36.93,Entregue
9083,13/07/2024,15/07/2024,Correios,São Paulo,Silveira Grande,3,2,116.56,Entregue
65274,28/08/2024,01/09/2024,Loggi,Salvador,Dias,3,4,158.16,Em trânsito
4581,13/01/2024,18/01/2024,Loggi,Salvador,Moura,4,5,260.25,Entregue
27212,26/03/2024,06/04/2024,Loggi,São Paulo,da Cunha Alegre,10,11,64.97,Entregue
37187,25/01/2024,04/02/2024,Azul Cargo,Salvador,Pires,8,10,109.16,Entregue
50202,27/12/2024,06/01/2025,Loggi,Recife,Peixoto,10,10,97.86,Entregue
38818,20/03/2024,29/03/2024,Correios,Curitiba,Viana de Cardoso,6,9,40.84,Entregue
54892,18/10/2024,26/10/2024,Loggi,Salvador,Silva,7,8,138.09,Entregue
12332,22/10/2024,25/10/2024,Jadlog,Salvador,da Rosa,3,3,212.23,Entregue
23459,23/10/2024,31/10/2024,Loggi,Recife,da Costa,8,8,247.51,Entregue
25376,02/02/2024,06/02/2024,Jadlog,Curitiba,Lima,2,4,40.47,Entregue
29262,19/06/2024,25/06/2024,Azul Cargo,São Paulo,Campos,3,6,198.45,Entregue
63234,14/06/2024,23/06/2024,Correios,Salvador,das Neves,6,9,15.07,Entregue
66057,24/03/2024,26/03/2024,Correios,São Paulo,Farias do Campo,2,2,134.71,Entregue
45371,14/10/2024,22/10/2024,Loggi,Curitiba,Oliveira do Amparo,9,8,102.87,Entregue
9761,20/03/2024,22/03/2024,Jadlog,São Paulo,Cardoso de da Mota,2,2,50.28,Entregue
42086,16/07/2024,21/07/2024,Jadlog,São Paulo,Farias,5,5,24.76,Entregue
59240,19/02/2024,26/02/2024,Correios,Curitiba,Moraes das Flores,6,7,203.87,Entregue
13091,25/09/2024,07/10/2024,Correios,Recife,Cardoso,9,12,102.75,Entregue
38285,11/08/2024,18/08/2024,Jadlog,Belo Horizonte,Lopes,7,7,89.49,Entregue
31684,11/10/2024,17/10/2024,Loggi,São Paulo,Jesus,6,6,19.58,Entregue
11000,17/05/2024,25/05/2024,Loggi,Salvador,Rodrigues,5,8,153.53,Entregue
19161,22/07/2024,01/08/2024,Azul Cargo,Belo Horizonte,Fernandes de Mendes,7,10,34.22,Entregue
1957,12/02/2024,19/02/2024,Correios,Salvador,Sales do Galho,5,7,246.29,Entregue
20698,26/10/2024,30/10/2024,Correios,São Paulo,Martins,5,4,77.52,Entregue
44245,09/02/2024,14/02/2024,Jadlog,São Paulo,Vieira de Gomes,6,5,226.33,Entregue
49873,02/02/2024,10/02/2024,Jadlog,Belo Horizonte,Costa,9,8,273.69,Entregue
21052,09/08/2024,12/08/2024,Jadlog,Belo Horizonte,Teixeira,3,3,89.89,Em trânsito
17018,01/06/2024,04/06/2024,Loggi,Curitiba,Nogueira do Campo,3,3,247.26,Entregue
12523,11/10/2024,16/10/2024,Loggi,Belo Horizonte,Ribeiro,6,5,253.38,Devolvido
54852,11/08/2024,23/08/2024,Correios,Curitiba,Silva de Moura,9,12,19.73,Entregue
61177,07/11/2024,15/11/2024,Jadlog,Salvador,da Costa Grande,7,8,136.31,Entregue
23223,16/05/2024,19/05/2024,Azul Cargo,São Paulo,Ribeiro,4,3,177.78,Entregue
12970,15/04/2024,21/04/2024,Jadlog,Salvador,Souza,3,6,177.63,Entregue
15398,06/07/2024,12/07/2024,Azul Cargo,São Paulo,Duarte Verde,3,6,285.45,Entregue
16498,21/06/2024,24/06/2024,Loggi,Recife,Jesus,2,3,234.23,Em trânsito
19462,27/10/2024,07/11/2024,Jadlog,Salvador,da Rocha,8,11,246.3,Entregue
16355,06/09/2024,17/09/2024,Loggi,Salvador,Souza do Galho,10,11,242.9,Entregue
67403,14/04/2024,20/04/2024,Loggi,Salvador,Rezende das Flores,6,6,150.65,Entregue
7964,22/04/2024,03/05/2024,Jadlog,São Paulo,da Mata,9,11,247.17,Entregue
13253,06/08/2024,11/08/2024,Correios,Recife,Correia de Pereira,2,5,257.92,Entregue
36699,26/12/2024,01/01/2025,Jadlog,Recife,da Costa Verde,5,6,205.41,Entregue
25321,27/12/2024,02/01/2025,Azul Cargo,Belo Horizonte,Lima das Flores,6,6,282.12,Entregue
50401,26/12/2024,01/01/2025,Loggi,Recife,Rocha Grande,4,6,273.44,Devolvido
55816,21/07/2024,25/07/2024,Jadlog,Curitiba,Moreira,3,4,222.26,Entregue
49235,08/06/2024,16/06/2024,Jadlog,Curitiba,Mendes,5,8,30.56,Entregue
35474,23/03/2024,27/03/2024,Loggi,Recife,Melo,2,4,85.11,Entregue
57796,20/04/2024,22/04/2024,Jadlog,Belo Horizonte,Freitas,2,2,249.31,Entregue
18944,04/09/2024,12/09/2024,Loggi,Curitiba,da Cunha,5,8,69.94,Entregue
40583,07/08/2024,17/08/2024,Jadlog,Curitiba,da Cruz,7,10,133.33,Entregue
55653,28/03/2024,05/04/2024,Azul Cargo,Recife,Castro do Norte,9,8,60.33,Entregue
43982,14/07/2024,24/07/2024,Correios,Belo Horizonte,das Neves,10,10,128.65,Entregue
3429,27/10/2024,08/11/2024,Correios,Salvador,da Cunha da Praia,9,12,299.63,Entregue
25550,10/07/2024,20/07/2024,Loggi,Salvador,Freitas do Norte,9,10,241.8,Entregue
16173,21/10/2024,01/11/2024,Loggi,São Paulo,da Paz,8,11,100.07,Em trânsito
16197,22/12/2024,30/12/2024,Loggi,Recife,Fernandes do Campo,6,8,213.48,Devolvido
52643,07/12/2024,08/12/2024,Jadlog,Recife,Vieira de Cavalcanti,2,1,238.49,Entregue
23671,15/09/2024,19/09/2024,Jadlog,São Paulo,Cardoso,5,4,137.21,Em trânsito
47287,03/04/2024,11/04/2024,Correios,Curitiba,Araújo Verde,6,8,209.11,Entregue
31466,13/12/2024,20/12/2024,Azul Cargo,Recife,Santos,4,7,92.79,Entregue
14145,28/05/2024,05/06/2024,Loggi,Curitiba,Porto,6,8,86.76,Entregue
4978,19/01/2024,27/01/2024,Jadlog,Salvador,Lopes,6,8,65.84,Entregue
19822,03/09/2024,10/09/2024,Jadlog,Belo Horizonte,Freitas,7,7,151.76,Entregue
19851,14/10/2024,23/10/2024,Azul Cargo,Recife,da Rosa do Amparo,8,9,269.31,Entregue
62804,07/09/2024,12/09/2024,Loggi,Belo Horizonte,Carvalho,6,5,70.72,Entregue
63430,03/06/2024,11/06/2024,Jadlog,Salvador,Ferreira de da Mota,6,8,156.07,Entregue
27289,05/05/2024,17/05/2024,Jadlog,Belo Horizonte,Costela,9,12,217.73,Entregue
28446,08/02/2024,16/02/2024,Azul Cargo,São Paulo,Silveira dos Dourados,5,8,137.3,Entregue
9422,10/04/2024,14/04/2024,Correios,Salvador,Carvalho,5,4,10.1,Entregue
49462,07/08/2024,11/08/2024,Jadlog,Curitiba,Ramos de Nogueira,5,4,204.04,Entregue
8565,25/12/2024,06/01/2025,Jadlog,Salvador,da Cunha,9,12,181.77,Entregue
53304,13/10/2024,23/10/2024,Loggi,Belo Horizonte,Santos,10,10,245.3,Entregue
14620,21/12/2024,26/12/2024,Correios,Curitiba,Teixeira,2,5,206.78,Entregue
4880,05/07/2024,17/07/2024,Correios,São Paulo,Freitas,10,12,276.1,Entregue
11273,03/12/2024,09/12/2024,Azul Cargo,Salvador,Costa,3,6,29.96,Entregue
49416,25/05/2024,04/06/2024,Loggi,Belo Horizonte,Oliveira,7,10,92.63,Entregue
37192,11/01/2024,15/01/2024,Correios,Curitiba,da Paz Grande,2,4,197.15,Entregue
44202,10/12/2024,15/12/2024,Correios,Curitiba,Lopes,3,5,99.47,Entregue
44751,25/12/2024,01/01/2025,Correios,Salvador,Freitas de Moraes,4,7,135.57,Entregue
32082,06/09/2024,17/09/2024,Azul Cargo,São Paulo,Monteiro,10,11,223.27,Entregue
55604,26/01/2024,02/02/2024,Loggi,Salvador,Ramos,8,7,288.64,Entregue
43278,08/08/2024,14/08/2024,Loggi,Salvador,da Rocha da Serra,3,6,69.71,Entregue
37148,07/11/2024,17/11/2024,Jadlog,Recife,Viana de Jesus,9,10,263.12,Entregue
45045,10/03/2024,17/03/2024,Jadlog,Salvador,Rezende,5,7,119.19,Entregue
62705,13/07/2024,19/07/2024,Azul Cargo,São Paulo,Nascimento,6,6,192.76,Entregue
33596,15/09/2024,25/09/2024,Correios,Recife,Vieira de Goiás,10,10,134.7,Entregue
34007,26/08/2024,30/08/2024,Jadlog,Belo Horizonte,Santos,2,4,233.23,Entregue
45736,04/07/2024,13/07/2024,Jadlog,São Paulo,Alves,8,9,79.49,Entregue
5229,08/07/2024,21/07/2024,Jadlog,Curitiba,Carvalho Grande,10,13,292.17,Em trânsito
49284,23/08/2024,30/08/2024,Loggi,Recife,Sales de Fogaça,5,7,283.33,Entregue
39028,09/04/2024,17/04/2024,Correios,São Paulo,Moreira,9,8,273.86,Entregue
36722,07/01/2024,18/01/2024,Loggi,São Paulo,Ribeiro Verde,9,11,243.61,Entregue
23702,27/11/2024,30/11/2024,Loggi,Salvador,Fernandes das Pedras,4,3,281.57,Entregue
41530,26/11/2024,04/12/2024,Azul Cargo,Belo Horizonte,Silveira,7,8,136.3,Entregue
59447,09/04/2024,20/04/2024,Azul Cargo,Salvador,Alves,10,11,210.87,Entregue
43961,17/07/2024,22/07/2024,Azul Cargo,São Paulo,Nascimento,5,5,188.93,Entregue
60383,08/03/2024,15/03/2024,Azul Cargo,Salvador,Cardoso,5,7,264.12,Entregue
44730,24/11/2024,01/12/2024,Correios,São Paulo,Pinto,7,7,265.58,Entregue
12140,28/09/2024,02/10/2024,Jadlog,Recife,Ramos,4,4,176.58,Entregue
9406,11/04/2024,17/04/2024,Loggi,Recife,Aragão de Moreira,6,6,267.93,Entregue
20069,18/05/2024,23/05/2024,Jadlog,Salvador,Alves do Amparo,4,5,179.09,Em trânsito
62234,25/01/2024,05/02/2024,Loggi,Curitiba,da Rosa Verde,10,11,143.59,Entregue
63771,27/02/2024,07/03/2024,Loggi,Curitiba,Carvalho,9,9,104.33,Entregue
46493,21/10/2024,01/11/2024,Loggi,Salvador,Lima do Campo,9,11,194.65,Entregue
21660,03/04/2024,10/04/2024,Azul Cargo,Curitiba,Santos,8,7,190.14,Entregue
38529,20/09/2024,27/09/2024,Jadlog,Belo Horizonte,Rodrigues,5,7,99.59,Entregue
30970,21/08/2024,27/08/2024,Loggi,Belo Horizonte,Fernandes do Galho,3,6,234.3,Entregue
14664,16/02/2024,20/02/2024,Jadlog,Salvador,da Conceição de Campos,2,4,174.75,Entregue
54738,09/05/2024,15/05/2024,Azul Cargo,São Paulo,Silveira Grande,6,6,76.7,Entregue
29365,12/12/2024,16/12/2024,Loggi,Recife,Rocha do Sul,4,4,170.92,Entregue
40343,27/10/2024,01/11/2024,Loggi,Recife,Peixoto de Santos,5,5,293.71,Entregue
53169,18/12/2024,25/12/2024,Loggi,Salvador,Silva,7,7,285.77,Entregue
26870,10/09/2024,22/09/2024,Correios,Recife,Fernandes do Campo,10,12,17.01,Entregue
39145,21/12/2024,24/12/2024,Jadlog,Belo Horizonte,Azevedo,3,3,76.02,Entregue
11525,08/04/2024,15/04/2024,Loggi,São Paulo,Rezende,7,7,184.06,Entregue
42229,26/02/2024,09/03/2024,Jadlog,São Paulo,Correia,10,12,71.36,Entregue
21596,04/12/2024,12/12/2024,Correios,Salvador,Ramos de Fernandes,8,8,145.08,Em trânsito
41282,15/05/2024,22/05/2024,Azul Cargo,Salvador,Lima,4,7,178.95,Em trânsito
56506,02/09/2024,12/09/2024,Azul Cargo,Recife,Oliveira,7,10,277.14,Entregue
44616,04/04/2024,08/04/2024,Jadlog,Salvador,Silva de Gonçalves,3,4,65.67,Entregue
32446,17/02/2024,29/02/2024,Correios,Belo Horizonte,da Costa,9,12,18.93,Em trânsito
38616,01/03/2024,07/03/2024,Correios,Curitiba,Rodrigues,4,6,149.27,Devolvido
16621,22/02/2024,02/03/2024,Correios,Salvador,Fernandes do Campo,9,9,128.7,Entregue
19512,20/01/2024,28/01/2024,Jadlog,São Paulo,Fernandes,8,8,212.9,Entregue
25156,08/08/2024,11/08/2024,Loggi,São Paulo,Carvalho Grande,3,3,281.88,Entregue
36476,05/08/2024,15/08/2024,Correios,São Paulo,das Neves,8,10,176.21,Entregue
62733,12/08/2024,19/08/2024,Loggi,Recife,Costela da Mata,4,7,22.15,Entregue
61899,03/05/2024,11/05/2024,Loggi,Salvador,Cavalcanti da Praia,8,8,181.1,Entregue
7278,25/06/2024,01/07/2024,Jadlog,Belo Horizonte,Correia de da Luz,7,6,24.73,Entregue
14952,18/03/2024,27/03/2024,Azul Cargo,São Paulo,Vieira,8,9,74.28,Entregue
63977,22/07/2024,29/07/2024,Loggi,Salvador,Ferreira de da Mota,4,7,246.54,Entregue
62732,24/08/2024,29/08/2024,Jadlog,São Paulo,Fogaça da Praia,5,5,273.6,Entregue
24180,01/06/2024,04/06/2024,Loggi,Salvador,Caldeira,2,3,217.6,Entregue
42091,23/07/2024,29/07/2024,Jadlog,São Paulo,Cardoso,7,6,226.14,Entregue
20511,26/09/2024,01/10/2024,Loggi,Curitiba,Rezende,6,5,158.5,Entregue
41880,26/06/2024,29/06/2024,Correios,Curitiba,Mendes,3,3,205.87,Entregue
67961,03/05/2024,11/05/2024,Correios,Belo Horizonte,Jesus,5,8,268.91,Entregue
41979,25/01/2024,05/02/2024,Jadlog,Curitiba,da Rosa,10,11,198.3,Entregue
26996,01/04/2024,06/04/2024,Jadlog,São Paulo,Gonçalves,6,5,89.7,Entregue
21697,23/07/2024,30/07/2024,Jadlog,Belo Horizonte,Teixeira Paulista,6,7,199.11,Entregue
18394,17/09/2024,18/09/2024,Loggi,Recife,Santos,2,1,69.68,Entregue
18873,08/07/2024,12/07/2024,Correios,Curitiba,Santos,3,4,240.63,Entregue
26804,02/06/2024,09/06/2024,Loggi,Recife,Lima,6,7,85.71,Entregue
7256,04/04/2024,12/04/2024,Jadlog,Salvador,Lopes,8,8,62.88,Entregue
48420,15/12/2024,19/12/2024,Azul Cargo,Belo Horizonte,Farias,2,4,259.82,Devolvido
7837,08/08/2024,13/08/2024,Jadlog,Recife,da Costa de Cardoso,2,5,239.83,Entregue
7432,27/04/2024,07/05/2024,Azul Cargo,Curitiba,Novaes,9,10,278.71,Entregue
45770,16/09/2024,21/09/2024,Loggi,Salvador,Rodrigues,6,5,71.01,Entregue
48202,06/07/2024,10/07/2024,Azul Cargo,Curitiba,Aragão,4,4,235.19,Entregue
26634,07/11/2024,17/11/2024,Azul Cargo,Salvador,Lopes,8,10,275.44,Entregue
5733,21/04/2024,25/04/2024,Azul Cargo,Curitiba,Cardoso,5,4,142.65,Entregue
64743,20/10/2024,24/10/2024,Loggi,Recife,da Rocha,5,4,139.69,Entregue
431,01/11/2024,12/11/2024,Loggi,Recife,Carvalho da Praia,10,11,200.65,Em trânsito
31688,06/10/2024,13/10/2024,Jadlog,Recife,da Costa das Pedras,5,7,56.78,Entregue
10010,25/08/2024,01/09/2024,Correios,Recife,da Rosa do Amparo,8,7,246.83,Entregue
42717,13/10/2024,21/10/2024,Azul Cargo,Curitiba,Barbosa das Flores,5,8,27.6,Entregue
67880,12/12/2024,16/12/2024,Correios,Belo Horizonte,Duarte,3,4,295.77,Entregue
39417,07/06/2024,17/06/2024,Jadlog,Recife,Ramos do Campo,10,10,175.97,Em trânsito
1603,21/10/2024,31/10/2024,Azul Cargo,Recife,Viana de Cardoso,10,10,156.33,Entregue
15645,22/01/2024,31/01/2024,Jadlog,São Paulo,Pinto dos Dourados,7,9,169.42,Entregue
40403,15/01/2024,24/01/2024,Loggi,Curitiba,Cunha do Galho,6,9,255.45,Entregue
44389,11/01/2024,22/01/2024,Azul Cargo,Salvador,da Cunha,8,11,44.66,Entregue
47705,03/08/2024,09/08/2024,Azul Cargo,Salvador,da Rosa das Flores,5,6,63.21,Entregue
60090,22/11/2024,25/11/2024,Correios,Curitiba,Martins dos Dourados,3,3,208.29,Entregue
34234,21/10/2024,26/10/2024,Azul Cargo,São Paulo,Lopes,6,5,97.87,Entregue
32453,10/02/2024,22/02/2024,Jadlog,Recife,Moraes de da Luz,10,12,111.2,Entregue
14219,26/10/2024,29/10/2024,Loggi,São Paulo,Rezende,2,3,95.06,Entregue
1022,11/12/2024,20/12/2024,Azul Cargo,Belo Horizonte,Rodrigues da Serra,6,9,245.69,Entregue
16056,12/01/2024,21/01/2024,Loggi,Recife,da Paz do Sul,6,9,137.08,Entregue
13184,10/03/2024,20/03/2024,Jadlog,Recife,Nogueira,10,10,275.64,Em trânsito
55474,19/05/2024,26/05/2024,Azul Cargo,São Paulo,da Luz Alegre,6,7,262.26,Entregue
1289,17/02/2024,27/02/2024,Correios,Salvador,Monteiro,10,10,212.07,Entregue
5844,09/11/2024,17/11/2024,Correios,Curitiba,Aragão,7,8,231.34,Entregue
14453,16/01/2024,26/01/2024,Correios,Recife,Pereira,10,10,18.05,Em trânsito
39425,17/06/2024,19/06/2024,Loggi,Curitiba,Cardoso,2,2,143.56,Entregue
5195,25/06/2024,26/06/2024,Jadlog,Salvador,Cardoso,2,1,240.47,Entregue
57171,26/05/2024,06/06/2024,Jadlog,Recife,da Conceição,9,11,48.49,Entregue
55975,02/11/2024,07/11/2024,Correios,Curitiba,da Mata,5,5,168.6,Entregue
40287,03/06/2024,07/06/2024,Jadlog,Recife,Ferreira,3,4,288.42,Entregue
12958,11/03/2024,20/03/2024,Azul Cargo,Recife,Costa,9,9,243.53,Entregue
4421,06/04/2024,11/04/2024,Azul Cargo,Belo Horizonte,Caldeira de das Neves,3,5,132.39,Entregue
477,10/12/2024,23/12/2024,Azul Cargo,Belo Horizonte,da Cunha Alegre,10,13,290.8,Entregue
16542,19/09/2024,28/09/2024,Loggi,São Paulo,Duarte,6,9,133.22,Entregue
4449,01/05/2024,06/05/2024,Jadlog,Belo Horizonte,Azevedo da Serra,2,5,147.47,Entregue
32489,15/04/2024,25/04/2024,Azul Cargo,Recife,Jesus de Freitas,9,10,77.55,Entregue
28010,18/10/2024,30/10/2024,Correios,Salvador,Rezende de Rezende,10,12,76.26,Entregue
59833,19/07/2024,22/07/2024,Jadlog,São Paulo,Farias,3,3,157.68,Entregue
2969,25/01/2024,30/01/2024,Jadlog,São Paulo,Costa,3,5,217.47,Entregue
20985,02/02/2024,07/02/2024,Loggi,Curitiba,da Rocha do Norte,6,5,59.73,Em trânsito
28779,24/09/2024,30/09/2024,Loggi,Curitiba,Teixeira,3,6,141.74,Entregue
51133,06/09/2024,11/09/2024,Jadlog,Curitiba,Souza do Sul,4,5,272.19,Entregue
8689,15/09/2024,22/09/2024,Azul Cargo,Belo Horizonte,Fogaça do Sul,8,7,18.5,Em trânsito
50954,09/10/2024,22/10/2024,Jadlog,Salvador,Santos da Mata,10,13,96.59,Entregue
37358,19/01/2024,24/01/2024,Jadlog,Recife,Nascimento da Prata,6,5,216.85,Entregue
45963,02/04/2024,15/04/2024,Correios,São Paulo,Dias do Oeste,10,13,56.63,Entregue
53557,10/04/2024,15/04/2024,Loggi,Curitiba,Mendes,3,5,62.37,Entregue
45609,14/10/2024,16/10/2024,Correios,Belo Horizonte,Cunha de Fernandes,2,2,66.4,Em trânsito
40745,09/01/2024,16/01/2024,Azul Cargo,Belo Horizonte,Fernandes das Pedras,7,7,178.99,Entregue
36816,21/06/2024,26/06/2024,Loggi,Recife,da Mata do Oeste,2,5,232.15,Entregue
24185,14/07/2024,22/07/2024,Azul Cargo,Salvador,da Cruz,6,8,210.62,Entregue
40468,02/03/2024,03/03/2024,Azul Cargo,Salvador,Viana,2,1,235.92,Devolvido
64396,05/12/2024,17/12/2024,Jadlog,Belo Horizonte,Monteiro dos Dourados,10,12,124.41,Entregue
23871,02/11/2024,11/11/2024,Correios,Recife,Castro de Carvalho,7,9,44.7,Entregue
20516,22/10/2024,29/10/2024,Correios,São Paulo,Pereira de Costela,4,7,296.31,Entregue
44894,09/09/2024,11/09/2024,Jadlog,Salvador,Moraes,3,2,96.29,Entregue
64813,28/03/2024,01/04/2024,Azul Cargo,Salvador,da Conceição das Pedras,4,4,61.35,Devolvido
61306,06/07/2024,10/07/2024,Correios,Curitiba,da Costa,3,4,128.35,Entregue
65922,15/12/2024,24/12/2024,Loggi,Recife,Pinto,9,9,282.17,Entregue
13753,01/06/2024,06/06/2024,Jadlog,Belo Horizonte,Martins,4,5,180.94,Entregue
29564,19/01/2024,30/01/2024,Correios,Belo Horizonte,da Cruz,9,11,79.97,Entregue
52810,07/11/2024,11/11/2024,Azul Cargo,Salvador,da Cruz,3,4,100.51,Entregue
51506,22/10/2024,02/11/2024,Correios,Recife,Fernandes das Pedras,10,11,184.46,Entregue
2508,18/06/2024,24/06/2024,Loggi,Recife,da Luz,3,6,109.11,Entregue
52094,02/12/2024,13/12/2024,Azul Cargo,Recife,Pereira,10,11,45.36,Entregue
47041,05/11/2024,10/11/2024,Azul Cargo,Curitiba,da Mota,3,5,285.78,Entregue
30471,17/04/2024,27/04/2024,Loggi,São Paulo,Rezende,8,10,232.49,Entregue
26215,26/07/2024,31/07/2024,Loggi,São Paulo,Ferreira,4,5,132.67,Entregue
48841,22/03/2024,02/04/2024,Jadlog,Recife,Correia de da Luz,8,11,226.99,Entregue
20950,23/12/2024,05/01/2025,Loggi,Curitiba,Martins de Santos,10,13,297.07,Em trânsito
45947,28/03/2024,06/04/2024,Jadlog,São Paulo,Silveira Grande,8,9,59.7,Entregue
61305,14/07/2024,25/07/2024,Correios,São Paulo,Costela,10,11,185.36,Entregue
1046,08/01/2024,17/01/2024,Jadlog,Salvador,Caldeira Verde,8,9,212.43,Entregue
4265,10/06/2024,16/06/2024,Azul Cargo,Salvador,Gonçalves,6,6,20.26,Entregue
61775,02/12/2024,09/12/2024,Jadlog,Curitiba,Ribeiro das Flores,4,7,185.4,Entregue
56759,09/01/2024,10/01/2024,Azul Cargo,Curitiba,Barros da Prata,2,1,114.41,Entregue
33559,21/08/2024,27/08/2024,Correios,Curitiba,Ferreira do Norte,7,6,199.53,Devolvido
43092,08/09/2024,11/09/2024,Azul Cargo,Salvador,Castro de Monteiro,4,3,23.8,Entregue
59813,01/05/2024,10/05/2024,Jadlog,São Paulo,Moraes do Campo,9,9,166.06,Entregue
49566,07/04/2024,09/04/2024,Correios,Belo Horizonte,da Rosa,2,2,94.73,Entregue
56570,28/02/2024,03/03/2024,Azul Cargo,Belo Horizonte,da Conceição Grande,2,4,120.61,Entregue
20631,15/05/2024,21/05/2024,Azul Cargo,Recife,da Luz,3,6,293.64,Entregue
52650,27/01/2024,08/02/2024,Correios,São Paulo,Moraes de da Luz,10,12,294.71,Entregue
19768,18/05/2024,22/05/2024,Jadlog,Curitiba,Campos do Norte,2,4,229.2,Entregue
49898,11/03/2024,23/03/2024,Azul Cargo,Belo Horizonte,Duarte de Santos,9,12,184.62,Entregue
44027,02/08/2024,12/08/2024,Loggi,Curitiba,Alves,8,10,160.62,Entregue
49534,11/02/2024,18/02/2024,Correios,Recife,Oliveira,5,7,80.34,Entregue
1622,17/10/2024,22/10/2024,Loggi,Belo Horizonte,da Rocha do Norte,4,5,106.3,Entregue
26915,03/11/2024,11/11/2024,Jadlog,São Paulo,Moraes do Oeste,9,8,21.2,Entregue
57810,28/05/2024,07/06/2024,Azul Cargo,Curitiba,Ramos,9,10,174.78,Entregue
19689,10/12/2024,13/12/2024,Jadlog,Curitiba,Castro de Carvalho,2,3,199.06,Entregue
29942,06/11/2024,12/11/2024,Correios,São Paulo,da Mota de Cardoso,7,6,273.43,Entregue
58853,13/02/2024,19/02/2024,Loggi,Recife,Alves,6,6,297.55,Entregue
47824,17/03/2024,22/03/2024,Correios,Belo Horizonte,Barros de Novaes,3,5,172.91,Em trânsito
22349,28/01/2024,06/02/2024,Jadlog,Salvador,Costa,6,9,266.76,Entregue
67284,26/11/2024,03/12/2024,Azul Cargo,São Paulo,Araújo de Pinto,6,7,150.98,Entregue
9135,06/10/2024,17/10/2024,Correios,Curitiba,Lopes,10,11,88.36,Entregue
52843,12/02/2024,17/02/2024,Azul Cargo,Salvador,Campos Paulista,4,5,168.71,Entregue
9114,08/08/2024,17/08/2024,Correios,São Paulo,Farias do Galho,9,9,166.23,Entregue
26025,12/07/2024,17/07/2024,Loggi,Belo Horizonte,da Cunha da Praia,2,5,259.42,Entregue
28047,10/01/2024,15/01/2024,Correios,São Paulo,da Paz Verde,6,5,229.54,Entregue
27349,19/06/2024,30/06/2024,Loggi,Belo Horizonte,Monteiro de Minas,9,11,270.62,Entregue
46683,15/10/2024,20/10/2024,Jadlog,Belo Horizonte,Campos,6,5,72.8,Devolvido
23538,19/12/2024,30/12/2024,Azul Cargo,Belo Horizonte,da Mata da Mata,8,11,191.91,Entregue
46287,28/12/2024,08/01/2025,Loggi,Salvador,da Mota,10,11,87.32,Entregue
24063,15/11/2024,19/11/2024,Jadlog,Salvador,Peixoto,4,4,52.03,Entregue
24421,12/10/2024,17/10/2024,Azul Cargo,Curitiba,da Rocha de da Luz,4,5,253.96,Entregue
37060,12/07/2024,22/07/2024,Correios,São Paulo,da Luz,10,10,77.7,Entregue
16049,07/01/2024,11/01/2024,Azul Cargo,São Paulo,Oliveira,4,4,189.42,Entregue
47816,03/03/2024,13/03/2024,Azul Cargo,São Paulo,da Cunha da Praia,8,10,34.26,Entregue
20629,20/05/2024,24/05/2024,Azul Cargo,São Paulo,Costela da Mata,3,4,20.53,Entregue
25456,08/04/2024,11/04/2024,Correios,São Paulo,Pinto de Gomes,4,3,127.99,Entregue
37904,07/12/2024,11/12/2024,Azul Cargo,Salvador,Oliveira da Prata,3,4,78.99,Entregue
44061,05/09/2024,17/09/2024,Correios,Belo Horizonte,Pinto,9,12,47.7,Entregue
34669,13/03/2024,20/03/2024,Correios,São Paulo,Santos,8,7,41.65,Entregue
47084,07/02/2024,10/02/2024,Correios,Belo Horizonte,Souza,2,3,10.26,Em trânsito
35521,11/04/2024,16/04/2024,Correios,Curitiba,Rodrigues,3,5,47.53,Entregue
4310,02/09/2024,07/09/2024,Azul Cargo,Belo Horizonte,Costela de da Mota,2,5,287.15,Entregue
16285,17/04/2024,25/04/2024,Loggi,Curitiba,Pereira,5,8,147.11,Entregue
48911,14/08/2024,23/08/2024,Azul Cargo,Salvador,Cardoso,6,9,90.3,Entregue
4013,27/12/2024,31/12/2024,Correios,São Paulo,Monteiro,3,4,78.76,Entregue
62920,18/12/2024,22/12/2024,Jadlog,São Paulo,Cavalcanti da Praia,2,4,112.61,Entregue
13376,12/05/2024,22/05/2024,Azul Cargo,Salvador,Viana de Cardoso,9,10,66.33,Entregue
56442,20/05/2024,27/05/2024,Azul Cargo,Recife,Moraes,5,7,213.55,Entregue
381,03/10/2024,12/10/2024,Loggi,Salvador,Melo da Praia,7,9,264.27,Entregue
33937,01/03/2024,10/03/2024,Correios,Belo Horizonte,Rodrigues,7,9,208.52,Entregue
26134,01/02/2024,10/02/2024,Loggi,Recife,Azevedo,9,9,297.05,Entregue
38948,10/11/2024,16/11/2024,Azul Cargo,Recife,Dias de Minas,3,6,287.32,Em trânsito
29983,09/12/2024,13/12/2024,Correios,Belo Horizonte,Correia do Galho,5,4,235.72,Entregue
54709,19/04/2024,26/04/2024,Correios,Salvador,Moraes,6,7,224.85,Entregue
33821,22/07/2024,31/07/2024,Jadlog,Salvador,Aragão,10,9,121.89,Entregue
2580,17/12/2024,22/12/2024,Correios,Belo Horizonte,Dias do Sul,2,5,76.51,Entregue
38729,18/10/2024,24/10/2024,Azul Cargo,Recife,Cardoso,6,6,130.25,Entregue
1524,25/08/2024,01/09/2024,Loggi,São Paulo,Correia,7,7,203.19,Entregue
36350,12/11/2024,24/11/2024,Jadlog,São Paulo,Silva,9,12,168.92,Entregue
12359,26/11/2024,02/12/2024,Correios,Salvador,Carvalho Grande,3,6,203.4,Entregue
38405,01/01/2024,11/01/2024,Loggi,São Paulo,Melo do Sul,8,10,204.95,Entregue
49894,23/03/2024,27/03/2024,Jadlog,Belo Horizonte,Rodrigues,2,4,102.08,Entregue
25909,16/12/2024,20/12/2024,Loggi,Recife,Nogueira,2,4,204.33,Entregue
49125,07/10/2024,11/10/2024,Correios,Salvador,Nogueira de Souza,5,4,102.99,Em trânsito
22658,11/10/2024,18/10/2024,Correios,Recife,da Cunha,8,7,273.77,Entregue
36336,18/11/2024,23/11/2024,Loggi,São Paulo,Moreira do Sul,5,5,223.02,Entregue
60684,27/10/2024,30/10/2024,Jadlog,Salvador,Moreira de Araújo,3,3,114.14,Entregue
21670,06/05/2024,16/05/2024,Correios,Belo Horizonte,Oliveira,9,10,170.95,Entregue
51597,24/05/2024,31/05/2024,Jadlog,São Paulo,Cardoso de da Conceição,4,7,140.15,Entregue
51391,26/02/2024,01/03/2024,Correios,São Paulo,Monteiro,5,4,136.03,Entregue
58136,09/03/2024,17/03/2024,Correios,Belo Horizonte,Barbosa da Serra,6,8,269.68,Entregue
53735,09/04/2024,15/04/2024,Azul Cargo,Recife,Lopes,6,6,22.44,Entregue
35828,10/11/2024,15/11/2024,Loggi,Belo Horizonte,Ramos,4,5,280.07,Entregue
3305,27/01/2024,03/02/2024,Correios,Recife,Jesus,6,7,53.72,Entregue
38408,07/01/2024,10/01/2024,Azul Cargo,Salvador,Teixeira,3,3,250.83,Entregue
40789,16/05/2024,18/05/2024,Correios,Salvador,Carvalho,3,2,110.51,Entregue
45337,10/09/2024,13/09/2024,Loggi,Salvador,da Conceição Grande,2,3,170.12,Entregue
47752,13/11/2024,21/11/2024,Azul Cargo,Recife,Moura,9,8,263.26,Devolvido
15483,07/09/2024,13/09/2024,Jadlog,Belo Horizonte,Gomes da Mata,4,6,143.4,Entregue
36149,11/03/2024,24/03/2024,Loggi,São Paulo,Cardoso,10,13,244.98,Entregue
8406,12/04/2024,16/04/2024,Correios,São Paulo,Freitas do Norte,2,4,43.9,Entregue
25078,19/06/2024,27/06/2024,Correios,Recife,da Mata,6,8,262.42,Entregue
65866,27/11/2024,03/12/2024,Jadlog,Recife,da Conceição,4,6,37.6,Entregue
61226,05/02/2024,09/02/2024,Loggi,Salvador,Freitas,3,4,200.08,Entregue
24621,10/10/2024,15/10/2024,Loggi,São Paulo,Barbosa das Flores,4,5,209.41,Entregue
30799,13/02/2024,16/02/2024,Loggi,Salvador,Costa,4,3,219.27,Entregue
36639,27/06/2024,02/07/2024,Jadlog,Belo Horizonte,Ramos,2,5,71.57,Entregue
62297,05/05/2024,15/05/2024,Jadlog,Recife,Moraes do Campo,9,10,203.75,Entregue
30013,24/01/2024,28/01/2024,Loggi,Salvador,Peixoto,4,4,201.27,Entregue
62314,12/06/2024,18/06/2024,Correios,Salvador,da Paz do Amparo,4,6,67.42,Entregue
13512,03/01/2024,09/01/2024,Correios,Recife,Ramos de Fernandes,5,6,98.0,Entregue
37239,12/05/2024,20/05/2024,Loggi,São Paulo,Silveira Grande,8,8,93.06,Entregue
36593,09/04/2024,15/04/2024,Jadlog,Salvador,Freitas,7,6,298.54,Em trânsito
56367,14/11/2024,23/11/2024,Azul Cargo,Curitiba,Cardoso Alegre,8,9,21.72,Entregue
47291,06/04/2024,11/04/2024,Loggi,Curitiba,Nogueira do Norte,6,5,180.82,Entregue
27502,18/10/2024,28/10/2024,Jadlog,Belo Horizonte,Lopes,9,10,191.86,Entregue
54670,10/03/2024,18/03/2024,Correios,Curitiba,da Cruz,5,8,141.05,Entregue
65601,07/04/2024,19/04/2024,Azul Cargo,Salvador,Fernandes de Mendes,10,12,225.28,Entregue
61623,05/02/2024,11/02/2024,Jadlog,Recife,Caldeira,5,6,101.29,Entregue
28610,26/06/2024,02/07/2024,Loggi,São Paulo,Almeida do Amparo,6,6,264.89,Entregue
18755,12/04/2024,20/04/2024,Jadlog,Salvador,Rodrigues,7,8,89.8,Entregue
20551,18/01/2024,29/01/2024,Jadlog,Salvador,Azevedo,8,11,293.69,Entregue
37926,02/02/2024,10/02/2024,Jadlog,Recife,Araújo,8,8,251.5,Entregue
66632,11/10/2024,17/10/2024,Azul Cargo,São Paulo,Nascimento Grande,3,6,250.17,Entregue
9376,15/01/2024,23/01/2024,Loggi,Belo Horizonte,Ramos de Moura,6,8,64.9,Entregue
22262,07/08/2024,11/08/2024,Loggi,São Paulo,Carvalho,5,4,171.82,Entregue
7159,03/10/2024,10/10/2024,Azul Cargo,Curitiba,Pires do Amparo,5,7,222.05,Entregue
62433,27/01/2024,02/02/2024,Correios,Belo Horizonte,da Conceição de Mendes,3,6,190.51,Em trânsito
13125,21/11/2024,03/12/2024,Loggi,São Paulo,Duarte,9,12,72.1,Entregue
41694,27/08/2024,07/09/2024,Loggi,São Paulo,Oliveira Grande,9,11,167.07,Em trânsito
16344,27/08/2024,05/09/2024,Correios,Recife,Pereira,8,9,43.97,Entregue
6206,22/04/2024,28/04/2024,Loggi,Recife,Correia do Galho,6,6,31.12,Entregue
21745,06/10/2024,12/10/2024,Correios,Curitiba,Santos,5,6,297.01,Em trânsito
33199,24/04/2024,03/05/2024,Azul Cargo,São Paulo,da Rocha Grande,8,9,132.88,Entregue
15130,15/01/2024,24/01/2024,Azul Cargo,São Paulo,da Cunha,9,9,40.96,Devolvido
66859,26/12/2024,02/01/2025,Loggi,Salvador,Santos,7,7,296.07,Em trânsito
12859,19/11/2024,28/11/2024,Correios,Salvador,Fogaça do Galho,6,9,81.83,Entregue
38364,08/12/2024,13/12/2024,Correios,Belo Horizonte,Viana de Jesus,5,5,119.27,Entregue
5693,11/02/2024,20/02/2024,Azul Cargo,Curitiba,Rezende,8,9,251.36,Entregue
31440,04/10/2024,11/10/2024,Jadlog,Salvador,Almeida dos Dourados,6,7,292.75,Entregue
9846,24/09/2024,07/10/2024,Azul Cargo,Salvador,Ferreira,10,13,152.6,Entregue
45552,22/06/2024,02/07/2024,Correios,Salvador,Sales,9,10,213.29,Entregue
63211,17/04/2024,21/04/2024,Correios,Belo Horizonte,da Mata do Oeste,2,4,195.09,Entregue
29750,25/06/2024,02/07/2024,Loggi,Curitiba,Viana de Cardoso,5,7,177.81,Em trânsito
28099,02/05/2024,09/05/2024,Correios,Curitiba,da Cunha,7,7,100.68,Devolvido
15068,02/11/2024,07/11/2024,Azul Cargo,Recife,Vieira,2,5,38.6,Entregue
30647,27/09/2024,05/10/2024,Jadlog,Curitiba,Mendes,8,8,101.22,Entregue
37671,19/08/2024,22/08/2024,Loggi,Salvador,Santos,2,3,134.27,Entregue
19821,20/09/2024,26/09/2024,Correios,Belo Horizonte,Vieira,3,6,255.08,Entregue
7617,15/05/2024,25/05/2024,Loggi,São Paulo,Araújo,7,10,210.1,Entregue
63885,07/05/2024,15/05/2024,Azul Cargo,Salvador,Almeida Paulista,7,8,134.34,Entregue
63051,19/07/2024,23/07/2024,Azul Cargo,São Paulo,Pinto,3,4,135.17,Entregue
8194,08/03/2024,19/03/2024,Azul Cargo,Salvador,Pinto,10,11,210.34,Entregue
15405,11/07/2024,15/07/2024,Correios,Salvador,Mendes,3,4,198.17,Entregue
54006,02/10/2024,09/10/2024,Loggi,São Paulo,Martins,4,7,124.59,Entregue
52403,27/10/2024,03/11/2024,Azul Cargo,Salvador,Melo da Praia,7,7,116.04,Entregue
43914,09/06/2024,14/06/2024,Loggi,Belo Horizonte,Fogaça,5,5,155.27,Devolvido
29995,08/12/2024,16/12/2024,Correios,Recife,Souza,7,8,167.12,Entregue
13813,14/10/2024,22/10/2024,Jadlog,Recife,Silva,6,8,249.8,Entregue
16805,14/02/2024,24/02/2024,Loggi,Curitiba,da Luz Grande,8,10,36.86,Entregue
53758,04/06/2024,09/06/2024,Azul Cargo,São Paulo,Fernandes,3,5,42.3,Entregue
32811,28/02/2024,10/03/2024,Jadlog,São Paulo,da Cunha Alegre,9,11,207.86,Entregue
39246,14/06/2024,25/06/2024,Jadlog,Curitiba,das Neves do Oeste,8,11,16.78,Entregue
1593,06/10/2024,14/10/2024,Correios,Curitiba,Novaes dos Dourados,8,8,282.93,Entregue
21770,27/12/2024,05/01/2025,Jadlog,Belo Horizonte,Alves de Vieira,9,9,25.88,Entregue
63001,19/05/2024,25/05/2024,Correios,Salvador,Alves do Amparo,7,6,235.97,Entregue
52155,03/04/2024,15/04/2024,Jadlog,Belo Horizonte,Porto,10,12,111.74,Entregue
58716,27/09/2024,29/09/2024,Jadlog,Recife,da Mata,2,2,137.52,Entregue
10561,06/10/2024,07/10/2024,Jadlog,São Paulo,Cavalcanti Alegre,2,1,274.12,Entregue
48466,07/01/2024,17/01/2024,Correios,Curitiba,Cardoso de Caldeira,9,10,277.34,Entregue
41524,15/10/2024,24/10/2024,Correios,Salvador,Teixeira,9,9,182.87,Entregue
62322,26/07/2024,07/08/2024,Loggi,Curitiba,das Neves do Oeste,9,12,28.38,Entregue
43631,27/11/2024,03/12/2024,Correios,Belo Horizonte,Pires do Sul,6,6,208.54,Entregue
3830,17/12/2024,22/12/2024,Loggi,Recife,da Luz,2,5,160.22,Entregue
26333,15/03/2024,17/03/2024,Correios,Salvador,Gomes,2,2,132.78,Entregue
15944,16/07/2024,21/07/2024,Correios,São Paulo,Alves,6,5,274.26,Entregue
27885,27/02/2024,28/02/2024,Jadlog,São Paulo,Pinto do Galho,2,1,92.82,Entregue
45158,02/05/2024,06/05/2024,Correios,Curitiba,Correia de da Luz,5,4,252.56,Entregue
47853,25/06/2024,06/07/2024,Azul Cargo,Recife,Duarte,8,11,289.49,Entregue
38236,16/07/2024,22/07/2024,Jadlog,São Paulo,Cunha,5,6,257.31,Entregue
21526,13/10/2024,15/10/2024,Loggi,Curitiba,Lopes,3,2,294.36,Entregue
25741,24/01/2024,27/01/2024,Azul Cargo,Salvador,Aragão,4,3,126.8,Entregue
1672,06/11/2024,13/11/2024,Loggi,Curitiba,Nogueira,6,7,17.07,Entregue
15293,08/05/2024,11/05/2024,Loggi,Salvador,Cardoso,4,3,254.9,Devolvido
1058,18/03/2024,25/03/2024,Azul Cargo,Salvador,Gomes de da Costa,5,7,28.77,Entregue
5006,01/02/2024,04/02/2024,Loggi,Salvador,das Neves de Goiás,2,3,106.28,Entregue
4403,10/02/2024,21/02/2024,Azul Cargo,Recife,da Rosa,9,11,74.0,Entregue
39856,28/04/2024,09/05/2024,Jadlog,Curitiba,da Rocha,8,11,278.21,Entregue
39637,21/09/2024,01/10/2024,Jadlog,Belo Horizonte,da Mota da Praia,9,10,140.79,Em trânsito
54795,03/07/2024,10/07/2024,Correios,Belo Horizonte,Porto,4,7,294.75,Entregue
31297,28/01/2024,05/02/2024,Correios,Recife,Ribeiro,7,8,289.55,Entregue
26610,13/09/2024,19/09/2024,Correios,Belo Horizonte,Jesus,7,6,185.78,Em trânsito
6482,10/11/2024,19/11/2024,Correios,Recife,Monteiro de Minas,6,9,164.68,Entregue
18267,10/03/2024,20/03/2024,Jadlog,Belo Horizonte,da Costa das Pedras,10,10,128.0,Entregue
950,17/07/2024,23/07/2024,Azul Cargo,Belo Horizonte,Fernandes dos Dourados,3,6,104.94,Entregue
24769,26/08/2024,27/08/2024,Loggi,Curitiba,Ribeiro dos Dourados,2,1,99.06,Entregue
35108,27/10/2024,06/11/2024,Loggi,Belo Horizonte,da Conceição,7,10,11.52,Entregue
41924,11/10/2024,16/10/2024,Jadlog,Recife,Lopes,5,5,140.31,Entregue
44236,13/02/2024,22/02/2024,Loggi,Recife,Gomes do Oeste,8,9,21.67,Devolvido
17996,28/10/2024,01/11/2024,Azul Cargo,Salvador,Barbosa do Oeste,4,4,153.29,Entregue
46453,19/08/2024,22/08/2024,Correios,Recife,da Rosa,4,3,176.88,Entregue
66938,18/02/2024,25/02/2024,Loggi,Belo Horizonte,Fogaça da Praia,4,7,22.44,Entregue
9614,01/05/2024,13/05/2024,Correios,Salvador,Rezende,10,12,286.33,Entregue
56242,14/03/2024,23/03/2024,Jadlog,Recife,Monteiro de Minas,9,9,281.72,Entregue
25202,22/09/2024,02/10/2024,Jadlog,Recife,Santos dos Dourados,9,10,271.93,Entregue
57271,25/11/2024,07/12/2024,Jadlog,Salvador,Mendes de Cardoso,10,12,52.64,Entregue
57820,20/06/2024,28/06/2024,Correios,Curitiba,da Rosa do Amparo,8,8,173.94,Entregue
63877,27/05/2024,02/06/2024,Azul Cargo,São Paulo,da Luz,4,6,163.98,Entregue
64211,12/12/2024,23/12/2024,Azul Cargo,São Paulo,da Mata da Mata,9,11,205.54,Entregue
2500,05/05/2024,18/05/2024,Jadlog,Curitiba,Moreira de Lima,10,13,184.09,Entregue
18955,10/10/2024,20/10/2024,Jadlog,Recife,Novaes,7,10,292.08,Entregue
19081,10/03/2024,16/03/2024,Jadlog,Recife,Cardoso,7,6,37.94,Entregue
54353,05/09/2024,15/09/2024,Correios,São Paulo,Costela,8,10,118.52,Entregue
15360,18/06/2024,28/06/2024,Correios,Salvador,Rocha,9,10,80.78,Entregue
37818,10/06/2024,13/06/2024,Azul Cargo,Recife,Santos de da Conceição,3,3,277.84,Entregue
10277,15/04/2024,25/04/2024,Azul Cargo,Belo Horizonte,Silva de Minas,9,10,235.47,Entregue
21648,13/03/2024,21/03/2024,Jadlog,Belo Horizonte,das Neves das Flores,9,8,32.89,Entregue
39553,10/03/2024,19/03/2024,Loggi,São Paulo,da Paz de Teixeira,6,9,248.57,Devolvido
47936,17/11/2024,29/11/2024,Correios,Recife,Farias,10,12,170.15,Entregue
14478,25/03/2024,03/04/2024,Azul Cargo,Curitiba,Duarte Verde,10,9,33.34,Entregue
49136,04/11/2024,08/11/2024,Jadlog,São Paulo,da Mata,3,4,99.98,Entregue
42585,07/06/2024,11/06/2024,Azul Cargo,Salvador,Rocha,3,4,152.0,Entregue
39956,17/06/2024,21/06/2024,Azul Cargo,Salvador,Nogueira de Souza,3,4,250.33,Entregue
26080,11/10/2024,16/10/2024,Correios,Recife,Moraes do Campo,2,5,79.22,Entregue
46335,16/01/2024,20/01/2024,Jadlog,São Paulo,Campos Paulista,4,4,194.85,Entregue
10022,20/09/2024,29/09/2024,Correios,Recife,Correia do Oeste,10,9,221.4,Entregue
46401,22/05/2024,30/05/2024,Loggi,Recife,Costa,6,8,24.33,Entregue
17396,04/08/2024,14/08/2024,Loggi,Recife,Alves do Galho,7,10,255.87,Entregue
56021,03/12/2024,10/12/2024,Jadlog,Curitiba,Freitas de Moraes,4,7,205.81,Entregue
41809,06/03/2024,14/03/2024,Loggi,São Paulo,Porto,8,8,296.1,Devolvido
43547,01/08/2024,08/08/2024,Correios,Belo Horizonte,Cunha,8,7,35.55,Entregue
19804,09/08/2024,19/08/2024,Azul Cargo,São Paulo,Vieira do Sul,7,10,282.88,Devolvido
22711,28/03/2024,04/04/2024,Azul Cargo,Salvador,Lima,4,7,257.36,Entregue
61983,16/09/2024,17/09/2024,Jadlog,São Paulo,Oliveira Grande,2,1,170.95,Entregue
11717,26/05/2024,04/06/2024,Loggi,Belo Horizonte,Pires,7,9,191.61,Entregue
27024,19/07/2024,30/07/2024,Correios,Curitiba,Ramos,8,11,163.29,Em trânsito
19891,01/01/2024,11/01/2024,Azul Cargo,Belo Horizonte,Fogaça do Norte,9,10,187.15,Entregue
44051,19/09/2024,23/09/2024,Loggi,Salvador,Ribeiro,4,4,162.35,Entregue
39345,10/01/2024,13/01/2024,Correios,Curitiba,da Mota,3,3,37.66,Entregue
36708,24/12/2024,02/01/2025,Azul Cargo,Curitiba,Pires do Norte,9,9,212.01,Entregue
9857,10/10/2024,20/10/2024,Jadlog,Salvador,Fogaça,10,10,191.21,Em trânsito
55375,13/11/2024,22/11/2024,Correios,Curitiba,da Rosa,9,9,297.23,Entregue
43669,07/12/2024,10/12/2024,Jadlog,Recife,Nogueira,4,3,200.95,Em trânsito
63027,11/06/2024,16/06/2024,Correios,Salvador,Nascimento Grande,5,5,100.22,Entregue
10309,12/06/2024,22/06/2024,Azul Cargo,Salvador,da Luz,8,10,70.07,Entregue
32135,14/10/2024,22/10/2024,Jadlog,Belo Horizonte,Novaes,8,8,24.26,Entregue
54758,17/06/2024,23/06/2024,Loggi,Curitiba,Gomes,4,6,147.22,Entregue
20835,16/06/2024,25/06/2024,Azul Cargo,Curitiba,Costela,7,9,119.75,Entregue
17213,26/08/2024,03/09/2024,Azul Cargo,Belo Horizonte,Santos,7,8,281.39,Entregue
55538,05/09/2024,09/09/2024,Correios,Salvador,Rodrigues de Cavalcanti,3,4,178.12,Entregue
33111,18/09/2024,24/09/2024,Jadlog,São Paulo,Nunes,4,6,89.49,Entregue
19479,01/11/2024,07/11/2024,Jadlog,Recife,Nascimento,3,6,136.49,Entregue
33461,09/04/2024,21/04/2024,Jadlog,Salvador,Cavalcanti do Sul,10,12,246.92,Em trânsito
19608,11/07/2024,14/07/2024,Jadlog,Curitiba,Castro de da Rosa,2,3,131.07,Entregue
6035,02/11/2024,09/11/2024,Loggi,São Paulo,da Conceição de Campos,6,7,157.25,Entregue
44525,26/10/2024,31/10/2024,Correios,São Paulo,da Luz do Galho,2,5,232.86,Em trânsito
41469,18/09/2024,27/09/2024,Jadlog,Belo Horizonte,Jesus,10,9,141.58,Entregue
11755,25/07/2024,30/07/2024,Jadlog,São Paulo,Lopes das Pedras,6,5,23.02,Entregue
62814,24/09/2024,02/10/2024,Azul Cargo,Salvador,Farias do Galho,6,8,77.82,Entregue
16843,25/06/2024,02/07/2024,Jadlog,Curitiba,Nogueira do Norte,4,7,108.59,Entregue
13014,15/05/2024,21/05/2024,Loggi,Salvador,Aragão,6,6,15.63,Entregue
6530,10/12/2024,15/12/2024,Correios,Salvador,Cardoso de Pires,3,5,122.0,Entregue
59520,03/09/2024,13/09/2024,Correios,Curitiba,Freitas Verde,8,10,11.16,Devolvido
64995,01/01/2024,07/01/2024,Jadlog,Curitiba,Fogaça,6,6,299.68,Entregue
58664,21/07/2024,03/08/2024,Loggi,São Paulo,Santos da Mata,10,13,127.56,Entregue
55,18/02/2024,26/02/2024,Jadlog,São Paulo,Barbosa,9,8,285.82,Entregue
55960,05/11/2024,15/11/2024,Correios,Salvador,Pereira,9,10,123.3,Entregue
12163,06/10/2024,13/10/2024,Jadlog,São Paulo,Monteiro,8,7,134.44,Entregue
42672,22/09/2024,01/10/2024,Loggi,São Paulo,Farias,7,9,182.4,Entregue
3868,11/02/2024,17/02/2024,Azul Cargo,Curitiba,Campos,3,6,23.28,Entregue
63289,24/09/2024,01/10/2024,Loggi,Salvador,Azevedo,7,7,91.59,Entregue
52981,24/11/2024,29/11/2024,Azul Cargo,Curitiba,Melo,4,5,240.2,Entregue
21971,25/01/2024,02/02/2024,Correios,São Paulo,Farias,9,8,11.88,Em trânsito
61679,14/05/2024,18/05/2024,Correios,Belo Horizonte,Pereira,2,4,237.25,Entregue
30488,25/04/2024,30/04/2024,Jadlog,Curitiba,da Rocha do Norte,5,5,256.94,Entregue
42804,24/01/2024,01/02/2024,Correios,Recife,da Rosa,6,8,279.63,Entregue
64026,04/08/2024,11/08/2024,Loggi,Recife,Ferreira de Barbosa,6,7,254.67,Entregue
46854,14/10/2024,18/10/2024,Azul Cargo,Salvador,Silva,5,4,141.26,Entregue
29330,13/10/2024,15/10/2024,Loggi,Belo Horizonte,Rezende de Rezende,3,2,136.37,Entregue
40199,01/01/2024,02/01/2024,Loggi,Salvador,Novaes,2,1,98.31,Entregue
34948,12/12/2024,18/12/2024,Azul Cargo,Curitiba,Farias,6,6,123.61,Entregue
9299,26/08/2024,29/08/2024,Jadlog,Belo Horizonte,Alves de Vieira,3,3,211.72,Entregue
38771,02/12/2024,08/12/2024,Jadlog,São Paulo,Rodrigues,7,6,42.84,Entregue
31714,10/11/2024,19/11/2024,Loggi,Recife,da Rosa,8,9,246.93,Entregue
39968,10/07/2024,16/07/2024,Azul Cargo,Salvador,Dias,7,6,130.23,Entregue
1054,16/02/2024,29/02/2024,Loggi,Belo Horizonte,Lopes,10,13,131.5,Entregue
41464,10/09/2024,16/09/2024,Loggi,Belo Horizonte,da Rocha da Serra,3,6,121.04,Entregue
56042,13/01/2024,21/01/2024,Loggi,São Paulo,Silveira de Novaes,6,8,118.29,Entregue
42867,03/06/2024,05/06/2024,Jadlog,São Paulo,Araújo,3,2,283.35,Entregue
33525,10/07/2024,20/07/2024,Azul Cargo,São Paulo,Costa,9,10,121.05,Entregue
11766,19/08/2024,23/08/2024,Jadlog,São Paulo,Silveira de Novaes,5,4,175.44,Em trânsito
39870,10/05/2024,12/05/2024,Jadlog,Belo Horizonte,da Rocha Grande,3,2,28.5,Entregue
8491,21/08/2024,29/08/2024,Jadlog,Curitiba,Santos,7,8,227.94,Entregue
25719,12/12/2024,18/12/2024,Correios,Belo Horizonte,Fernandes do Galho,4,6,220.25,Entregue
40682,21/11/2024,27/11/2024,Azul Cargo,Recife,Freitas de Rezende,6,6,164.62,Entregue
45456,28/12/2024,05/01/2025,Loggi,Recife,Nunes,6,8,216.28,Entregue
5074,11/03/2024,18/03/2024,Correios,Recife,da Rocha do Sul,4,7,165.98,Entregue
22002,10/03/2024,18/03/2024,Correios,Recife,Moraes,8,8,53.73,Entregue
62833,26/10/2024,01/11/2024,Loggi,Curitiba,Rezende,3,6,209.75,Em trânsito
13696,19/03/2024,26/03/2024,Azul Cargo,Belo Horizonte,Rodrigues de Araújo,4,7,47.07,Em trânsito
540,11/05/2024,22/05/2024,Loggi,Salvador,da Cunha,10,11,127.25,Entregue
13973,23/07/2024,01/08/2024,Correios,São Paulo,Rocha,7,9,104.49,Entregue
63402,22/04/2024,25/04/2024,Azul Cargo,Salvador,Mendes,2,3,286.45,Entregue
33859,10/10/2024,22/10/2024,Azul Cargo,São Paulo,Santos Grande,9,12,275.69,Entregue
46228,18/10/2024,30/10/2024,Loggi,Curitiba,Alves,10,12,88.02,Entregue
37855,20/09/2024,24/09/2024,Jadlog,São Paulo,Rezende de Rezende,2,4,52.64,Entregue
28579,07/05/2024,14/05/2024,Loggi,Curitiba,Cardoso,4,7,119.44,Entregue
345,22/09/2024,26/09/2024,Correios,São Paulo,Fogaça do Norte,3,4,93.19,Entregue
30529,18/05/2024,22/05/2024,Correios,Recife,Peixoto,2,4,272.97,Entregue
33566,03/08/2024,09/08/2024,Azul Cargo,Salvador,Silveira Grande,5,6,269.39,Entregue
27850,23/12/2024,28/12/2024,Correios,Salvador,Silva do Sul,4,5,293.43,Entregue
26878,16/09/2024,20/09/2024,Azul Cargo,Curitiba,Moura,2,4,150.87,Entregue
47908,14/10/2024,27/10/2024,Azul Cargo,Salvador,Fernandes de Campos,10,13,278.94,Entregue
65134,28/05/2024,02/06/2024,Loggi,Salvador,Peixoto do Norte,5,5,119.41,Entregue
52765,03/08/2024,09/08/2024,Loggi,Salvador,Dias,5,6,183.21,Em trânsito
50612,01/12/2024,09/12/2024,Jadlog,Salvador,Pires do Amparo,5,8,47.65,Entregue
5253,13/08/2024,23/08/2024,Loggi,Recife,Martins,7,10,218.35,Entregue
34904,03/08/2024,09/08/2024,Azul Cargo,São Paulo,Cardoso de da Conceição,7,6,245.32,Entregue
9732,24/01/2024,26/01/2024,Jadlog,Salvador,Santos da Prata,3,2,83.23,Entregue
18601,03/10/2024,11/10/2024,Loggi,Salvador,Costela do Sul,6,8,258.05,Entregue
8796,23/04/2024,03/05/2024,Jadlog,Salvador,Aragão,9,10,17.03,Entregue
41127,17/02/2024,01/03/2024,Correios,Salvador,Monteiro,10,13,90.73,Entregue
28383,28/11/2024,02/12/2024,Jadlog,São Paulo,da Cunha da Praia,2,4,47.37,Entregue
39014,09/03/2024,10/03/2024,Jadlog,Belo Horizonte,Freitas,2,1,88.71,Entregue
65014,23/02/2024,04/03/2024,Loggi,Curitiba,Correia de da Luz,10,10,53.57,Entregue
61167,22/11/2024,28/11/2024,Correios,Curitiba,Oliveira da Prata,5,6,120.88,Entregue
58195,26/07/2024,31/07/2024,Correios,Recife,Araújo,3,5,49.18,Entregue
21350,23/06/2024,01/07/2024,Correios,Recife,Cunha,6,8,15.99,Entregue
64060,23/09/2024,04/10/2024,Azul Cargo,Curitiba,Santos,9,11,281.24,Entregue
55384,13/11/2024,23/11/2024,Loggi,São Paulo,Lima,9,10,181.25,Entregue
39445,03/08/2024,12/08/2024,Azul Cargo,Belo Horizonte,Cardoso,9,9,193.19,Em trânsito
30183,02/01/2024,13/01/2024,Azul Cargo,Curitiba,da Luz,9,11,172.58,Entregue
43097,08/09/2024,12/09/2024,Azul Cargo,São Paulo,Ramos,5,4,206.1,Entregue
30725,27/12/2024,04/01/2025,Jadlog,Recife,da Mota Grande,6,8,136.72,Entregue
35433,14/02/2024,23/02/2024,Correios,Recife,Pinto,7,9,39.59,Entregue
20525,16/10/2024,22/10/2024,Azul Cargo,Belo Horizonte,Moraes,5,6,203.82,Entregue
43343,15/01/2024,25/01/2024,Azul Cargo,Curitiba,Ramos do Campo,7,10,155.49,Entregue
25230,17/10/2024,23/10/2024,Loggi,Salvador,Rezende,6,6,36.98,Entregue
25774,03/04/2024,15/04/2024,Jadlog,Salvador,Moura,9,12,55.37,Entregue
7344,14/10/2024,18/10/2024,Correios,Recife,Vieira de da Luz,2,4,22.68,Entregue
6996,14/12/2024,20/12/2024,Jadlog,São Paulo,da Cunha,7,6,200.14,Entregue
30475,01/04/2024,04/04/2024,Loggi,Curitiba,da Cunha da Praia,4,3,296.08,Entregue
62239,19/01/2024,23/01/2024,Loggi,Curitiba,Rezende dos Dourados,2,4,52.29,Entregue
53217,12/04/2024,15/04/2024,Jadlog,Salvador,da Mata de Rocha,3,3,52.32,Entregue
24085,21/12/2024,26/12/2024,Azul Cargo,Recife,Teixeira Paulista,2,5,103.73,Entregue
29104,07/09/2024,18/09/2024,Azul Cargo,Belo Horizonte,Aragão,9,11,287.35,Entregue
39041,15/05/2024,18/05/2024,Correios,Curitiba,Farias,4,3,144.79,Em trânsito
49949,07/07/2024,12/07/2024,Jadlog,Recife,da Costa,4,5,228.34,Entregue
27790,03/09/2024,16/09/2024,Azul Cargo,Belo Horizonte,Pinto,10,13,289.82,Entregue
22176,11/02/2024,16/02/2024,Azul Cargo,Curitiba,Oliveira Grande,3,5,244.24,Entregue
37507,13/09/2024,17/09/2024,Correios,São Paulo,Azevedo,5,4,290.73,Entregue
11821,15/12/2024,26/12/2024,Loggi,Belo Horizonte,Martins,10,11,78.34,Entregue
11539,22/04/2024,02/05/2024,Correios,Recife,Monteiro,7,10,51.91,Entregue
45582,10/08/2024,19/08/2024,Correios,Curitiba,Silva,10,9,15.57,Devolvido
8052,16/08/2024,23/08/2024,Correios,Salvador,Dias,7,7,11.58,Entregue
19453,07/10/2024,11/10/2024,Correios,Belo Horizonte,da Rocha de da Luz,5,4,138.37,Entregue
26248,11/09/2024,15/09/2024,Jadlog,Curitiba,Ferreira de Barbosa,2,4,115.9,Entregue
56336,08/09/2024,13/09/2024,Azul Cargo,São Paulo,da Mata,3,5,296.88,Entregue
43058,04/07/2024,11/07/2024,Azul Cargo,Recife,Castro do Galho,8,7,272.42,Entregue
26382,18/06/2024,22/06/2024,Correios,Recife,Ferreira,4,4,125.37,Entregue
22572,28/05/2024,07/06/2024,Jadlog,Belo Horizonte,Freitas,10,10,296.57,Entregue
44382,23/12/2024,29/12/2024,Azul Cargo,Belo Horizonte,Santos,7,6,101.98,Entregue
62749,01/08/2024,05/08/2024,Correios,Belo Horizonte,Dias,2,4,209.05,Entregue
24897,03/02/2024,09/02/2024,Loggi,Recife,Moraes,7,6,105.48,Entregue
3223,06/08/2024,12/08/2024,Azul Cargo,Belo Horizonte,Rocha,4,6,13.85,Entregue
43091,07/09/2024,16/09/2024,Jadlog,Curitiba,Nunes,9,9,279.74,Entregue
12155,12/10/2024,19/10/2024,Loggi,Curitiba,Costa,7,7,271.14,Entregue
24991,24/04/2024,04/05/2024,Correios,Recife,Farias de Rezende,8,10,237.65,Entregue
20808,05/05/2024,06/05/2024,Azul Cargo,Recife,Nascimento dos Dourados,2,1,102.2,Entregue
22003,02/03/2024,08/03/2024,Loggi,Curitiba,Campos,4,6,119.67,Entregue
62614,20/05/2024,27/05/2024,Jadlog,Curitiba,Santos,6,7,79.95,Entregue
54225,16/12/2024,23/12/2024,Azul Cargo,Recife,da Luz de Moura,5,7,296.88,Entregue
20316,18/11/2024,01/12/2024,Azul Cargo,Belo Horizonte,Barros,10,13,80.28,Em trânsito
43534,14/08/2024,21/08/2024,Jadlog,Belo Horizonte,Azevedo,4,7,159.48,Entregue
54520,15/08/2024,26/08/2024,Loggi,São Paulo,Monteiro,8,11,137.54,Entregue
5611,04/09/2024,09/09/2024,Loggi,Belo Horizonte,Rodrigues de Araújo,2,5,63.32,Entregue
65620,22/05/2024,31/05/2024,Jadlog,Curitiba,Ramos,10,9,144.98,Entregue
64471,14/05/2024,19/05/2024,Loggi,São Paulo,da Rosa,6,5,262.94,Entregue
4149,20/09/2024,24/09/2024,Azul Cargo,Belo Horizonte,Teixeira,5,4,210.36,Entregue
47429,02/01/2024,14/01/2024,Loggi,São Paulo,Almeida,9,12,194.44,Entregue
17725,09/04/2024,17/04/2024,Azul Cargo,Belo Horizonte,Teixeira Paulista,8,8,154.34,Em trânsito
18861,07/07/2024,17/07/2024,Loggi,Curitiba,Costela,9,10,187.93,Entregue
44163,26/11/2024,05/12/2024,Correios,Salvador,Farias do Galho,8,9,221.94,Entregue
31152,28/03/2024,03/04/2024,Correios,Salvador,Lima,6,6,139.31,Entregue
62578,12/04/2024,14/04/2024,Jadlog,São Paulo,das Neves,2,2,25.61,Entregue
28684,22/07/2024,24/07/2024,Jadlog,Recife,Rezende,2,2,161.12,Entregue
10254,21/02/2024,01/03/2024,Loggi,Belo Horizonte,Ferreira,10,9,112.77,Entregue
3907,25/05/2024,05/06/2024,Loggi,Recife,Viana de Jesus,10,11,115.37,Entregue
10584,14/12/2024,16/12/2024,Jadlog,Recife,Nogueira do Campo,2,2,132.42,Entregue
64157,07/11/2024,16/11/2024,Jadlog,Salvador,Nascimento dos Dourados,7,9,209.05,Entregue
7183,13/12/2024,15/12/2024,Loggi,Salvador,Ferreira de Duarte,2,2,190.35,Entregue
63178,17/03/2024,19/03/2024,Jadlog,Belo Horizonte,Araújo de Goiás,2,2,213.88,Entregue
25462,23/04/2024,02/05/2024,Azul Cargo,Belo Horizonte,Rocha,8,9,24.44,Entregue
40422,14/02/2024,23/02/2024,Correios,Salvador,Sales,7,9,91.66,Entregue
7135,17/09/2024,26/09/2024,Loggi,Curitiba,Duarte,7,9,166.97,Em trânsito
55599,11/01/2024,16/01/2024,Correios,Curitiba,Duarte,5,5,262.13,Entregue
57299,07/01/2024,14/01/2024,Correios,Curitiba,da Rosa de Lima,7,7,296.3,Entregue
57283,28/12/2024,04/01/2025,Azul Cargo,Belo Horizonte,Barbosa das Flores,4,7,223.85,Entregue
47073,08/01/2024,13/01/2024,Jadlog,Belo Horizonte,Costa,5,5,136.84,Entregue
2139,26/09/2024,01/10/2024,Correios,Recife,Pires da Prata,6,5,291.26,Entregue
51771,28/04/2024,06/05/2024,Correios,Salvador,Melo do Sul,7,8,102.3,Entregue
66395,11/11/2024,20/11/2024,Loggi,Belo Horizonte,Pires de Moura,7,9,112.2,Entregue
30468,06/04/2024,16/04/2024,Loggi,Belo Horizonte,Nascimento,8,10,116.02,Entregue
3864,20/02/2024,27/02/2024,Correios,Curitiba,da Rosa,8,7,27.4,Entregue
14055,27/12/2024,09/01/2025,Loggi,Belo Horizonte,Lima,10,13,260.71,Entregue
11479,25/01/2024,03/02/2024,Jadlog,Salvador,Aragão,7,9,138.04,Entregue
1521,19/08/2024,25/08/2024,Correios,Salvador,Jesus Paulista,7,6,205.76,Entregue
47601,19/01/2024,24/01/2024,Loggi,São Paulo,Duarte,6,5,251.87,Entregue
23070,18/01/2024,23/01/2024,Azul Cargo,Salvador,da Cruz,4,5,244.21,Entregue
38489,12/07/2024,14/07/2024,Jadlog,São Paulo,da Conceição da Mata,3,2,183.69,Devolvido
55184,27/01/2024,01/02/2024,Azul Cargo,Recife,Moreira de Fogaça,3,5,285.97,Entregue
59648,08/07/2024,17/07/2024,Azul Cargo,Belo Horizonte,Oliveira,9,9,186.62,Entregue
55463,24/05/2024,02/06/2024,Loggi,Recife,Cardoso,10,9,135.41,Entregue
40232,26/03/2024,04/04/2024,Correios,Recife,Mendes,9,9,258.76,Devolvido
47536,28/08/2024,30/08/2024,Correios,Belo Horizonte,Oliveira da Prata,2,2,233.24,Entregue
64801,28/02/2024,10/03/2024,Correios,Recife,Ramos de Nogueira,8,11,151.82,Entregue
39978,14/07/2024,24/07/2024,Correios,Salvador,Fernandes das Flores,10,10,257.43,Entregue
29200,13/02/2024,22/02/2024,Jadlog,Salvador,da Mata,10,9,145.72,Entregue
32530,25/07/2024,02/08/2024,Correios,Curitiba,Jesus Paulista,5,8,290.51,Entregue
30320,23/10/2024,24/10/2024,Correios,Recife,da Paz do Sul,2,1,293.41,Entregue
4087,14/05/2024,25/05/2024,Jadlog,Recife,Cavalcanti do Sul,9,11,238.09,Entregue
65921,19/12/2024,24/12/2024,Azul Cargo,Salvador,Souza,3,5,68.74,Entregue
25485,25/05/2024,31/05/2024,Azul Cargo,Curitiba,Barbosa das Flores,3,6,273.8,Entregue
55495,20/07/2024,21/07/2024,Jadlog,Belo Horizonte,Silveira Grande,2,1,106.53,Entregue
1297,12/03/2024,19/03/2024,Jadlog,Belo Horizonte,Cardoso,6,7,284.86,Entregue
20371,03/12/2024,13/12/2024,Correios,São Paulo,Pires,10,10,71.77,Entregue
46887,18/12/2024,22/12/2024,Correios,Salvador,Melo,2,4,178.99,Entregue
16934,18/12/2024,28/12/2024,Correios,Salvador,Souza,10,10,147.02,Entregue
44627,13/04/2024,14/04/2024,Jadlog,Curitiba,Caldeira dos Dourados,2,1,257.45,Entregue
57597,02/03/2024,13/03/2024,Loggi,Recife,Ramos,10,11,30.7,Entregue
24778,13/08/2024,15/08/2024,Azul Cargo,São Paulo,Barbosa,3,2,268.28,Entregue
19445,08/09/2024,14/09/2024,Azul Cargo,São Paulo,da Rocha Grande,6,6,295.64,Entregue
24007,04/08/2024,16/08/2024,Azul Cargo,Belo Horizonte,Pires da Prata,10,12,230.75,Entregue
61398,27/12/2024,06/01/2025,Jadlog,São Paulo,Rocha,10,10,94.53,Em trânsito
23323,23/07/2024,02/08/2024,Correios,Salvador,Moraes,9,10,100.52,Entregue
28560,18/04/2024,26/04/2024,Azul Cargo,Belo Horizonte,da Rosa,9,8,280.34,Em trânsito
47947,07/12/2024,16/12/2024,Azul Cargo,Belo Horizonte,Castro do Campo,10,9,25.84,Entregue
26305,19/01/2024,25/01/2024,Azul Cargo,Curitiba,Melo,7,6,218.35,Entregue
4092,21/05/2024,26/05/2024,Azul Cargo,Belo Horizonte,da Rosa de Duarte,4,5,118.96,Entregue
33642,11/10/2024,17/10/2024,Loggi,Recife,Alves do Galho,6,6,72.22,Entregue
22810,15/10/2024,21/10/2024,Correios,Recife,Vieira,5,6,244.41,Entregue
57980,27/05/2024,30/05/2024,Correios,Belo Horizonte,da Luz dos Dourados,2,3,40.56,Em trânsito
28090,09/04/2024,12/04/2024,Correios,São Paulo,da Costa de Cardoso,3,3,11.85,Entregue
20741,10/12/2024,16/12/2024,Correios,São Paulo,Carvalho,5,6,226.1,Entregue
48034,14/02/2024,22/02/2024,Correios,São Paulo,Mendes,7,8,175.54,Entregue
35571,19/05/2024,26/05/2024,Azul Cargo,Curitiba,Duarte,8,7,246.93,Entregue
28919,11/12/2024,12/12/2024,Correios,Recife,Fogaça da Praia,2,1,215.48,Devolvido
3695,15/08/2024,23/08/2024,Azul Cargo,Curitiba,Ferreira,9,8,17.66,Entregue
65490,21/01/2024,30/01/2024,Correios,Belo Horizonte,Aragão de Cardoso,8,9,209.45,Em trânsito
2061,12/06/2024,15/06/2024,Azul Cargo,Belo Horizonte,Costela da Mata,2,3,299.65,Entregue
12419,14/03/2024,22/03/2024,Azul Cargo,São Paulo,Silveira de Novaes,5,8,59.77,Entregue
30479,04/04/2024,17/04/2024,Loggi,Recife,Pereira,10,13,24.99,Em trânsito
4326,23/10/2024,30/10/2024,Jadlog,Curitiba,Lopes,5,7,15.5,Entregue
48720,02/07/2024,05/07/2024,Loggi,Curitiba,Azevedo,2,3,154.03,Entregue
21380,01/07/2024,07/07/2024,Loggi,Curitiba,Caldeira dos Dourados,7,6,224.02,Entregue
9469,21/08/2024,29/08/2024,Jadlog,São Paulo,Moreira de Goiás,8,8,152.0,Entregue
33201,04/04/2024,14/04/2024,Loggi,Belo Horizonte,Azevedo,9,10,230.82,Entregue
24791,16/09/2024,20/09/2024,Correios,Curitiba,Dias do Oeste,2,4,238.7,Entregue
38769,20/12/2024,29/12/2024,Azul Cargo,Salvador,da Mota,9,9,174.4,Entregue
35871,05/12/2024,12/12/2024,Jadlog,Belo Horizonte,Ramos,8,7,153.74,Entregue
5976,18/08/2024,24/08/2024,Jadlog,Salvador,Vieira,6,6,114.68,Entregue
2047,11/05/2024,13/05/2024,Azul Cargo,Curitiba,Ribeiro de Cunha,3,2,154.0,Entregue
45124,20/05/2024,31/05/2024,Azul Cargo,São Paulo,Moreira,8,11,95.66,Entregue
62144,03/07/2024,10/07/2024,Jadlog,Belo Horizonte,Pereira,7,7,206.63,Entregue
31516,20/02/2024,28/02/2024,Jadlog,São Paulo,Carvalho,9,8,278.82,Entregue
44115,08/10/2024,13/10/2024,Correios,São Paulo,Viana,2,5,198.1,Entregue
66781,24/07/2024,28/07/2024,Loggi,Curitiba,Rodrigues do Sul,5,4,149.28,Entregue
11210,19/10/2024,25/10/2024,Loggi,Belo Horizonte,Nascimento da Prata,3,6,223.11,Entregue
52445,09/12/2024,16/12/2024,Azul Cargo,Curitiba,Santos da Mata,4,7,67.89,Entregue
55616,02/02/2024,08/02/2024,Loggi,Belo Horizonte,Melo,3,6,268.75,Entregue
56726,21/11/2024,28/11/2024,Azul Cargo,Recife,Melo,5,7,261.1,Entregue
6703,02/07/2024,07/07/2024,Azul Cargo,Belo Horizonte,da Mata,2,5,131.47,Entregue
6527,24/12/2024,01/01/2025,Correios,Recife,da Mata,7,8,236.91,Entregue
34437,07/11/2024,14/11/2024,Jadlog,Recife,Duarte,8,7,50.41,Entregue
64914,27/10/2024,04/11/2024,Azul Cargo,Curitiba,Ramos,7,8,37.64,Entregue
17438,08/11/2024,10/11/2024,Jadlog,São Paulo,da Costa de Cardoso,2,2,294.82,Entregue
19653,23/10/2024,25/10/2024,Correios,Curitiba,Lima,2,2,169.56,Em trânsito
53523,06/02/2024,10/02/2024,Correios,Belo Horizonte,Melo,3,4,236.35,Entregue
65394,09/11/2024,14/11/2024,Jadlog,Curitiba,Aragão,3,5,214.31,Entregue
34407,09/10/2024,16/10/2024,Correios,Curitiba,Vieira,7,7,65.55,Entregue
23714,20/12/2024,28/12/2024,Correios,Belo Horizonte,Melo das Pedras,6,8,131.14,Entregue
3805,01/12/2024,09/12/2024,Jadlog,Curitiba,da Cunha,9,8,95.28,Entregue
37001,01/05/2024,06/05/2024,Jadlog,Belo Horizonte,Campos,5,5,39.2,Entregue
44007,23/08/2024,31/08/2024,Azul Cargo,Salvador,Rezende de Rezende,8,8,241.25,Entregue
58494,15/02/2024,23/02/2024,Jadlog,Belo Horizonte,da Costa de Cardoso,6,8,101.07,Em trânsito
24685,21/02/2024,01/03/2024,Azul Cargo,Salvador,Farias,6,9,257.52,Entregue
21093,05/10/2024,12/10/2024,Jadlog,Curitiba,Carvalho da Praia,5,7,139.26,Entregue
60860,21/05/2024,02/06/2024,Jadlog,Recife,Gonçalves,9,12,229.5,Em trânsito
47063,27/12/2024,04/01/2025,Loggi,Belo Horizonte,Jesus de Freitas,9,8,178.21,Entregue
47756,05/12/2024,18/12/2024,Loggi,Salvador,Cardoso,10,13,215.44,Entregue
16626,13/02/2024,21/02/2024,Correios,Belo Horizonte,da Mota,8,8,241.38,Entregue
65509,05/02/2024,14/02/2024,Jadlog,Curitiba,Mendes,8,9,104.37,Entregue
33796,01/06/2024,02/06/2024,Azul Cargo,Curitiba,Sales de Fogaça,2,1,56.16,Em trânsito
64319,16/06/2024,23/06/2024,Azul Cargo,Belo Horizonte,Freitas,5,7,135.85,Entregue
55233,14/03/2024,20/03/2024,Jadlog,Belo Horizonte,Moraes Verde,6,6,266.32,Entregue
19803,17/08/2024,27/08/2024,Correios,Salvador,Peixoto de Santos,8,10,296.7,Entregue
62967,15/02/2024,24/02/2024,Correios,São Paulo,Pereira,7,9,270.04,Entregue
8531,23/10/2024,26/10/2024,Correios,São Paulo,Santos,2,3,211.2,Entregue
67175,28/08/2024,06/09/2024,Correios,Salvador,Silva de Moura,6,9,160.94,Entregue
30863,09/05/2024,11/05/2024,Azul Cargo,Belo Horizonte,Peixoto dos Dourados,2,2,212.47,Devolvido
29184,26/01/2024,28/01/2024,Azul Cargo,Recife,das Neves de Goiás,2,2,68.99,Entregue
64920,08/10/2024,13/10/2024,Jadlog,Recife,da Rocha de da Luz,4,5,188.22,Devolvido
64535,19/08/2024,27/08/2024,Loggi,São Paulo,da Cunha do Campo,5,8,143.72,Entregue
4163,25/10/2024,31/10/2024,Jadlog,Salvador,da Conceição de Campos,5,6,195.16,Entregue
64275,28/03/2024,06/04/2024,Jadlog,São Paulo,Campos,9,9,49.65,Entregue
3649,14/06/2024,23/06/2024,Correios,São Paulo,Duarte Verde,10,9,60.31,Entregue
3314,27/02/2024,04/03/2024,Correios,Belo Horizonte,Aragão,4,6,229.64,Entregue
19102,06/04/2024,11/04/2024,Correios,São Paulo,Castro da Praia,3,5,272.53,Entregue
840,28/12/2024,01/01/2025,Jadlog,Recife,Peixoto dos Dourados,5,4,199.49,Entregue
41986,13/02/2024,15/02/2024,Azul Cargo,Belo Horizonte,da Costa,3,2,169.44,Entregue
3886,22/03/2024,27/03/2024,Correios,Recife,Farias,4,5,278.63,Entregue
15720,01/06/2024,10/06/2024,Loggi,São Paulo,Farias do Galho,6,9,185.03,Entregue
49024,13/03/2024,22/03/2024,Jadlog,Salvador,da Paz de Almeida,8,9,15.44,Entregue
14226,02/11/2024,11/11/2024,Azul Cargo,Curitiba,da Mota das Pedras,7,9,178.76,Entregue
16890,28/10/2024,05/11/2024,Loggi,Recife,Araújo,6,8,137.58,Entregue
26224,10/08/2024,18/08/2024,Loggi,Recife,Ribeiro,6,8,200.28,Entregue
24294,11/02/2024,12/02/2024,Correios,Salvador,Martins,2,1,189.04,Entregue
18620,08/11/2024,11/11/2024,Loggi,Curitiba,Barbosa,2,3,188.77,Entregue
20341,05/12/2024,11/12/2024,Correios,São Paulo,Cardoso,4,6,76.92,Entregue
13374,22/05/2024,27/05/2024,Loggi,São Paulo,Costa,5,5,254.66,Entregue
3041,09/06/2024,14/06/2024,Loggi,Salvador,Lima,5,5,116.86,Entregue
44973,01/01/2024,04/01/2024,Loggi,São Paulo,Aragão,4,3,143.62,Entregue
25142,12/08/2024,21/08/2024,Azul Cargo,Belo Horizonte,Barbosa da Serra,7,9,82.41,Entregue
54101,28/04/2024,10/05/2024,Correios,Belo Horizonte,Jesus,9,12,195.25,Entregue
262,11/07/2024,20/07/2024,Jadlog,Salvador,Dias,7,9,137.89,Entregue
49891,08/03/2024,15/03/2024,Correios,Recife,Lima,7,7,216.15,Entregue
58803,20/11/2024,29/11/2024,Loggi,Recife,Pires,10,9,85.14,Entregue
81,11/02/2024,16/02/2024,Jadlog,São Paulo,Nunes,3,5,235.45,Entregue
35217,01/04/2024,12/04/2024,Jadlog,Recife,da Mata da Mata,8,11,41.19,Entregue
31421,24/09/2024,05/10/2024,Jadlog,Curitiba,Carvalho Grande,8,11,202.3,Entregue
10075,18/12/2024,27/12/2024,Jadlog,Belo Horizonte,Farias da Mata,6,9,18.11,Em trânsito
65530,19/02/2024,25/02/2024,Jadlog,Belo Horizonte,Oliveira,7,6,164.35,Entregue
2642,17/04/2024,26/04/2024,Jadlog,Recife,Campos,10,9,248.81,Entregue
10895,16/03/2024,24/03/2024,Loggi,Belo Horizonte,da Costa da Praia,5,8,151.46,Entregue
21235,01/04/2024,11/04/2024,Correios,Curitiba,Gonçalves,7,10,108.32,Em trânsito
18442,15/11/2024,21/11/2024,Jadlog,Curitiba,Viana,3,6,207.08,Entregue
63817,07/03/2024,15/03/2024,Correios,São Paulo,da Mata,8,8,178.07,Entregue
11513,04/03/2024,15/03/2024,Correios,Recife,Teixeira Paulista,8,11,122.4,Entregue
2342,27/07/2024,02/08/2024,Azul Cargo,São Paulo,Ramos de Lima,6,6,156.61,Entregue
19262,18/01/2024,24/01/2024,Loggi,Salvador,Rezende,3,6,163.67,Entregue
64271,04/03/2024,11/03/2024,Azul Cargo,Salvador,Gomes da Serra,4,7,174.33,Entregue
53495,19/12/2024,23/12/2024,Azul Cargo,Recife,Oliveira da Serra,2,4,20.8,Entregue
10946,16/04/2024,21/04/2024,Jadlog,Curitiba,Freitas,4,5,178.04,Entregue
11408,28/08/2024,06/09/2024,Loggi,Recife,da Mata,6,9,159.37,Entregue
24809,09/10/2024,11/10/2024,Loggi,São Paulo,da Mota da Praia,3,2,43.5,Entregue
22564,18/04/2024,26/04/2024,Correios,Belo Horizonte,Rezende das Flores,6,8,130.26,Em trânsito
14361,09/08/2024,18/08/2024,Loggi,Recife,da Cunha da Prata,7,9,77.78,Entregue
45920,06/03/2024,15/03/2024,Azul Cargo,São Paulo,Rocha,9,9,214.57,Entregue
68017,27/10/2024,30/10/2024,Jadlog,Belo Horizonte,Cardoso,2,3,191.66,Entregue
42176,01/11/2024,11/11/2024,Azul Cargo,Recife,da Conceição Grande,9,10,196.9,Entregue
55341,02/09/2024,13/09/2024,Jadlog,Curitiba,da Luz de Novaes,9,11,140.72,Entregue
15178,26/02/2024,29/02/2024,Jadlog,Recife,da Conceição,2,3,86.47,Entregue
38482,20/07/2024,26/07/2024,Correios,Curitiba,Rezende Alegre,3,6,97.06,Entregue
52557,09/07/2024,17/07/2024,Loggi,Recife,da Cunha do Norte,5,8,242.97,Entregue
53275,03/09/2024,08/09/2024,Jadlog,São Paulo,Porto,6,5,42.71,Entregue
40186,16/01/2024,22/01/2024,Loggi,Recife,Azevedo,5,6,152.08,Entregue
58722,13/09/2024,22/09/2024,Jadlog,São Paulo,da Cruz,7,9,250.22,Entregue
56716,10/10/2024,13/10/2024,Correios,Recife,Ferreira de da Mota,2,3,109.81,Entregue
29146,14/11/2024,19/11/2024,Azul Cargo,Salvador,Alves,5,5,135.88,Entregue
63415,15/05/2024,24/05/2024,Jadlog,São Paulo,Duarte,9,9,276.26,Entregue
43637,07/11/2024,13/11/2024,Azul Cargo,Curitiba,Martins das Pedras,6,6,270.58,Entregue
34451,03/01/2024,15/01/2024,Loggi,Recife,Monteiro do Sul,9,12,54.4,Entregue
56934,25/01/2024,31/01/2024,Azul Cargo,Belo Horizonte,da Costa,4,6,237.39,Entregue
32582,20/11/2024,30/11/2024,Correios,Belo Horizonte,Campos,10,10,208.13,Entregue
41285,28/05/2024,04/06/2024,Loggi,Recife,Oliveira Grande,8,7,128.52,Entregue
9554,13/02/2024,17/02/2024,Jadlog,Salvador,Rodrigues,2,4,126.74,Entregue
34093,16/02/2024,23/02/2024,Loggi,Belo Horizonte,Melo das Pedras,4,7,260.55,Entregue
9200,12/01/2024,22/01/2024,Azul Cargo,Salvador,Moraes,8,10,243.32,Entregue
59274,12/05/2024,17/05/2024,Jadlog,Curitiba,da Luz,4,5,98.25,Entregue
61567,26/11/2024,29/11/2024,Jadlog,São Paulo,Martins das Pedras,4,3,88.11,Entregue
61211,11/01/2024,15/01/2024,Correios,Belo Horizonte,Moraes,5,4,281.16,Entregue
57012,07/06/2024,15/06/2024,Correios,Curitiba,Fernandes do Norte,6,8,200.1,Entregue
5568,04/06/2024,06/06/2024,Loggi,Belo Horizonte,Moraes de Goiás,2,2,47.5,Entregue
53900,03/03/2024,07/03/2024,Azul Cargo,Salvador,da Mota,2,4,68.0,Entregue
44217,20/12/2024,26/12/2024,Loggi,Belo Horizonte,Duarte,4,6,130.64,Entregue
53008,12/01/2024,19/01/2024,Jadlog,Belo Horizonte,Rodrigues,8,7,84.96,Entregue
46320,11/12/2024,21/12/2024,Loggi,Salvador,Pires do Norte,10,10,43.25,Entregue
51328,23/10/2024,04/11/2024,Azul Cargo,Curitiba,da Mata,10,12,140.59,Entregue
52464,18/01/2024,25/01/2024,Jadlog,Recife,Jesus,5,7,66.17,Entregue
20644,17/06/2024,23/06/2024,Azul Cargo,Belo Horizonte,Dias,4,6,130.15,Entregue
9012,02/03/2024,12/03/2024,Jadlog,Belo Horizonte,Oliveira,9,10,121.38,Entregue
20890,20/09/2024,25/09/2024,Correios,Curitiba,da Mota Grande,5,5,75.04,Entregue
46092,28/07/2024,03/08/2024,Loggi,Curitiba,da Cunha da Prata,7,6,191.26,Entregue
39622,27/08/2024,31/08/2024,Loggi,Belo Horizonte,Barbosa,2,4,271.78,Devolvido
41999,27/02/2024,02/03/2024,Azul Cargo,Curitiba,Moraes das Pedras,3,4,257.93,Entregue
60903,18/09/2024,27/09/2024,Correios,Recife,Fernandes,7,9,191.3,Entregue
26374,22/06/2024,02/07/2024,Azul Cargo,Recife,Duarte do Campo,10,10,20.27,Entregue
32368,11/09/2024,22/09/2024,Azul Cargo,Belo Horizonte,da Cunha do Norte,10,11,85.74,Entregue
8722,10/11/2024,21/11/2024,Loggi,Belo Horizonte,Cardoso,8,11,245.43,Entregue
30458,07/03/2024,17/03/2024,Correios,Salvador,Cardoso,10,10,173.65,Entregue
25579,09/08/2024,16/08/2024,Correios,Belo Horizonte,Monteiro da Prata,5,7,224.37,Entregue
33264,19/08/2024,28/08/2024,Correios,Belo Horizonte,da Conceição Grande,9,9,134.52,Entregue
60270,01/12/2024,10/12/2024,Loggi,Curitiba,Ribeiro de Fogaça,6,9,21.33,Entregue
22042,22/05/2024,27/05/2024,Azul Cargo,Curitiba,Viana de Cardoso,2,5,177.23,Em trânsito
14615,17/11/2024,29/11/2024,Azul Cargo,Curitiba,Costela de da Mota,9,12,27.17,Entregue
55454,11/04/2024,23/04/2024,Correios,Salvador,Oliveira da Serra,9,12,168.65,Entregue
56569,24/02/2024,01/03/2024,Jadlog,São Paulo,da Luz de Peixoto,7,6,41.82,Entregue
23687,12/10/2024,18/10/2024,Correios,Recife,Cardoso,4,6,203.31,Entregue
52877,19/04/2024,28/04/2024,Correios,Recife,Alves,9,9,87.79,Entregue
31112,22/12/2024,25/12/2024,Loggi,Recife,Silva,3,3,273.07,Entregue
9150,23/10/2024,30/10/2024,Loggi,Curitiba,Gonçalves,5,7,210.68,Entregue
3076,14/09/2024,24/09/2024,Jadlog,Salvador,da Cruz do Amparo,9,10,184.04,Entregue
41963,20/12/2024,29/12/2024,Correios,Recife,Rocha Grande,7,9,270.6,Entregue
50749,25/08/2024,03/09/2024,Azul Cargo,Belo Horizonte,Barbosa,9,9,155.33,Entregue
51026,06/02/2024,08/02/2024,Correios,Recife,Cardoso Alegre,3,2,73.19,Entregue
8189,20/03/2024,28/03/2024,Azul Cargo,Recife,Rezende,7,8,18.32,Entregue
17458,16/12/2024,22/12/2024,Azul Cargo,Recife,Farias,6,6,163.19,Entregue
55582,05/01/2024,15/01/2024,Jadlog,São Paulo,Lima de Lima,7,10,11.46,Em trânsito
2361,13/08/2024,22/08/2024,Correios,Curitiba,Nunes do Campo,9,9,190.66,Entregue
67704,21/12/2024,31/12/2024,Jadlog,Curitiba,Vieira,7,10,62.5,Entregue
25487,28/05/2024,03/06/2024,Correios,Curitiba,Azevedo Paulista,4,6,163.35,Entregue
44613,22/04/2024,26/04/2024,Loggi,Belo Horizonte,Lima,3,4,238.03,Entregue
12377,08/12/2024,18/12/2024,Jadlog,Belo Horizonte,Cunha,10,10,102.69,Entregue
10044,10/10/2024,18/10/2024,Azul Cargo,Belo Horizonte,Martins,6,8,193.43,Entregue
48718,17/07/2024,25/07/2024,Correios,Recife,Carvalho,7,8,273.1,Entregue
19977,02/03/2024,11/03/2024,Correios,São Paulo,Sales Paulista,6,9,146.57,Entregue
30187,16/01/2024,19/01/2024,Loggi,São Paulo,Carvalho,2,3,128.91,Entregue
54763,09/06/2024,15/06/2024,Jadlog,Recife,Rezende,3,6,75.32,Entregue
36826,23/07/2024,29/07/2024,Azul Cargo,Recife,da Luz,4,6,42.86,Em trânsito
17590,03/08/2024,13/08/2024,Loggi,Belo Horizonte,Cavalcanti das Pedras,7,10,196.99,Entregue
9764,01/03/2024,09/03/2024,Loggi,São Paulo,Ribeiro,8,8,149.48,Entregue
31476,20/01/2024,27/01/2024,Loggi,Belo Horizonte,Barros de Moura,5,7,149.76,Em trânsito
65489,02/01/2024,09/01/2024,Jadlog,Salvador,Barbosa,5,7,104.78,Entregue
60625,20/09/2024,22/09/2024,Correios,Belo Horizonte,Pires do Norte,2,2,96.52,Entregue
15760,20/08/2024,25/08/2024,Azul Cargo,Salvador,da Rocha do Sul,3,5,90.4,Entregue
36805,13/06/2024,23/06/2024,Jadlog,Belo Horizonte,Rocha,9,10,192.99,Entregue
5712,02/03/2024,06/03/2024,Jadlog,Salvador,Silva,4,4,139.16,Entregue
23343,17/07/2024,24/07/2024,Azul Cargo,Recife,Jesus Paulista,6,7,119.36,Entregue
51264,19/06/2024,25/06/2024,Correios,Recife,Carvalho,3,6,28.52,Entregue
43045,22/06/2024,26/06/2024,Azul Cargo,São Paulo,Pinto,2,4,279.9,Entregue
41115,02/01/2024,09/01/2024,Azul Cargo,Belo Horizonte,Correia,7,7,286.81,Entregue
57740,01/01/2024,08/01/2024,Loggi,Salvador,Santos,7,7,248.87,Entregue
30561,21/06/2024,01/07/2024,Loggi,Curitiba,Lopes do Campo,9,10,51.41,Entregue
39639,05/09/2024,13/09/2024,Jadlog,Recife,Correia de Pereira,5,8,242.88,Em trânsito
4520,21/10/2024,22/10/2024,Correios,Salvador,da Rocha Paulista,2,1,286.88,Entregue
5990,28/09/2024,02/10/2024,Correios,Recife,Duarte Grande,5,4,144.53,Entregue
4860,28/06/2024,08/07/2024,Azul Cargo,Salvador,Cunha,8,10,114.58,Entregue
57316,21/02/2024,26/02/2024,Loggi,São Paulo,Martins,2,5,167.7,Entregue
39431,09/07/2024,18/07/2024,Loggi,Recife,Oliveira,9,9,263.62,Entregue
23251,11/05/2024,15/05/2024,Jadlog,Salvador,Campos,2,4,75.23,Entregue
20553,15/01/2024,24/01/2024,Jadlog,São Paulo,Peixoto do Norte,9,9,240.46,Entregue
9958,09/05/2024,18/05/2024,Jadlog,Curitiba,Alves das Pedras,10,9,91.88,Entregue
39904,06/05/2024,11/05/2024,Loggi,Belo Horizonte,Moraes da Prata,4,5,259.33,Em trânsito
40027,03/08/2024,08/08/2024,Jadlog,Recife,da Mata do Oeste,4,5,129.82,Entregue
10789,07/12/2024,11/12/2024,Loggi,Belo Horizonte,Jesus de Freitas,4,4,296.78,Entregue
6574,20/01/2024,29/01/2024,Correios,Salvador,da Luz do Galho,10,9,218.79,Entregue
29647,15/03/2024,20/03/2024,Correios,Curitiba,Carvalho,4,5,163.42,Entregue
38925,11/10/2024,21/10/2024,Azul Cargo,São Paulo,Lopes da Serra,10,10,46.47,Entregue
51131,07/08/2024,17/08/2024,Loggi,Curitiba,Lopes de da Cunha,8,10,14.42,Entregue
14876,06/11/2024,10/11/2024,Correios,São Paulo,da Costa de Cardoso,3,4,129.81,Entregue
27418,15/08/2024,26/08/2024,Jadlog,São Paulo,Silveira de Aragão,8,11,61.34,Entregue
51303,18/08/2024,19/08/2024,Correios,Recife,Fernandes do Norte,2,1,72.3,Entregue
20171,26/07/2024,07/08/2024,Jadlog,Belo Horizonte,das Neves do Oeste,9,12,38.69,Entregue
27348,25/06/2024,29/06/2024,Azul Cargo,Curitiba,das Neves dos Dourados,4,4,150.63,Entregue
28087,07/04/2024,18/04/2024,Loggi,Curitiba,Azevedo,8,11,123.43,Entregue
43364,24/01/2024,01/02/2024,Jadlog,Belo Horizonte,Vieira de Goiás,6,8,133.87,Entregue
65731,10/07/2024,18/07/2024,Jadlog,Salvador,Correia de da Luz,8,8,224.88,Entregue
27396,03/07/2024,11/07/2024,Loggi,Belo Horizonte,Jesus,5,8,229.91,Entregue
54627,07/02/2024,14/02/2024,Correios,Salvador,da Costa de Cardoso,4,7,92.8,Entregue
2689,01/07/2024,06/07/2024,Jadlog,Belo Horizonte,Azevedo das Flores,5,5,218.78,Entregue
38684,28/07/2024,04/08/2024,Jadlog,Salvador,Viana,8,7,277.15,Entregue
15599,22/12/2024,31/12/2024,Correios,Curitiba,Cavalcanti da Praia,7,9,278.37,Entregue
44107,22/10/2024,02/11/2024,Correios,Belo Horizonte,Nogueira Paulista,10,11,251.01,Entregue
42141,14/10/2024,19/10/2024,Jadlog,Salvador,Silveira de Novaes,6,5,292.76,Entregue
39839,13/04/2024,21/04/2024,Azul Cargo,Recife,Araújo de Pinto,6,8,51.86,Entregue
3109,05/11/2024,10/11/2024,Loggi,Recife,Melo do Oeste,3,5,168.41,Entregue
42837,03/04/2024,13/04/2024,Correios,Belo Horizonte,Vieira de da Luz,8,10,278.62,Entregue
31320,21/02/2024,01/03/2024,Correios,São Paulo,Rocha do Sul,9,9,88.03,Entregue
46557,08/03/2024,12/03/2024,Correios,Recife,Silveira de Pereira,2,4,293.05,Entregue
43463,18/05/2024,19/05/2024,Correios,Recife,Rodrigues,2,1,218.14,Entregue
47878,24/07/2024,30/07/2024,Azul Cargo,Salvador,da Luz,4,6,164.87,Em trânsito
7639,26/07/2024,05/08/2024,Azul Cargo,Belo Horizonte,Nogueira,7,10,186.77,Entregue
57413,27/06/2024,29/06/2024,Correios,Salvador,Melo,2,2,39.16,Devolvido
33,07/01/2024,19/01/2024,Loggi,Curitiba,Nogueira,9,12,39.63,Entregue
30790,03/02/2024,08/02/2024,Azul Cargo,Salvador,Nunes,4,5,49.5,Em trânsito
64054,17/09/2024,24/09/2024,Azul Cargo,São Paulo,Carvalho de Lopes,6,7,84.53,Entregue
13926,20/05/2024,25/05/2024,Loggi,Salvador,Almeida do Amparo,6,5,90.62,Entregue
55978,15/11/2024,18/11/2024,Correios,Recife,Moraes,3,3,56.33,Entregue
51778,02/05/2024,04/05/2024,Correios,Recife,Carvalho de Lopes,3,2,33.69,Entregue
12161,23/10/2024,02/11/2024,Jadlog,Curitiba,da Rosa,8,10,51.62,Entregue
54202,04/11/2024,13/11/2024,Jadlog,Curitiba,Ramos,6,9,231.34,Entregue
54609,26/01/2024,28/01/2024,Jadlog,Salvador,Rocha,3,2,247.73,Entregue
20281,13/10/2024,21/10/2024,Azul Cargo,Curitiba,Fernandes do Galho,6,8,206.69,Entregue
28853,06/11/2024,14/11/2024,Azul Cargo,São Paulo,da Rocha do Sul,9,8,148.71,Entregue
49425,16/05/2024,27/05/2024,Loggi,Recife,Martins,9,11,125.24,Em trânsito
28340,08/09/2024,14/09/2024,Correios,Salvador,Freitas da Mata,6,6,275.99,Entregue
5758,27/06/2024,03/07/2024,Correios,Recife,Fernandes,5,6,51.34,Entregue
41245,06/04/2024,09/04/2024,Jadlog,Curitiba,Barros,3,3,239.1,Entregue
43425,05/04/2024,10/04/2024,Loggi,Salvador,Pereira,6,5,229.89,Em trânsito
26750,19/04/2024,02/05/2024,Loggi,Belo Horizonte,da Cunha,10,13,291.38,Entregue
10280,01/04/2024,02/04/2024,Correios,São Paulo,Costa,2,1,11.34,Entregue
41940,11/11/2024,20/11/2024,Jadlog,Curitiba,Costela,8,9,46.87,Entregue
4741,15/11/2024,21/11/2024,Loggi,São Paulo,Rocha,5,6,243.72,Entregue
12623,01/03/2024,08/03/2024,Jadlog,Curitiba,Carvalho,7,7,287.03,Entregue
51720,04/01/2024,09/01/2024,Loggi,São Paulo,Alves do Amparo,6,5,163.8,Entregue
45083,18/03/2024,21/03/2024,Jadlog,Recife,Monteiro dos Dourados,4,3,103.88,Entregue
43059,03/07/2024,09/07/2024,Azul Cargo,Curitiba,Vieira,4,6,166.56,Entregue
11528,16/04/2024,23/04/2024,Azul Cargo,Curitiba,Costela da Praia,5,7,72.6,Entregue
66143,23/05/2024,03/06/2024,Azul Cargo,Salvador,Ribeiro,10,11,136.25,Entregue
943,06/06/2024,10/06/2024,Correios,Curitiba,Correia do Oeste,3,4,241.98,Entregue
21762,03/12/2024,09/12/2024,Azul Cargo,Curitiba,da Luz da Prata,7,6,72.89,Entregue
5993,05/09/2024,08/09/2024,Correios,São Paulo,Mendes,3,3,192.34,Entregue
49020,19/03/2024,30/03/2024,Loggi,Salvador,Jesus,8,11,151.56,Entregue
57730,27/12/2024,31/12/2024,Jadlog,Salvador,Rodrigues,3,4,279.1,Em trânsito
31805,01/02/2024,13/02/2024,Loggi,Recife,Costela da Praia,9,12,152.86,Entregue
21681,20/06/2024,22/06/2024,Loggi,Curitiba,Souza,2,2,252.45,Entregue
38227,20/06/2024,29/06/2024,Azul Cargo,Recife,Farias,9,9,74.79,Devolvido
15143,23/01/2024,02/02/2024,Correios,São Paulo,Viana,9,10,146.1,Devolvido
30998,21/09/2024,26/09/2024,Azul Cargo,São Paulo,Moura do Campo,4,5,28.65,Entregue
45294,09/08/2024,14/08/2024,Azul Cargo,Curitiba,Caldeira dos Dourados,2,5,38.82,Em trânsito
19431,04/09/2024,10/09/2024,Azul Cargo,São Paulo,Jesus,6,6,182.67,Entregue
64433,14/02/2024,18/02/2024,Loggi,São Paulo,Melo,5,4,184.69,Entregue
45176,28/06/2024,07/07/2024,Jadlog,Curitiba,Moreira,6,9,239.08,Entregue
18487,20/02/2024,27/02/2024,Correios,Salvador,Silva de Gonçalves,5,7,59.46,Entregue
4990,12/01/2024,16/01/2024,Jadlog,Recife,Vieira do Norte,2,4,243.71,Entregue
7417,24/03/2024,02/04/2024,Loggi,Belo Horizonte,Azevedo,7,9,105.32,Entregue
7882,15/11/2024,26/11/2024,Correios,Recife,Pereira de Costela,9,11,123.23,Em trânsito
4386,28/01/2024,02/02/2024,Loggi,Belo Horizonte,Carvalho da Praia,4,5,277.88,Entregue
34705,17/06/2024,27/06/2024,Azul Cargo,Recife,Farias de Rezende,10,10,56.59,Entregue
34191,25/08/2024,31/08/2024,Loggi,Belo Horizonte,da Rosa,4,6,193.92,Entregue
45653,24/01/2024,01/02/2024,Azul Cargo,São Paulo,Novaes,5,8,240.62,Entregue
14713,17/04/2024,23/04/2024,Loggi,Curitiba,Monteiro da Praia,7,6,109.56,Entregue
30535,04/05/2024,13/05/2024,Azul Cargo,Recife,da Cunha,9,9,283.15,Entregue
11046,18/06/2024,23/06/2024,Azul Cargo,Curitiba,Azevedo,6,5,121.21,Entregue
22920,19/05/2024,23/05/2024,Correios,São Paulo,Moraes Grande,5,4,213.85,Entregue
45682,12/03/2024,19/03/2024,Loggi,Salvador,Gonçalves,7,7,155.23,Entregue
47171,20/08/2024,02/09/2024,Loggi,Salvador,Dias,10,13,98.2,Entregue
61583,21/11/2024,29/11/2024,Jadlog,São Paulo,Vieira,9,8,230.58,Entregue
8396,27/03/2024,05/04/2024,Azul Cargo,Salvador,da Luz,7,9,268.74,Entregue
34707,01/06/2024,08/06/2024,Azul Cargo,Recife,Jesus Paulista,6,7,171.73,Entregue
57217,07/07/2024,14/07/2024,Jadlog,Salvador,Freitas do Norte,8,7,291.51,Entregue
25844,26/07/2024,07/08/2024,Azul Cargo,São Paulo,Porto,9,12,14.45,Entregue
42261,10/04/2024,18/04/2024,Jadlog,Belo Horizonte,Aragão,9,8,186.24,Em trânsito
21202,08/03/2024,18/03/2024,Loggi,Recife,da Cruz do Sul,8,10,86.34,Entregue
10318,07/06/2024,18/06/2024,Correios,São Paulo,Rocha,10,11,120.82,Entregue
62551,02/04/2024,15/04/2024,Correios,Belo Horizonte,Novaes,10,13,260.37,Entregue
11640,28/12/2024,05/01/2025,Correios,Belo Horizonte,Moraes das Pedras,8,8,211.06,Entregue
17354,18/05/2024,28/05/2024,Loggi,Recife,Azevedo das Pedras,8,10,109.3,Entregue
26829,10/07/2024,20/07/2024,Jadlog,Salvador,Jesus,7,10,279.07,Entregue
13460,13/10/2024,23/10/2024,Jadlog,Belo Horizonte,Vieira de Cavalcanti,9,10,231.4,Entregue
14732,22/05/2024,30/05/2024,Azul Cargo,Salvador,Rocha,5,8,174.61,Entregue
15489,27/09/2024,04/10/2024,Azul Cargo,Salvador,Pinto,5,7,235.51,Entregue
55074,20/06/2024,23/06/2024,Azul Cargo,Salvador,Lima de Lima,2,3,260.99,Em trânsito
56487,15/08/2024,25/08/2024,Loggi,Salvador,Ribeiro,8,10,67.82,Em trânsito
13749,02/05/2024,12/05/2024,Jadlog,Recife,da Cruz,10,10,48.98,Entregue
14947,06/03/2024,17/03/2024,Loggi,Belo Horizonte,Aragão do Oeste,10,11,189.53,Entregue
56196,18/01/2024,23/01/2024,Azul Cargo,Recife,Rodrigues,2,5,125.47,Devolvido
5678,01/12/2024,08/12/2024,Correios,Belo Horizonte,Moreira,4,7,49.72,Entregue
3919,27/06/2024,04/07/2024,Jadlog,Curitiba,Moura,8,7,240.57,Entregue
62633,14/05/2024,23/05/2024,Azul Cargo,Belo Horizonte,Almeida,7,9,192.22,Entregue
61942,28/07/2024,02/08/2024,Jadlog,Recife,Castro de Monteiro,6,5,274.95,Entregue
32838,18/04/2024,29/04/2024,Loggi,Salvador,Melo,8,11,266.87,Entregue
41767,09/12/2024,11/12/2024,Jadlog,Salvador,Costa,2,2,276.56,Entregue
43367,09/02/2024,15/02/2024,Jadlog,São Paulo,da Mota de Cardoso,5,6,83.31,Entregue
38013,11/08/2024,14/08/2024,Loggi,Curitiba,Cavalcanti do Sul,2,3,58.62,Entregue
66010,07/02/2024,13/02/2024,Azul Cargo,Recife,Ramos,4,6,240.45,Entregue
40872,01/10/2024,10/10/2024,Loggi,Belo Horizonte,da Cruz,10,9,217.11,Devolvido
45554,09/06/2024,14/06/2024,Jadlog,Salvador,Novaes de Ribeiro,3,5,56.59,Entregue
24425,19/10/2024,23/10/2024,Loggi,Belo Horizonte,Farias,2,4,57.19,Entregue
7011,13/01/2024,22/01/2024,Correios,São Paulo,Gomes,10,9,101.23,Entregue
19086,12/03/2024,15/03/2024,Azul Cargo,Belo Horizonte,Lopes,3,3,123.05,Entregue
48311,18/09/2024,23/09/2024,Jadlog,São Paulo,das Neves,5,5,144.72,Entregue
16599,11/12/2024,17/12/2024,Jadlog,Curitiba,Moura,3,6,141.81,Entregue
7268,22/05/2024,25/05/2024,Azul Cargo,Salvador,Caldeira de Minas,3,3,92.83,Entregue
17824,03/11/2024,10/11/2024,Azul Cargo,Recife,Pinto dos Dourados,4,7,22.88,Entregue
29503,15/11/2024,22/11/2024,Jadlog,Salvador,Duarte,5,7,243.51,Entregue
25311,18/12/2024,20/12/2024,Correios,Salvador,Aragão,3,2,110.65,Entregue
47961,26/01/2024,04/02/2024,Loggi,Curitiba,Farias do Campo,7,9,279.88,Entregue
58075,23/11/2024,30/11/2024,Correios,Curitiba,da Rosa das Flores,4,7,77.19,Entregue
59281,06/06/2024,18/06/2024,Correios,Recife,Aragão,10,12,207.48,Entregue
24656,28/01/2024,29/01/2024,Loggi,Salvador,Moraes Verde,2,1,207.61,Entregue
46550,17/02/2024,25/02/2024,Azul Cargo,Belo Horizonte,Cardoso de Caldeira,7,8,130.1,Entregue
38606,08/02/2024,14/02/2024,Azul Cargo,Belo Horizonte,Fernandes de Mendes,7,6,76.91,Entregue
38498,21/07/2024,30/07/2024,Jadlog,Curitiba,Silva do Sul,10,9,177.31,Entregue
49602,26/07/2024,31/07/2024,Correios,Curitiba,Teixeira da Prata,5,5,192.56,Entregue
44025,08/08/2024,10/08/2024,Loggi,Recife,Pinto da Praia,3,2,93.69,Entregue
43694,22/01/2024,25/01/2024,Correios,Belo Horizonte,Melo,2,3,159.97,Entregue
39040,25/05/2024,04/06/2024,Loggi,São Paulo,Costela da Serra,8,10,21.9,Entregue
15565,08/11/2024,20/11/2024,Correios,São Paulo,Duarte,9,12,33.8,Entregue
44196,19/12/2024,26/12/2024,Azul Cargo,São Paulo,das Neves de Moreira,5,7,267.75,Entregue
56714,06/10/2024,11/10/2024,Jadlog,São Paulo,Duarte de Monteiro,5,5,222.09,Entregue
30164,13/11/2024,17/11/2024,Jadlog,Salvador,Jesus do Galho,3,4,187.79,Devolvido
62980,21/03/2024,30/03/2024,Correios,São Paulo,Ramos,7,9,184.72,Entregue
9921,28/03/2024,30/03/2024,Loggi,Salvador,Rezende,3,2,261.16,Entregue
26405,12/08/2024,21/08/2024,Loggi,Curitiba,Silva,9,9,203.05,Entregue
59790,05/04/2024,14/04/2024,Loggi,Recife,Dias,7,9,224.47,Entregue
63396,24/04/2024,27/04/2024,Loggi,Salvador,Aragão,2,3,149.4,Entregue
48072,21/03/2024,01/04/2024,Correios,Recife,Duarte Grande,10,11,299.64,Em trânsito
62942,21/01/2024,26/01/2024,Loggi,São Paulo,Vieira,6,5,208.52,Entregue
3266,22/11/2024,01/12/2024,Loggi,Curitiba,Ramos de Moura,9,9,56.48,Entregue
12180,10/11/2024,15/11/2024,Loggi,Salvador,Castro do Norte,3,5,228.51,Entregue
66044,28/03/2024,30/03/2024,Jadlog,Recife,Carvalho,3,2,274.39,Entregue
61489,09/06/2024,16/06/2024,Correios,Belo Horizonte,Pinto de Goiás,6,7,206.68,Entregue
38501,07/08/2024,14/08/2024,Loggi,Recife,da Rosa,5,7,49.57,Entregue
46458,04/08/2024,05/08/2024,Loggi,Curitiba,Fogaça do Sul,2,1,200.25,Entregue
39873,02/05/2024,13/05/2024,Loggi,São Paulo,Pereira,8,11,283.86,Entregue
14873,07/11/2024,14/11/2024,Correios,Recife,Moreira,5,7,216.96,Entregue
44715,01/10/2024,05/10/2024,Azul Cargo,Salvador,Costela de Rezende,3,4,273.96,Em trânsito
3790,27/11/2024,03/12/2024,Correios,São Paulo,Almeida da Mata,6,6,287.98,Devolvido
30120,05/08/2024,17/08/2024,Azul Cargo,Belo Horizonte,da Mata,9,12,268.21,Entregue
60271,19/12/2024,01/01/2025,Azul Cargo,Belo Horizonte,das Neves de Moreira,10,13,87.94,Entregue
38644,06/05/2024,12/05/2024,Loggi,Recife,Ferreira,3,6,177.93,Entregue
30866,01/05/2024,06/05/2024,Jadlog,Belo Horizonte,Rodrigues da Serra,3,5,287.36,Entregue
30749,05/01/2024,11/01/2024,Azul Cargo,Salvador,da Costa Verde,3,6,233.9,Entregue
17343,10/04/2024,15/04/2024,Correios,Salvador,Pires de Moura,2,5,19.87,Entregue
27345,05/06/2024,12/06/2024,Azul Cargo,Recife,Costela da Praia,8,7,35.08,Entregue
31000,27/09/2024,05/10/2024,Loggi,Curitiba,da Costa das Pedras,5,8,34.86,Entregue
30587,04/07/2024,09/07/2024,Azul Cargo,Belo Horizonte,da Costa de Cardoso,5,5,46.79,Entregue
53436,20/08/2024,29/08/2024,Correios,Recife,da Rosa do Norte,9,9,293.29,Entregue
3648,08/06/2024,16/06/2024,Azul Cargo,São Paulo,Moura,8,8,205.79,Entregue
31413,21/08/2024,31/08/2024,Jadlog,Recife,da Luz Alegre,7,10,185.01,Em trânsito
66246,14/08/2024,19/08/2024,Azul Cargo,São Paulo,Martins,6,5,120.45,Em trânsito
46267,25/11/2024,28/11/2024,Correios,Recife,Freitas de Lima,3,3,98.71,Entregue
87,03/03/2024,09/03/2024,Jadlog,Belo Horizonte,Pinto de Pinto,5,6,279.06,Entregue
10122,25/03/2024,31/03/2024,Azul Cargo,Curitiba,da Luz Grande,5,6,283.33,Entregue
7593,03/03/2024,10/03/2024,Loggi,Salvador,Aragão,4,7,103.31,Entregue
47754,17/11/2024,21/11/2024,Correios,Salvador,Lopes da Serra,5,4,106.49,Entregue
42386,04/12/2024,14/12/2024,Jadlog,Salvador,da Rocha Grande,10,10,167.94,Entregue
15682,08/03/2024,10/03/2024,Azul Cargo,Belo Horizonte,das Neves,2,2,78.59,Entregue
56156,08/10/2024,17/10/2024,Azul Cargo,Recife,Castro do Campo,8,9,68.79,Em trânsito
20485,18/07/2024,24/07/2024,Jadlog,São Paulo,Sales de Nunes,4,6,76.29,Entregue
7680,23/09/2024,01/10/2024,Azul Cargo,Recife,Correia do Galho,5,8,15.04,Entregue
12935,23/01/2024,28/01/2024,Jadlog,Belo Horizonte,Freitas,5,5,207.54,Em trânsito
18879,24/07/2024,03/08/2024,Correios,Salvador,Pinto,8,10,47.98,Entregue
34466,20/01/2024,25/01/2024,Azul Cargo,São Paulo,Moraes Verde,2,5,206.55,Entregue
9076,02/06/2024,10/06/2024,Loggi,Belo Horizonte,Viana de Cardoso,6,8,228.12,Devolvido
5138,07/05/2024,13/05/2024,Jadlog,São Paulo,Viana,3,6,229.37,Entregue
61877,13/04/2024,22/04/2024,Jadlog,Curitiba,Nunes,10,9,191.71,Entregue
15057,22/10/2024,24/10/2024,Loggi,Curitiba,Vieira do Amparo,2,2,129.12,Entregue
55782,06/06/2024,11/06/2024,Azul Cargo,São Paulo,Costa,3,5,210.81,Entregue
9901,27/01/2024,07/02/2024,Loggi,Belo Horizonte,Almeida da Mata,8,11,184.26,Entregue
4884,11/07/2024,16/07/2024,Azul Cargo,São Paulo,Fernandes do Campo,6,5,281.64,Entregue
56324,16/09/2024,25/09/2024,Azul Cargo,Salvador,Carvalho Grande,6,9,156.88,Entregue
62809,05/09/2024,14/09/2024,Azul Cargo,Belo Horizonte,Almeida da Praia,6,9,219.68,Entregue
49339,08/12/2024,12/12/2024,Jadlog,Curitiba,Caldeira de da Mota,2,4,187.0,Devolvido
42918,05/09/2024,10/09/2024,Azul Cargo,Curitiba,Oliveira de Teixeira,3,5,27.88,Entregue
10114,24/02/2024,04/03/2024,Jadlog,Curitiba,da Mota,9,9,173.23,Entregue
11754,15/07/2024,18/07/2024,Azul Cargo,Recife,Rodrigues do Sul,2,3,184.15,Entregue
67000,22/04/2024,25/04/2024,Loggi,Salvador,Fogaça do Galho,4,3,187.82,Entregue
43301,28/10/2024,30/10/2024,Azul Cargo,Recife,Pinto,2,2,236.05,Entregue
46750,11/03/2024,20/03/2024,Jadlog,Belo Horizonte,das Neves das Flores,9,9,25.95,Entregue
45805,03/11/2024,12/11/2024,Jadlog,Salvador,Pereira,6,9,135.43,Entregue
40014,14/08/2024,21/08/2024,Jadlog,Salvador,Cardoso de da Conceição,6,7,71.98,Entregue
59211,25/01/2024,05/02/2024,Correios,Salvador,Teixeira Paulista,10,11,33.47,Devolvido
45128,10/05/2024,21/05/2024,Azul Cargo,Recife,Santos,8,11,106.14,Em trânsito
43959,05/06/2024,12/06/2024,Azul Cargo,Salvador,Silva de Minas,8,7,230.68,Entregue
29383,05/02/2024,14/02/2024,Loggi,São Paulo,Teixeira,10,9,21.56,Entregue
34977,01/01/2024,10/01/2024,Jadlog,Recife,Silveira,7,9,138.63,Entregue
4525,02/10/2024,05/10/2024,Azul Cargo,Belo Horizonte,da Luz,2,3,294.66,Entregue
29453,08/07/2024,12/07/2024,Loggi,Curitiba,Freitas,2,4,79.36,Entregue
7210,04/01/2024,09/01/2024,Correios,São Paulo,Farias do Galho,4,5,200.86,Entregue
7714,08/11/2024,16/11/2024,Correios,Salvador,Ribeiro de Cunha,5,8,133.06,Entregue
5477,05/02/2024,15/02/2024,Loggi,São Paulo,Cardoso de Caldeira,10,10,49.45,Devolvido
6624,09/04/2024,18/04/2024,Jadlog,São Paulo,Carvalho da Praia,6,9,128.5,Entregue
16956,09/01/2024,18/01/2024,Azul Cargo,Recife,Fogaça,6,9,135.94,Entregue
44052,24/09/2024,07/10/2024,Loggi,São Paulo,Moraes Grande,10,13,133.79,Entregue
50046,09/02/2024,19/02/2024,Azul Cargo,Salvador,da Cunha da Prata,8,10,119.82,Entregue
23474,14/10/2024,20/10/2024,Jadlog,Salvador,Ribeiro,3,6,40.2,Entregue
38344,17/11/2024,21/11/2024,Azul Cargo,Salvador,Cardoso,3,4,203.98,Entregue
8366,17/02/2024,24/02/2024,Azul Cargo,São Paulo,Mendes,8,7,123.07,Entregue
59168,05/10/2024,07/10/2024,Correios,Salvador,Fernandes do Campo,2,2,12.43,Entregue
13562,04/05/2024,07/05/2024,Loggi,São Paulo,Martins de Minas,3,3,159.77,Entregue
30962,26/07/2024,03/08/2024,Azul Cargo,Recife,Gonçalves,7,8,179.61,Entregue
18479,13/01/2024,23/01/2024,Azul Cargo,São Paulo,Sales de Nunes,10,10,74.87,Entregue
43844,23/04/2024,24/04/2024,Correios,São Paulo,da Costa Verde,2,1,119.05,Entregue
23655,27/08/2024,31/08/2024,Loggi,Belo Horizonte,Duarte,5,4,40.26,Entregue
22917,07/05/2024,12/05/2024,Azul Cargo,Curitiba,Almeida do Amparo,6,5,56.29,Entregue
40375,20/12/2024,21/12/2024,Correios,Belo Horizonte,Monteiro da Praia,2,1,280.42,Entregue
43249,05/07/2024,13/07/2024,Correios,Belo Horizonte,Rocha,5,8,280.91,Em trânsito
47176,14/08/2024,24/08/2024,Jadlog,Belo Horizonte,Pires,9,10,12.03,Entregue
65610,15/04/2024,20/04/2024,Correios,Curitiba,Peixoto de Santos,2,5,89.9,Entregue
42021,22/04/2024,27/04/2024,Loggi,Salvador,Fogaça do Norte,4,5,195.66,Entregue
27954,17/06/2024,24/06/2024,Jadlog,Recife,Costela,5,7,166.38,Entregue
35594,01/06/2024,08/06/2024,Correios,Salvador,Silveira,8,7,71.38,Entregue
37741,28/01/2024,07/02/2024,Azul Cargo,Curitiba,Silva do Sul,8,10,83.77,Entregue
57424,25/07/2024,01/08/2024,Correios,Belo Horizonte,Silva,5,7,256.17,Entregue
27746,12/07/2024,19/07/2024,Loggi,Salvador,Moraes,5,7,45.49,Entregue
45797,28/10/2024,30/10/2024,Correios,Belo Horizonte,da Mata de Rodrigues,2,2,269.35,Entregue
20975,01/02/2024,04/02/2024,Correios,Belo Horizonte,Teixeira da Prata,3,3,200.47,Entregue
24295,19/02/2024,29/02/2024,Loggi,São Paulo,Mendes,9,10,184.36,Entregue
14291,19/04/2024,22/04/2024,Jadlog,São Paulo,da Luz Grande,3,3,58.16,Entregue
35587,18/06/2024,26/06/2024,Correios,Recife,Moreira,5,8,76.04,Em trânsito
21889,26/08/2024,06/09/2024,Jadlog,Salvador,Moura,10,11,110.79,Entregue
34328,03/05/2024,11/05/2024,Jadlog,Curitiba,Fernandes das Flores,8,8,200.2,Entregue
20221,08/08/2024,18/08/2024,Correios,Salvador,Almeida do Norte,7,10,197.63,Entregue
47195,11/09/2024,19/09/2024,Jadlog,Recife,da Conceição de Mendes,6,8,180.49,Entregue
54025,02/11/2024,05/11/2024,Jadlog,Salvador,Araújo,4,3,217.9,Entregue
19664,18/10/2024,30/10/2024,Jadlog,Recife,Vieira,9,12,220.76,Entregue
19410,20/08/2024,21/08/2024,Azul Cargo,Curitiba,Campos,2,1,157.78,Entregue
21123,20/01/2024,30/01/2024,Correios,Recife,Dias de Moraes,10,10,229.57,Entregue
5749,16/05/2024,26/05/2024,Azul Cargo,Recife,Silva,8,10,198.34,Entregue
7360,16/11/2024,25/11/2024,Loggi,Curitiba,Barros de Cardoso,9,9,258.25,Entregue
49645,14/10/2024,22/10/2024,Correios,Recife,Teixeira,7,8,230.0,Em trânsito
65458,06/12/2024,12/12/2024,Loggi,Belo Horizonte,Fernandes de Campos,4,6,267.55,Em trânsito
21966,24/01/2024,28/01/2024,Azul Cargo,Curitiba,Jesus,3,4,22.41,Entregue
11662,28/01/2024,07/02/2024,Loggi,Salvador,da Mata,7,10,16.45,Entregue
22226,16/05/2024,23/05/2024,Correios,Recife,Aragão,6,7,35.62,Entregue
38133,07/03/2024,08/03/2024,Loggi,Recife,Pires,2,1,288.86,Entregue
45981,28/04/2024,05/05/2024,Correios,Salvador,Moreira de Goiás,4,7,271.1,Entregue
65195,20/06/2024,26/06/2024,Azul Cargo,Salvador,Barbosa do Amparo,5,6,139.89,Entregue
44379,22/12/2024,31/12/2024,Loggi,Recife,Martins das Pedras,6,9,99.84,Entregue
62488,15/02/2024,26/02/2024,Correios,Curitiba,Souza,10,11,240.15,Entregue
52081,16/12/2024,24/12/2024,Loggi,Curitiba,Aragão,8,8,70.72,Entregue
22897,23/03/2024,03/04/2024,Jadlog,Salvador,Aragão do Oeste,10,11,84.24,Entregue
65906,12/12/2024,22/12/2024,Correios,São Paulo,da Conceição de Mendes,7,10,42.4,Entregue
25895,10/10/2024,17/10/2024,Azul Cargo,Recife,Silveira de Aragão,6,7,134.77,Entregue
18839,16/06/2024,19/06/2024,Azul Cargo,São Paulo,Oliveira do Norte,3,3,176.87,Entregue
48062,28/03/2024,01/04/2024,Correios,Recife,Melo,3,4,104.88,Entregue
39078,18/07/2024,29/07/2024,Loggi,Salvador,Costela da Prata,10,11,175.12,Entregue
38431,20/04/2024,30/04/2024,Correios,São Paulo,Lopes da Serra,7,10,50.22,Entregue
51810,01/07/2024,06/07/2024,Azul Cargo,Recife,Fogaça da Praia,4,5,264.28,Entregue
42414,19/01/2024,30/01/2024,Loggi,Recife,Rocha,9,11,243.04,Entregue
13111,25/10/2024,31/10/2024,Jadlog,Recife,Aragão de Moreira,7,6,137.38,Entregue
55024,19/02/2024,24/02/2024,Loggi,Recife,Caldeira do Amparo,5,5,40.81,Em trânsito
36670,09/09/2024,21/09/2024,Loggi,Curitiba,Moraes,9,12,167.05,Entregue
67869,17/11/2024,19/11/2024,Azul Cargo,Curitiba,da Cunha Grande,2,2,163.2,Devolvido
54632,22/02/2024,29/02/2024,Correios,Salvador,Cunha,7,7,211.3,Entregue
17110,17/12/2024,23/12/2024,Azul Cargo,São Paulo,Barros de Cardoso,3,6,270.79,Entregue
45325,08/09/2024,09/09/2024,Azul Cargo,Salvador,Moura,2,1,131.08,Entregue
10133,26/04/2024,06/05/2024,Azul Cargo,Belo Horizonte,da Cruz,10,10,199.65,Entregue
3646,07/06/2024,15/06/2024,Loggi,São Paulo,Rodrigues,5,8,213.23,Entregue
58391,05/09/2024,15/09/2024,Correios,Recife,da Mota do Amparo,10,10,159.3,Entregue
1690,03/12/2024,11/12/2024,Azul Cargo,Curitiba,Nogueira,7,8,160.91,Entregue
63007,27/05/2024,02/06/2024,Loggi,Salvador,Ferreira de da Mota,5,6,124.41,Em trânsito
58116,03/01/2024,11/01/2024,Loggi,Belo Horizonte,Vieira do Amparo,7,8,68.2,Entregue
10372,13/10/2024,17/10/2024,Correios,São Paulo,da Cruz do Sul,3,4,76.52,Entregue
61726,21/08/2024,25/08/2024,Loggi,Curitiba,Caldeira,2,4,258.08,Entregue
9085,07/07/2024,14/07/2024,Azul Cargo,São Paulo,Moreira de Fogaça,7,7,95.25,Entregue
27443,27/08/2024,02/09/2024,Correios,Belo Horizonte,da Mota de Fogaça,6,6,140.09,Em trânsito
52718,18/05/2024,26/05/2024,Jadlog,Recife,da Rosa,9,8,239.23,Entregue
16818,17/04/2024,23/04/2024,Loggi,Recife,Nogueira de Souza,6,6,30.88,Entregue
12679,26/05/2024,27/05/2024,Correios,Recife,Santos,2,1,201.72,Em trânsito
44174,13/12/2024,21/12/2024,Azul Cargo,Recife,Silva,5,8,218.51,Entregue
12076,21/05/2024,25/05/2024,Loggi,Curitiba,da Costa de Cardoso,3,4,73.86,Em trânsito
26372,05/06/2024,13/06/2024,Loggi,São Paulo,Azevedo das Flores,8,8,40.1,Entregue
196,16/06/2024,20/06/2024,Loggi,São Paulo,da Rosa do Amparo,2,4,239.02,Entregue
30704,28/11/2024,03/12/2024,Loggi,Curitiba,Freitas Verde,6,5,262.64,Entregue
61718,05/08/2024,11/08/2024,Jadlog,São Paulo,Gomes,3,6,123.24,Entregue
55435,16/03/2024,26/03/2024,Loggi,Belo Horizonte,Fogaça do Galho,7,10,77.57,Entregue
13775,12/07/2024,19/07/2024,Loggi,Belo Horizonte,Cardoso de da Conceição,8,7,194.47,Entregue
40798,18/05/2024,25/05/2024,Jadlog,Recife,Sales do Galho,8,7,221.39,Entregue
24353,20/06/2024,25/06/2024,Jadlog,Recife,Ramos do Campo,2,5,299.47,Em trânsito
4197,16/01/2024,22/01/2024,Correios,Curitiba,Duarte,3,6,280.61,Entregue
24623,13/10/2024,16/10/2024,Azul Cargo,Recife,Costa Alegre,3,3,157.76,Entregue
12258,16/05/2024,20/05/2024,Correios,São Paulo,Aragão,4,4,226.56,Entregue
10090,25/01/2024,28/01/2024,Azul Cargo,Curitiba,Ramos,4,3,79.67,Em trânsito
14238,20/11/2024,01/12/2024,Correios,Recife,Rodrigues da Serra,8,11,55.1,Em trânsito
64217,22/12/2024,30/12/2024,Jadlog,Recife,Rodrigues,9,8,137.18,Entregue
4067,17/03/2024,24/03/2024,Jadlog,Curitiba,Jesus dos Dourados,4,7,273.27,Entregue
42868,09/06/2024,17/06/2024,Azul Cargo,Recife,Viana,6,8,37.85,Entregue
60664,04/10/2024,12/10/2024,Azul Cargo,Recife,Porto,5,8,181.74,Entregue
64106,06/10/2024,14/10/2024,Azul Cargo,Recife,da Costa de Cardoso,5,8,96.06,Entregue
11078,13/07/2024,21/07/2024,Loggi,Curitiba,Rezende das Flores,7,8,95.49,Entregue
7129,26/08/2024,02/09/2024,Correios,Recife,Cardoso de da Mota,6,7,192.89,Entregue
2915,05/09/2024,07/09/2024,Loggi,Belo Horizonte,Souza,3,2,76.84,Entregue
24823,27/11/2024,02/12/2024,Correios,São Paulo,Rocha,6,5,281.1,Entregue
16208,28/12/2024,06/01/2025,Azul Cargo,São Paulo,Barbosa das Flores,8,9,225.33,Entregue
1609,06/10/2024,08/10/2024,Azul Cargo,Salvador,Ramos de Nogueira,2,2,109.61,Entregue
28772,21/09/2024,29/09/2024,Jadlog,Recife,Pereira do Galho,8,8,59.99,Entregue
24494,15/02/2024,23/02/2024,Jadlog,Belo Horizonte,Alves das Pedras,7,8,142.58,Entregue
5529,10/04/2024,13/04/2024,Jadlog,Curitiba,Almeida dos Dourados,4,3,256.51,Entregue
5254,16/08/2024,21/08/2024,Jadlog,Salvador,Ferreira de Duarte,4,5,15.5,Em trânsito
9044,04/05/2024,13/05/2024,Correios,Belo Horizonte,Santos,6,9,189.67,Entregue
32396,21/11/2024,30/11/2024,Azul Cargo,Recife,Gomes,8,9,289.64,Entregue
37087,22/09/2024,30/09/2024,Correios,Recife,Carvalho,9,8,204.77,Entregue
9929,10/03/2024,13/03/2024,Jadlog,São Paulo,da Rosa do Amparo,3,3,54.76,Entregue
8242,09/06/2024,21/06/2024,Jadlog,Salvador,Costa,9,12,277.38,Entregue
4098,11/05/2024,19/05/2024,Correios,Salvador,Fogaça,8,8,80.24,Em trânsito
24640,25/11/2024,01/12/2024,Loggi,Salvador,Cardoso,7,6,295.07,Em trânsito
1591,06/10/2024,10/10/2024,Loggi,Salvador,Silva de Gonçalves,5,4,169.35,Entregue
66965,23/03/2024,30/03/2024,Azul Cargo,Belo Horizonte,Oliveira da Serra,8,7,40.36,Entregue
68006,06/09/2024,11/09/2024,Jadlog,Recife,Lima,2,5,237.31,Entregue
63425,12/06/2024,20/06/2024,Loggi,Curitiba,Sales do Oeste,8,8,31.36,Entregue
59612,09/04/2024,15/04/2024,Jadlog,Salvador,Ribeiro,5,6,63.34,Entregue
62796,13/09/2024,21/09/2024,Loggi,São Paulo,da Mota das Pedras,5,8,57.02,Entregue
35793,03/10/2024,08/10/2024,Azul Cargo,Curitiba,Castro da Praia,2,5,202.71,Em trânsito
8530,26/10/2024,30/10/2024,Azul Cargo,Belo Horizonte,Moura,5,4,231.45,Entregue
278,10/08/2024,18/08/2024,Azul Cargo,São Paulo,da Paz,9,8,155.66,Entregue
67886,17/12/2024,29/12/2024,Azul Cargo,Belo Horizonte,Gonçalves,9,12,41.93,Entregue
630,27/11/2024,05/12/2024,Loggi,Recife,Almeida,8,8,235.31,Entregue
58460,22/01/2024,31/01/2024,Loggi,São Paulo,da Luz,10,9,269.92,Entregue
61248,11/03/2024,18/03/2024,Correios,Recife,Pereira,6,7,164.68,Entregue
46860,19/10/2024,22/10/2024,Jadlog,Salvador,Martins das Pedras,4,3,274.33,Entregue
15055,22/10/2024,28/10/2024,Azul Cargo,Curitiba,Jesus do Galho,6,6,217.77,Entregue
4811,07/03/2024,09/03/2024,Loggi,Belo Horizonte,Cardoso das Flores,2,2,270.0,Entregue
17447,26/11/2024,04/12/2024,Azul Cargo,Recife,Cardoso,7,8,299.59,Entregue
56247,22/04/2024,28/04/2024,Correios,Salvador,Campos,7,6,115.56,Entregue
40971,27/05/2024,29/05/2024,Correios,Recife,Santos dos Dourados,3,2,34.33,Entregue
48904,23/07/2024,27/07/2024,Loggi,Curitiba,Costela da Prata,4,4,224.22,Entregue
33931,15/03/2024,18/03/2024,Correios,Salvador,da Cunha Grande,4,3,100.74,Entregue
3625,23/06/2024,01/07/2024,Correios,São Paulo,Alves do Amparo,8,8,114.42,Devolvido
16517,20/08/2024,27/08/2024,Jadlog,Belo Horizonte,Cardoso,6,7,101.47,Entregue
14937,19/03/2024,01/04/2024,Jadlog,Recife,Freitas,10,13,189.12,Entregue
43495,28/06/2024,01/07/2024,Loggi,Curitiba,Rocha,4,3,201.87,Entregue
1530,15/08/2024,22/08/2024,Jadlog,Belo Horizonte,da Luz Alegre,6,7,115.25,Entregue
42188,13/12/2024,21/12/2024,Loggi,Belo Horizonte,Barbosa do Oeste,6,8,255.9,Entregue
28608,03/06/2024,13/06/2024,Azul Cargo,Recife,Rezende,8,10,229.13,Entregue
19827,28/09/2024,05/10/2024,Jadlog,Recife,Moura da Mata,6,7,99.82,Entregue
39511,24/12/2024,30/12/2024,Azul Cargo,Belo Horizonte,Vieira do Campo,5,6,225.59,Entregue
849,19/12/2024,28/12/2024,Correios,Salvador,Lima,6,9,129.99,Entregue
54390,20/12/2024,28/12/2024,Azul Cargo,Recife,da Rosa de Lima,6,8,289.69,Entregue
13438,04/08/2024,13/08/2024,Azul Cargo,Salvador,Cavalcanti Alegre,7,9,194.75,Entregue
42588,26/06/2024,30/06/2024,Azul Cargo,São Paulo,Moura do Campo,5,4,120.81,Entregue
9280,17/06/2024,21/06/2024,Azul Cargo,Belo Horizonte,Lima,5,4,219.4,Entregue
38443,14/04/2024,23/04/2024,Loggi,Belo Horizonte,Moreira de Goiás,8,9,171.7,Entregue
44801,05/03/2024,09/03/2024,Loggi,São Paulo,Aragão,4,4,220.74,Entregue
32778,28/12/2024,06/01/2025,Correios,São Paulo,Azevedo das Pedras,6,9,206.19,Entregue
14573,06/09/2024,08/09/2024,Correios,Recife,Moraes,2,2,172.86,Entregue
26979,01/03/2024,02/03/2024,Loggi,São Paulo,Melo,2,1,270.65,Entregue
20897,12/10/2024,18/10/2024,Azul Cargo,Salvador,Alves,5,6,232.46,Entregue
14977,05/05/2024,07/05/2024,Correios,Salvador,Lima das Flores,2,2,33.13,Entregue
54528,21/09/2024,29/09/2024,Loggi,Salvador,Correia das Flores,5,8,129.46,Entregue
23437,22/10/2024,31/10/2024,Azul Cargo,São Paulo,Oliveira do Norte,6,9,279.03,Entregue
4473,09/07/2024,19/07/2024,Azul Cargo,Recife,Silveira de da Mota,7,10,70.2,Devolvido
44729,01/11/2024,05/11/2024,Correios,Belo Horizonte,da Cruz,5,4,67.89,Entregue
43211,04/04/2024,06/04/2024,Loggi,Recife,Fogaça,2,2,23.32,Entregue
18497,15/02/2024,25/02/2024,Jadlog,Salvador,Teixeira da Prata,10,10,123.72,Entregue
33502,15/06/2024,26/06/2024,Correios,Curitiba,Cunha,10,11,180.5,Entregue
8351,04/01/2024,11/01/2024,Loggi,Recife,da Mata,6,7,261.38,Entregue
61309,04/07/2024,10/07/2024,Loggi,Curitiba,Pereira,4,6,188.7,Entregue
18995,06/11/2024,18/11/2024,Jadlog,São Paulo,Moraes,10,12,296.03,Devolvido
18555,05/06/2024,15/06/2024,Jadlog,Recife,Rezende do Amparo,8,10,206.35,Entregue
15444,17/08/2024,22/08/2024,Azul Cargo,São Paulo,Martins de Minas,6,5,290.74,Entregue
18440,17/11/2024,25/11/2024,Jadlog,Recife,Carvalho,5,8,297.82,Entregue
19485,23/11/2024,30/11/2024,Loggi,Curitiba,Rodrigues de Cavalcanti,4,7,262.22,Entregue
53289,25/09/2024,01/10/2024,Jadlog,Belo Horizonte,Carvalho,7,6,241.62,Em trânsito
18107,14/04/2024,19/04/2024,Jadlog,Curitiba,Oliveira,4,5,137.1,Entregue
370,23/10/2024,01/11/2024,Correios,São Paulo,Pinto de Goiás,9,9,187.61,Entregue
36910,09/01/2024,17/01/2024,Correios,Salvador,da Mota das Pedras,6,8,54.51,Entregue
28137,22/07/2024,03/08/2024,Correios,Belo Horizonte,Rocha do Sul,10,12,16.35,Entregue
49441,27/07/2024,02/08/2024,Loggi,Salvador,Almeida,4,6,297.44,Entregue
9332,28/10/2024,03/11/2024,Jadlog,Salvador,Silveira de Pereira,6,6,224.74,Entregue
23282,17/06/2024,20/06/2024,Azul Cargo,Recife,Silveira Grande,3,3,162.69,Em trânsito
44637,03/05/2024,10/05/2024,Jadlog,Recife,Fernandes,8,7,181.16,Entregue
50313,26/06/2024,09/07/2024,Azul Cargo,Belo Horizonte,Moreira,10,13,30.23,Entregue
26055,11/09/2024,21/09/2024,Correios,São Paulo,Correia,10,10,177.88,Entregue
15040,14/09/2024,23/09/2024,Azul Cargo,Belo Horizonte,Porto de Goiás,7,9,184.88,Entregue
18356,11/07/2024,15/07/2024,Correios,Belo Horizonte,Silva,4,4,130.2,Entregue
32703,10/08/2024,13/08/2024,Jadlog,Curitiba,Cardoso de Pires,4,3,238.68,Devolvido
31090,25/12/2024,05/01/2025,Loggi,Salvador,Rezende,9,11,134.42,Entregue
34460,18/01/2024,27/01/2024,Jadlog,Belo Horizonte,Sales,9,9,253.0,Em trânsito
53573,25/06/2024,05/07/2024,Azul Cargo,São Paulo,da Cunha,8,10,126.4,Entregue
27551,14/11/2024,23/11/2024,Azul Cargo,Belo Horizonte,da Mota da Mata,6,9,252.53,Entregue
63181,18/03/2024,24/03/2024,Loggi,Salvador,Araújo Verde,3,6,40.52,Entregue
25923,02/01/2024,05/01/2024,Jadlog,Recife,Nunes,2,3,13.13,Entregue
61492,01/06/2024,13/06/2024,Loggi,Salvador,Castro,10,12,79.52,Entregue
67325,26/12/2024,02/01/2025,Loggi,São Paulo,Melo das Pedras,7,7,246.75,Entregue
1115,01/06/2024,08/06/2024,Loggi,Belo Horizonte,Silveira de Aragão,6,7,198.68,Entregue
18784,03/05/2024,08/05/2024,Jadlog,Curitiba,Freitas de Rezende,3,5,48.62,Entregue
47340,26/07/2024,01/08/2024,Loggi,Belo Horizonte,Cardoso das Flores,4,6,259.04,Entregue
16698,28/07/2024,01/08/2024,Loggi,Salvador,Santos,4,4,231.21,Entregue
24457,15/12/2024,23/12/2024,Loggi,Belo Horizonte,Correia do Oeste,8,8,267.69,Entregue
42883,11/07/2024,22/07/2024,Azul Cargo,São Paulo,Costela da Serra,10,11,267.45,Entregue
51923,02/02/2024,15/02/2024,Correios,Recife,Lima,10,13,297.07,Entregue
25001,05/04/2024,13/04/2024,Loggi,Salvador,Pereira,7,8,151.64,Entregue
26196,19/06/2024,24/06/2024,Correios,Recife,Pires de Moura,5,5,113.78,Entregue
31079,04/12/2024,17/12/2024,Jadlog,Salvador,da Paz,10,13,278.63,Entregue
46289,23/12/2024,03/01/2025,Correios,Curitiba,Rocha,8,11,103.59,Em trânsito
34546,10/06/2024,14/06/2024,Correios,Salvador,Duarte,4,4,88.09,Entregue
60779,02/01/2024,09/01/2024,Loggi,Belo Horizonte,Jesus dos Dourados,8,7,164.49,Entregue
35406,10/01/2024,16/01/2024,Correios,Belo Horizonte,da Mota,7,6,39.71,Entregue
57956,08/04/2024,17/04/2024,Loggi,Salvador,Rodrigues de Araújo,9,9,266.02,Entregue
6112,19/02/2024,28/02/2024,Jadlog,Recife,Ramos,8,9,264.76,Entregue
34066,18/11/2024,23/11/2024,Jadlog,Recife,Pires,5,5,262.84,Entregue
40099,12/10/2024,24/10/2024,Correios,Curitiba,Campos do Norte,10,12,157.89,Entregue
54127,12/06/2024,21/06/2024,Loggi,Recife,Cardoso,9,9,69.39,Entregue
67303,21/11/2024,01/12/2024,Correios,Belo Horizonte,Ramos,7,10,38.41,Em trânsito
56702,10/09/2024,21/09/2024,Loggi,Curitiba,da Paz de Teixeira,8,11,158.45,Entregue
1127,11/07/2024,22/07/2024,Correios,Curitiba,Silva do Sul,9,11,161.84,Entregue
14519,06/06/2024,13/06/2024,Correios,Salvador,Santos da Mata,7,7,99.14,Entregue
33469,11/05/2024,19/05/2024,Azul Cargo,Salvador,Cardoso,6,8,251.57,Entregue
17450,11/11/2024,24/11/2024,Jadlog,Belo Horizonte,Ribeiro Verde,10,13,189.57,Entregue
15005,10/07/2024,21/07/2024,Loggi,Belo Horizonte,Castro de Monteiro,9,11,49.83,Entregue
30362,24/01/2024,28/01/2024,Azul Cargo,Recife,Costela,5,4,288.45,Entregue
3777,19/11/2024,28/11/2024,Correios,Curitiba,Rezende,9,9,84.3,Entregue
66900,27/01/2024,02/02/2024,Correios,São Paulo,Oliveira do Galho,3,6,211.37,Entregue
28464,18/02/2024,28/02/2024,Jadlog,Curitiba,Barros de Novaes,7,10,277.89,Entregue
45470,02/01/2024,09/01/2024,Loggi,Belo Horizonte,Aragão de Fernandes,5,7,203.42,Entregue
43013,17/04/2024,22/04/2024,Loggi,Curitiba,Caldeira Verde,2,5,216.94,Entregue
48002,18/02/2024,02/03/2024,Loggi,Salvador,Moraes,10,13,57.62,Entregue
18305,15/04/2024,28/04/2024,Loggi,Belo Horizonte,da Luz,10,13,98.46,Entregue
49887,12/03/2024,15/03/2024,Azul Cargo,Recife,Almeida Paulista,4,3,270.39,Entregue
57232,26/08/2024,01/09/2024,Jadlog,São Paulo,Caldeira de da Mota,4,6,38.71,Entregue
6014,22/10/2024,23/10/2024,Loggi,Salvador,Ferreira do Norte,2,1,231.81,Entregue
5437,04/12/2024,07/12/2024,Azul Cargo,Salvador,Santos Grande,2,3,115.07,Entregue
13452,13/10/2024,23/10/2024,Correios,Belo Horizonte,Teixeira,7,10,224.84,Em trânsito
1744,06/02/2024,15/02/2024,Jadlog,Recife,Pinto de Peixoto,10,9,34.81,Entregue
35785,28/10/2024,06/11/2024,Correios,Curitiba,Nascimento Paulista,6,9,73.53,Entregue
10528,18/08/2024,26/08/2024,Correios,São Paulo,Moura do Campo,6,8,77.07,Em trânsito
34006,24/08/2024,01/09/2024,Loggi,Salvador,das Neves,6,8,16.22,Entregue
33545,21/07/2024,27/07/2024,Jadlog,Recife,Moura,5,6,269.95,Entregue
2631,27/03/2024,01/04/2024,Azul Cargo,Belo Horizonte,Carvalho,6,5,191.51,Entregue
18400,19/09/2024,26/09/2024,Correios,Belo Horizonte,Pinto,8,7,65.14,Entregue
17988,21/09/2024,29/09/2024,Azul Cargo,Recife,Farias,9,8,69.44,Entregue
30192,24/02/2024,07/03/2024,Jadlog,Belo Horizonte,da Mata,9,12,143.38,Entregue
7913,14/01/2024,18/01/2024,Loggi,Recife,da Luz,4,4,256.39,Entregue
19476,17/11/2024,27/11/2024,Correios,Curitiba,Cardoso,9,10,223.49,Entregue
22431,26/07/2024,08/08/2024,Correios,Salvador,Araújo Verde,10,13,244.96,Entregue
25273,06/11/2024,14/11/2024,Azul Cargo,Recife,da Mota da Praia,9,8,223.29,Entregue
12141,24/09/2024,04/10/2024,Jadlog,Recife,Azevedo,7,10,217.23,Em trânsito
43461,15/05/2024,26/05/2024,Loggi,Belo Horizonte,Barbosa,8,11,166.46,Entregue
3956,08/08/2024,12/08/2024,Jadlog,Recife,da Cruz,4,4,281.26,Entregue
4450,01/05/2024,05/05/2024,Azul Cargo,Curitiba,Fogaça do Galho,5,4,299.59,Entregue
43870,07/04/2024,15/04/2024,Correios,Belo Horizonte,Monteiro do Sul,8,8,126.44,Entregue
9267,07/06/2024,15/06/2024,Correios,Belo Horizonte,Lima,9,8,160.49,Entregue
50897,15/06/2024,23/06/2024,Loggi,Curitiba,Silveira de Aragão,9,8,37.83,Entregue
20834,20/06/2024,01/07/2024,Correios,Recife,Duarte,8,11,224.29,Entregue
58635,20/06/2024,28/06/2024,Azul Cargo,São Paulo,Monteiro,6,8,212.45,Em trânsito
39976,13/07/2024,25/07/2024,Jadlog,Recife,Silva,10,12,270.72,Entregue
5103,07/04/2024,16/04/2024,Jadlog,Recife,Barbosa,7,9,140.4,Entregue
15171,23/02/2024,04/03/2024,Loggi,Recife,da Luz,8,10,155.37,Entregue
33947,11/04/2024,14/04/2024,Azul Cargo,Recife,da Luz,2,3,83.22,Entregue
45196,11/06/2024,15/06/2024,Loggi,São Paulo,Costela de da Mota,5,4,62.85,Entregue
26460,28/12/2024,06/01/2025,Loggi,Curitiba,Carvalho,7,9,244.71,Entregue
21042,19/07/2024,24/07/2024,Loggi,Salvador,Rodrigues da Serra,5,5,160.65,Entregue
40211,13/02/2024,21/02/2024,Correios,Belo Horizonte,Fernandes de Santos,7,8,113.42,Entregue
44969,17/01/2024,23/01/2024,Correios,Belo Horizonte,Viana,6,6,73.83,Entregue
39153,19/01/2024,28/01/2024,Correios,Belo Horizonte,Novaes,9,9,288.76,Entregue
63262,26/08/2024,30/08/2024,Azul Cargo,São Paulo,Ramos,2,4,268.87,Entregue
55846,21/08/2024,30/08/2024,Jadlog,Belo Horizonte,Dias das Flores,6,9,141.74,Devolvido
21568,16/11/2024,27/11/2024,Correios,Recife,Rocha,9,11,274.22,Entregue
60134,09/03/2024,19/03/2024,Azul Cargo,Curitiba,Oliveira da Prata,8,10,221.25,Entregue
22757,13/06/2024,21/06/2024,Correios,Salvador,Costela,9,8,20.11,Entregue
52457,13/01/2024,22/01/2024,Azul Cargo,Belo Horizonte,da Mota do Amparo,7,9,63.89,Entregue
38549,28/11/2024,07/12/2024,Correios,São Paulo,Rezende,7,9,30.29,Entregue
57120,24/02/2024,26/02/2024,Loggi,Belo Horizonte,Novaes dos Dourados,3,2,127.29,Entregue
67351,15/12/2024,24/12/2024,Loggi,São Paulo,Almeida da Praia,6,9,272.64,Entregue
37804,10/05/2024,21/05/2024,Loggi,Recife,Costa,10,11,149.42,Entregue
2806,01/03/2024,03/03/2024,Jadlog,Curitiba,Monteiro,2,2,45.68,Entregue
30180,27/01/2024,30/01/2024,Correios,Recife,Vieira do Norte,4,3,206.48,Entregue
12893,19/12/2024,22/12/2024,Correios,São Paulo,Alves do Galho,2,3,266.29,Entregue
22859,03/01/2024,12/01/2024,Azul Cargo,Belo Horizonte,da Rosa das Flores,9,9,86.15,Entregue
36928,12/02/2024,20/02/2024,Azul Cargo,Recife,da Rosa,7,8,30.37,Entregue
17250,04/10/2024,09/10/2024,Loggi,Belo Horizonte,Moraes do Campo,6,5,120.69,Entregue
34558,08/07/2024,15/07/2024,Loggi,Recife,Nunes do Oeste,8,7,39.1,Entregue
31772,22/01/2024,02/02/2024,Azul Cargo,Belo Horizonte,Viana de Cardoso,10,11,78.82,Em trânsito
39584,08/05/2024,11/05/2024,Azul Cargo,Recife,Nogueira,4,3,211.89,Entregue
52013,09/08/2024,19/08/2024,Loggi,São Paulo,Mendes,9,10,16.53,Entregue
33158,27/12/2024,07/01/2025,Correios,Belo Horizonte,Martins dos Dourados,9,11,275.14,Entregue
34370,23/08/2024,29/08/2024,Correios,Recife,Teixeira da Prata,6,6,184.64,Entregue
62365,09/09/2024,13/09/2024,Loggi,Recife,Fogaça,3,4,181.97,Entregue
7784,18/04/2024,23/04/2024,Jadlog,São Paulo,Moreira de Lima,5,5,50.73,Entregue
59370,01/10/2024,05/10/2024,Correios,Salvador,Correia dos Dourados,4,4,148.81,Entregue
24628,18/11/2024,24/11/2024,Azul Cargo,Curitiba,Cardoso,3,6,129.14,Entregue
55311,09/07/2024,20/07/2024,Azul Cargo,Salvador,da Costa,10,11,89.2,Em trânsito
38440,18/04/2024,22/04/2024,Azul Cargo,Salvador,Santos dos Dourados,2,4,242.27,Entregue
37718,01/11/2024,11/11/2024,Loggi,Recife,Oliveira Grande,9,10,130.73,Em trânsito
54339,04/08/2024,11/08/2024,Jadlog,Salvador,da Rosa,6,7,53.46,Entregue
28337,05/08/2024,17/08/2024,Loggi,Recife,Lima,9,12,250.58,Entregue
61082,05/07/2024,16/07/2024,Jadlog,Salvador,Costela,8,11,263.01,Entregue
42281,07/06/2024,12/06/2024,Azul Cargo,São Paulo,Costela,3,5,74.7,Entregue
3271,07/11/2024,12/11/2024,Correios,Salvador,Cunha,5,5,183.65,Entregue
37008,13/05/2024,22/05/2024,Loggi,São Paulo,Lopes de Sales,8,9,245.69,Entregue
25720,28/12/2024,29/12/2024,Jadlog,Belo Horizonte,da Paz Grande,2,1,100.86,Entregue
13324,12/01/2024,17/01/2024,Jadlog,Salvador,Barbosa,4,5,15.37,Em trânsito
8920,19/11/2024,22/11/2024,Azul Cargo,Salvador,Aragão de Fernandes,2,3,39.29,Em trânsito
65870,11/11/2024,17/11/2024,Azul Cargo,Salvador,Almeida,4,6,158.01,Em trânsito
24423,08/10/2024,21/10/2024,Loggi,Recife,Lopes,10,13,44.38,Entregue
4886,12/07/2024,21/07/2024,Azul Cargo,Recife,Nunes,6,9,272.21,Devolvido
45485,24/02/2024,27/02/2024,Loggi,São Paulo,Barbosa,3,3,101.22,Entregue
45317,11/09/2024,16/09/2024,Azul Cargo,Recife,da Conceição Grande,6,5,99.49,Entregue
23891,15/12/2024,23/12/2024,Azul Cargo,Curitiba,Peixoto da Mata,9,8,233.99,Entregue
65223,25/07/2024,30/07/2024,Jadlog,São Paulo,Fernandes do Norte,4,5,213.65,Entregue
31647,21/08/2024,30/08/2024,Correios,Recife,Castro de Carvalho,10,9,209.84,Devolvido
19293,02/02/2024,06/02/2024,Azul Cargo,Salvador,Barbosa,5,4,70.13,Entregue
19236,16/12/2024,28/12/2024,Loggi,Belo Horizonte,das Neves,9,12,256.56,Entregue
33142,17/12/2024,25/12/2024,Azul Cargo,Curitiba,Aragão de Cardoso,7,8,97.46,Entregue
8833,22/06/2024,04/07/2024,Azul Cargo,Curitiba,Carvalho,9,12,128.61,Entregue
20680,10/08/2024,18/08/2024,Azul Cargo,Salvador,Jesus,5,8,152.39,Entregue
1247,27/02/2024,29/02/2024,Loggi,Salvador,Costela,3,2,118.07,Em trânsito
24580,26/07/2024,04/08/2024,Azul Cargo,São Paulo,da Rosa do Amparo,7,9,82.69,Entregue
60477,02/05/2024,11/05/2024,Correios,São Paulo,da Rosa do Amparo,6,9,92.43,Entregue
32596,01/12/2024,09/12/2024,Loggi,Curitiba,Fernandes de Campos,8,8,16.29,Entregue
40854,11/09/2024,15/09/2024,Correios,Recife,Martins das Pedras,5,4,228.74,Entregue
17118,07/01/2024,14/01/2024,Loggi,Salvador,Cavalcanti da Praia,4,7,223.32,Entregue
5217,03/07/2024,09/07/2024,Correios,Belo Horizonte,da Paz de Almeida,5,6,234.13,Em trânsito
61125,11/09/2024,21/09/2024,Azul Cargo,Recife,Araújo Verde,8,10,189.98,Entregue
9956,26/05/2024,05/06/2024,Loggi,Belo Horizonte,Duarte,8,10,37.22,Entregue
11944,13/07/2024,21/07/2024,Correios,Salvador,Freitas,8,8,32.22,Devolvido
44330,13/08/2024,18/08/2024,Azul Cargo,São Paulo,Nogueira,2,5,242.52,Entregue
58778,15/11/2024,18/11/2024,Loggi,Curitiba,da Rocha da Serra,2,3,133.72,Entregue
50077,07/04/2024,11/04/2024,Azul Cargo,Salvador,Ferreira,2,4,295.0,Em trânsito
26342,07/04/2024,15/04/2024,Azul Cargo,São Paulo,Costela,8,8,146.01,Entregue
42977,23/01/2024,28/01/2024,Loggi,Recife,Cardoso,5,5,248.28,Entregue
47200,22/10/2024,29/10/2024,Jadlog,Recife,da Rosa,6,7,200.04,Entregue
34967,28/01/2024,03/02/2024,Correios,Salvador,Azevedo,3,6,16.78,Entregue
34697,10/05/2024,14/05/2024,Azul Cargo,Recife,da Rosa,4,4,10.87,Entregue
55120,12/09/2024,25/09/2024,Azul Cargo,Recife,Campos,10,13,205.65,Em trânsito
3232,11/09/2024,21/09/2024,Jadlog,São Paulo,da Luz,7,10,86.76,Entregue
38949,18/11/2024,25/11/2024,Correios,Belo Horizonte,da Rosa,8,7,68.32,Em trânsito
24376,23/07/2024,03/08/2024,Loggi,Salvador,Dias,10,11,111.2,Entregue
1504,24/08/2024,30/08/2024,Azul Cargo,Belo Horizonte,Farias do Galho,3,6,12.91,Entregue
62395,09/11/2024,13/11/2024,Jadlog,Curitiba,Ribeiro,4,4,213.43,Entregue
54097,21/04/2024,24/04/2024,Loggi,Belo Horizonte,Cardoso,4,3,230.4,Entregue
27659,16/03/2024,25/03/2024,Azul Cargo,Recife,das Neves do Sul,6,9,272.81,Entregue
53520,04/02/2024,12/02/2024,Loggi,São Paulo,Lopes,8,8,225.58,Entregue
25944,02/02/2024,05/02/2024,Azul Cargo,Belo Horizonte,Cunha,4,3,124.85,Em trânsito
50463,15/03/2024,20/03/2024,Loggi,Belo Horizonte,Cavalcanti do Sul,3,5,152.9,Entregue
17463,27/12/2024,03/01/2025,Azul Cargo,Curitiba,Peixoto,4,7,202.48,Entregue
45117,05/04/2024,08/04/2024,Azul Cargo,Belo Horizonte,Oliveira do Norte,3,3,203.09,Entregue
47973,07/01/2024,13/01/2024,Jadlog,São Paulo,Costela de da Mota,7,6,93.15,Entregue
52215,11/08/2024,14/08/2024,Correios,Curitiba,Pereira,2,3,46.63,Entregue
2778,01/02/2024,07/02/2024,Correios,Belo Horizonte,Martins de Correia,4,6,34.34,Entregue
33493,25/06/2024,30/06/2024,Azul Cargo,São Paulo,Almeida Paulista,5,5,248.56,Entregue
46004,19/05/2024,28/05/2024,Loggi,Recife,da Cruz do Amparo,6,9,53.05,Entregue
1619,16/10/2024,20/10/2024,Jadlog,Recife,Lopes,3,4,162.01,Entregue
56433,16/05/2024,25/05/2024,Loggi,Salvador,Fernandes de Santos,10,9,145.58,Entregue
1167,21/10/2024,26/10/2024,Azul Cargo,Curitiba,Moura,6,5,87.42,Entregue
25628,01/09/2024,13/09/2024,Loggi,Curitiba,Mendes,9,12,71.49,Entregue
40539,23/06/2024,02/07/2024,Azul Cargo,Salvador,Pereira,10,9,215.21,Em trânsito
41667,08/06/2024,15/06/2024,Azul Cargo,Recife,Porto,8,7,208.44,Em trânsito
15673,25/03/2024,03/04/2024,Correios,Curitiba,Vieira do Norte,7,9,116.59,Entregue
67593,07/05/2024,11/05/2024,Jadlog,Curitiba,Farias do Galho,5,4,166.85,Entregue
42017,15/03/2024,20/03/2024,Azul Cargo,Recife,da Conceição,5,5,94.86,Entregue
15297,03/05/2024,13/05/2024,Jadlog,Belo Horizonte,Caldeira,10,10,248.71,Em trânsito
23840,17/09/2024,23/09/2024,Azul Cargo,Recife,Pinto,6,6,160.84,Entregue
17550,03/05/2024,12/05/2024,Correios,Salvador,Freitas Verde,9,9,216.69,Entregue
12427,05/03/2024,08/03/2024,Loggi,Salvador,Rocha do Sul,2,3,69.51,Entregue
15812,11/11/2024,12/11/2024,Correios,Curitiba,Martins das Pedras,2,1,113.27,Em trânsito
38027,01/09/2024,07/09/2024,Correios,Curitiba,das Neves,7,6,175.4,Entregue
51305,16/08/2024,22/08/2024,Azul Cargo,São Paulo,Duarte Grande,6,6,72.87,Entregue
13949,15/06/2024,18/06/2024,Azul Cargo,Curitiba,da Cunha do Norte,3,3,273.49,Entregue
1639,28/11/2024,05/12/2024,Jadlog,Salvador,Duarte Verde,4,7,55.65,Entregue
5107,14/04/2024,27/04/2024,Correios,São Paulo,Cunha,10,13,200.47,Entregue
45802,20/11/2024,30/11/2024,Loggi,São Paulo,Castro de Carvalho,8,10,229.42,Entregue
39269,22/08/2024,02/09/2024,Loggi,Belo Horizonte,Nascimento,8,11,293.66,Entregue
20651,22/07/2024,31/07/2024,Loggi,Recife,Rodrigues,7,9,197.22,Entregue
1584,14/09/2024,25/09/2024,Correios,Salvador,Rezende,9,11,174.32,Entregue
23102,09/02/2024,14/02/2024,Jadlog,São Paulo,da Rocha Paulista,3,5,262.76,Entregue
4388,07/01/2024,16/01/2024,Loggi,Belo Horizonte,da Costa Grande,10,9,104.13,Entregue
7782,07/04/2024,20/04/2024,Jadlog,Curitiba,da Luz Grande,10,13,131.43,Entregue
39325,11/12/2024,16/12/2024,Azul Cargo,São Paulo,Ribeiro,5,5,247.0,Entregue
48033,15/02/2024,23/02/2024,Jadlog,Belo Horizonte,Silveira de Aragão,6,8,227.53,Entregue
6391,17/09/2024,25/09/2024,Correios,Recife,Alves,5,8,33.96,Entregue
38246,18/07/2024,30/07/2024,Jadlog,Salvador,da Rosa de Lima,10,12,110.76,Entregue
225,21/06/2024,29/06/2024,Loggi,Curitiba,da Mota da Praia,9,8,228.0,Entregue
16142,23/08/2024,29/08/2024,Correios,Salvador,Barros,7,6,224.79,Entregue
48013,22/02/2024,04/03/2024,Azul Cargo,Recife,da Luz,8,11,150.28,Entregue
13857,21/01/2024,26/01/2024,Jadlog,Salvador,Silva,4,5,137.23,Entregue
4670,22/06/2024,30/06/2024,Azul Cargo,São Paulo,Costela,9,8,168.12,Entregue
48188,28/06/2024,10/07/2024,Jadlog,Belo Horizonte,Gonçalves,10,12,173.53,Entregue
44762,20/01/2024,28/01/2024,Loggi,Belo Horizonte,Lima,8,8,201.27,Entregue
53469,16/10/2024,23/10/2024,Loggi,Belo Horizonte,Jesus Paulista,6,7,135.45,Entregue
13405,01/07/2024,06/07/2024,Loggi,São Paulo,Costela,2,5,105.68,Devolvido
59719,26/11/2024,30/11/2024,Azul Cargo,Curitiba,Correia do Galho,3,4,13.04,Entregue
43113,10/10/2024,14/10/2024,Jadlog,São Paulo,Nogueira Paulista,4,4,237.27,Em trânsito
42775,03/12/2024,11/12/2024,Correios,Belo Horizonte,Moreira de Lima,8,8,177.42,Entregue
40140,14/11/2024,20/11/2024,Azul Cargo,Recife,Pinto de Minas,5,6,270.14,Entregue
62754,01/08/2024,11/08/2024,Loggi,Curitiba,Souza,8,10,28.12,Entregue
64940,19/12/2024,24/12/2024,Loggi,Salvador,Sales do Galho,5,5,183.14,Em trânsito
38278,15/08/2024,27/08/2024,Loggi,São Paulo,Jesus Paulista,9,12,171.1,Em trânsito
59387,18/11/2024,27/11/2024,Azul Cargo,Curitiba,Porto,6,9,275.63,Entregue
66835,10/10/2024,18/10/2024,Jadlog,São Paulo,Pinto,9,8,126.81,Entregue
40665,04/11/2024,13/11/2024,Loggi,Salvador,Barbosa,6,9,94.71,Entregue
713,27/04/2024,03/05/2024,Correios,Belo Horizonte,Cardoso,4,6,293.81,Entregue
25154,21/08/2024,28/08/2024,Azul Cargo,Curitiba,Campos,5,7,255.74,Entregue
32156,06/10/2024,14/10/2024,Correios,Recife,Viana de Cardoso,9,8,218.43,Em trânsito
13326,16/02/2024,22/02/2024,Azul Cargo,São Paulo,Correia,4,6,107.57,Entregue
39123,05/10/2024,07/10/2024,Jadlog,Salvador,Azevedo,2,2,68.3,Entregue
33808,17/06/2024,28/06/2024,Azul Cargo,São Paulo,das Neves do Oeste,8,11,115.93,Em trânsito
2938,28/11/2024,09/12/2024,Loggi,São Paulo,Farias,9,11,30.93,Entregue
19673,10/11/2024,13/11/2024,Azul Cargo,Salvador,Freitas,4,3,233.07,Entregue
11794,06/10/2024,14/10/2024,Jadlog,Salvador,da Conceição das Pedras,5,8,157.37,Entregue
16790,01/01/2024,11/01/2024,Jadlog,São Paulo,Rodrigues,8,10,88.65,Entregue
12702,07/05/2024,11/05/2024,Azul Cargo,Curitiba,Ribeiro,5,4,37.83,Entregue
24186,23/07/2024,29/07/2024,Loggi,Recife,Costela da Serra,3,6,173.62,Entregue
57442,22/07/2024,28/07/2024,Jadlog,Belo Horizonte,Jesus,5,6,69.03,Entregue
5780,21/07/2024,27/07/2024,Azul Cargo,São Paulo,Mendes,7,6,286.46,Entregue
30879,14/05/2024,24/05/2024,Loggi,Recife,Freitas de Moraes,7,10,34.11,Entregue
17363,18/05/2024,26/05/2024,Azul Cargo,Recife,Almeida dos Dourados,7,8,189.61,Entregue
9024,03/04/2024,06/04/2024,Jadlog,Recife,Nascimento,3,3,120.45,Entregue
25312,22/12/2024,29/12/2024,Correios,São Paulo,Carvalho,6,7,62.26,Entregue
38929,24/10/2024,31/10/2024,Azul Cargo,Belo Horizonte,Cardoso,6,7,81.34,Entregue
46386,03/05/2024,08/05/2024,Correios,Recife,Moraes da Prata,3,5,64.27,Entregue
5069,13/03/2024,24/03/2024,Loggi,Curitiba,Pinto,9,11,198.99,Entregue
63474,26/09/2024,07/10/2024,Loggi,Curitiba,Costa,8,11,179.16,Entregue
1290,12/02/2024,17/02/2024,Correios,Belo Horizonte,Costa,2,5,179.18,Devolvido
17961,01/08/2024,03/08/2024,Loggi,Belo Horizonte,da Mata,2,2,190.19,Entregue
45599,05/09/2024,16/09/2024,Azul Cargo,Curitiba,Oliveira Grande,9,11,88.01,Entregue
28477,17/02/2024,21/02/2024,Correios,Belo Horizonte,Azevedo,3,4,192.84,Entregue
66465,14/01/2024,24/01/2024,Correios,Belo Horizonte,Novaes,10,10,252.91,Entregue
68015,03/10/2024,11/10/2024,Azul Cargo,Recife,Nunes,7,8,44.97,Entregue
52516,28/05/2024,01/06/2024,Correios,Belo Horizonte,Rezende,5,4,156.9,Entregue
2759,25/01/2024,27/01/2024,Correios,Recife,Rodrigues de Araújo,2,2,278.63,Entregue
18606,03/10/2024,05/10/2024,Azul Cargo,Recife,Ferreira,3,2,289.08,Entregue
57256,12/10/2024,14/10/2024,Loggi,Salvador,Fernandes do Norte,3,2,44.56,Entregue
63981,26/07/2024,28/07/2024,Loggi,São Paulo,Barros,3,2,23.45,Em trânsito
8875,11/09/2024,20/09/2024,Loggi,Curitiba,Pinto da Praia,6,9,214.46,Entregue
29559,25/01/2024,02/02/2024,Jadlog,Belo Horizonte,Moura,5,8,170.72,Entregue
12554,03/12/2024,12/12/2024,Azul Cargo,São Paulo,Moraes,6,9,79.04,Entregue
21635,15/02/2024,21/02/2024,Loggi,Recife,Lima,3,6,209.85,Devolvido
33154,05/12/2024,15/12/2024,Correios,São Paulo,Silva,8,10,193.84,Entregue
17105,11/12/2024,15/12/2024,Loggi,Curitiba,Moreira de Araújo,3,4,27.05,Entregue
59798,18/04/2024,20/04/2024,Correios,São Paulo,da Luz Alegre,2,2,108.34,Entregue
57654,15/07/2024,20/07/2024,Azul Cargo,Salvador,Silveira Grande,4,5,17.78,Entregue
42299,14/07/2024,26/07/2024,Loggi,Salvador,Ribeiro Verde,9,12,66.51,Em trânsito
32247,17/12/2024,28/12/2024,Correios,Salvador,Lima,9,11,281.31,Entregue
65049,18/03/2024,28/03/2024,Correios,Curitiba,Barbosa,7,10,238.57,Entregue
24923,05/02/2024,14/02/2024,Loggi,Salvador,da Mata de Rocha,7,9,195.22,Entregue
16371,24/10/2024,29/10/2024,Jadlog,Belo Horizonte,Freitas,3,5,129.62,Entregue
27306,05/05/2024,17/05/2024,Azul Cargo,Recife,da Mota,10,12,75.27,Entregue
51641,24/08/2024,28/08/2024,Jadlog,Curitiba,Moura,5,4,234.97,Entregue
7678,21/09/2024,02/10/2024,Jadlog,Salvador,Castro de Carvalho,9,11,271.92,Entregue
4208,16/02/2024,25/02/2024,Correios,Belo Horizonte,Castro do Norte,9,9,66.61,Entregue
66607,09/09/2024,12/09/2024,Azul Cargo,Curitiba,da Paz de Teixeira,2,3,195.05,Em trânsito
46700,10/12/2024,16/12/2024,Correios,Salvador,Pinto da Praia,4,6,14.56,Entregue
60834,13/04/2024,24/04/2024,Jadlog,Salvador,Carvalho,10,11,202.81,Entregue
46785,08/05/2024,13/05/2024,Correios,Belo Horizonte,Duarte de Monteiro,5,5,194.31,Entregue
4912,16/09/2024,19/09/2024,Loggi,Curitiba,Costela,4,3,190.05,Entregue
1585,09/09/2024,20/09/2024,Loggi,Curitiba,Moraes de Goiás,9,11,228.05,Entregue
26131,16/02/2024,23/02/2024,Correios,São Paulo,Pereira,5,7,30.51,Entregue
11981,07/10/2024,16/10/2024,Loggi,Salvador,Alves de Vieira,6,9,296.94,Entregue
62367,17/09/2024,21/09/2024,Correios,Curitiba,da Rocha do Norte,4,4,92.29,Entregue
44945,17/12/2024,26/12/2024,Jadlog,Belo Horizonte,Oliveira,8,9,45.95,Entregue
54879,12/09/2024,13/09/2024,Loggi,Recife,Araújo de Goiás,2,1,182.95,Entregue
8524,27/10/2024,01/11/2024,Azul Cargo,Belo Horizonte,Silveira de da Mota,6,5,264.57,Entregue
59778,05/03/2024,15/03/2024,Azul Cargo,Belo Horizonte,Costela,9,10,234.15,Entregue
25394,08/02/2024,11/02/2024,Loggi,Curitiba,Oliveira Grande,2,3,264.66,Em trânsito
42047,12/05/2024,23/05/2024,Azul Cargo,Curitiba,Correia dos Dourados,9,11,146.02,Entregue
57634,21/05/2024,01/06/2024,Azul Cargo,Belo Horizonte,da Conceição de Campos,8,11,287.9,Entregue
15726,28/06/2024,04/07/2024,Azul Cargo,São Paulo,Fernandes do Galho,6,6,192.61,Em trânsito
23700,21/11/2024,29/11/2024,Jadlog,Belo Horizonte,Sales Paulista,8,8,240.99,Entregue
7885,06/11/2024,09/11/2024,Correios,Recife,Gomes,4,3,182.09,Em trânsito
8286,02/09/2024,11/09/2024,Correios,Belo Horizonte,das Neves,7,9,140.55,Entregue
60427,17/04/2024,24/04/2024,Loggi,Recife,Novaes,4,7,224.39,Entregue
6498,04/11/2024,05/11/2024,Loggi,Salvador,Peixoto dos Dourados,2,1,148.14,Entregue
1680,02/12/2024,05/12/2024,Loggi,Belo Horizonte,da Cunha,3,3,211.6,Entregue
59865,10/09/2024,20/09/2024,Azul Cargo,São Paulo,Fogaça do Galho,10,10,13.95,Entregue
18577,25/08/2024,04/09/2024,Correios,Salvador,Silveira,9,10,199.29,Entregue
15133,10/01/2024,18/01/2024,Correios,São Paulo,da Costa,8,8,47.84,Entregue
54699,14/04/2024,25/04/2024,Loggi,Curitiba,das Neves de Moreira,9,11,56.92,Entregue
33595,28/09/2024,02/10/2024,Correios,São Paulo,Cardoso,2,4,84.5,Em trânsito
14814,13/09/2024,19/09/2024,Correios,Belo Horizonte,da Mata,5,6,286.09,Entregue
63323,12/11/2024,17/11/2024,Azul Cargo,Curitiba,da Luz de Peixoto,5,5,151.13,Entregue
60758,03/12/2024,11/12/2024,Azul Cargo,Belo Horizonte,Moreira de Araújo,8,8,276.44,Entregue
63843,26/04/2024,03/05/2024,Correios,Belo Horizonte,da Luz,7,7,175.25,Entregue
47436,13/01/2024,23/01/2024,Jadlog,Curitiba,Viana de Cardoso,10,10,236.18,Em trânsito
43081,17/08/2024,28/08/2024,Jadlog,São Paulo,Barros de Moura,9,11,171.59,Entregue
3086,23/09/2024,26/09/2024,Azul Cargo,Belo Horizonte,Cunha,4,3,148.83,Entregue
57386,02/05/2024,14/05/2024,Azul Cargo,Belo Horizonte,Pinto,10,12,268.69,Entregue
65895,24/11/2024,25/11/2024,Loggi,São Paulo,Carvalho,2,1,154.56,Entregue
8582,09/01/2024,14/01/2024,Loggi,São Paulo,da Luz dos Dourados,3,5,204.62,Entregue
15231,22/03/2024,03/04/2024,Jadlog,Curitiba,Aragão de Fernandes,9,12,294.41,Entregue
35144,23/01/2024,25/01/2024,Jadlog,São Paulo,Azevedo do Galho,2,2,36.72,Entregue
57635,19/06/2024,23/06/2024,Jadlog,Recife,da Mota Grande,2,4,222.02,Entregue
62359,18/09/2024,30/09/2024,Loggi,Recife,Santos,10,12,240.15,Em trânsito
32786,13/12/2024,26/12/2024,Correios,Salvador,Silva,10,13,126.32,Entregue
62421,08/01/2024,16/01/2024,Correios,Curitiba,Fernandes,6,8,213.39,Entregue
65207,03/06/2024,04/06/2024,Loggi,Salvador,Freitas Verde,2,1,225.92,Entregue
4231,06/03/2024,15/03/2024,Azul Cargo,Recife,Carvalho,6,9,19.57,Entregue
12605,20/02/2024,27/02/2024,Azul Cargo,Curitiba,Oliveira da Serra,7,7,87.41,Entregue
39593,04/06/2024,14/06/2024,Azul Cargo,São Paulo,Ferreira da Prata,10,10,20.52,Entregue
4776,28/01/2024,01/02/2024,Correios,Salvador,Gonçalves,3,4,296.68,Entregue
40793,02/05/2024,11/05/2024,Azul Cargo,Recife,Pereira do Galho,10,9,164.84,Entregue
51599,07/05/2024,09/05/2024,Correios,Belo Horizonte,Gomes,3,2,284.7,Entregue
7221,21/02/2024,01/03/2024,Azul Cargo,Belo Horizonte,Costela do Sul,9,9,247.49,Entregue
33891,24/12/2024,29/12/2024,Jadlog,Curitiba,da Conceição Verde,2,5,105.44,Entregue
60942,16/11/2024,23/11/2024,Azul Cargo,Recife,Souza,6,7,77.98,Entregue
65705,27/07/2024,04/08/2024,Loggi,Salvador,Teixeira de Souza,7,8,162.33,Entregue
7616,22/05/2024,28/05/2024,Jadlog,São Paulo,Duarte de Monteiro,4,6,177.17,Entregue
777,09/08/2024,13/08/2024,Correios,Curitiba,Cunha do Galho,5,4,257.78,Em trânsito
66609,21/09/2024,25/09/2024,Azul Cargo,Belo Horizonte,Viana de Fogaça,2,4,223.91,Entregue
67405,28/04/2024,05/05/2024,Jadlog,Salvador,Melo,6,7,50.53,Entregue
42436,19/02/2024,27/02/2024,Jadlog,Curitiba,Ribeiro,5,8,131.1,Em trânsito
13827,28/12/2024,05/01/2025,Correios,Belo Horizonte,Ribeiro,9,8,269.85,Entregue
45733,06/06/2024,08/06/2024,Loggi,São Paulo,Azevedo,2,2,98.29,Entregue
4544,18/11/2024,22/11/2024,Azul Cargo,São Paulo,Santos,3,4,21.07,Entregue
56808,07/05/2024,11/05/2024,Loggi,São Paulo,Araújo,2,4,151.14,Entregue
54498,09/07/2024,19/07/2024,Azul Cargo,Belo Horizonte,Teixeira Paulista,8,10,150.73,Entregue
21679,26/06/2024,30/06/2024,Jadlog,Curitiba,Gomes do Oeste,3,4,136.81,Entregue
22205,17/04/2024,20/04/2024,Loggi,Belo Horizonte,Freitas do Norte,4,3,283.52,Em trânsito
62707,25/07/2024,28/07/2024,Jadlog,São Paulo,Aragão,3,3,28.33,Entregue
37738,15/12/2024,28/12/2024,Jadlog,Recife,Pereira,10,13,121.7,Entregue
46264,23/11/2024,24/11/2024,Azul Cargo,Belo Horizonte,Viana de Cardoso,2,1,91.3,Entregue
463,07/12/2024,10/12/2024,Jadlog,Recife,Nogueira,3,3,155.72,Em trânsito
62628,24/05/2024,04/06/2024,Loggi,Recife,Barros de Cardoso,8,11,258.16,Entregue
11934,07/07/2024,16/07/2024,Jadlog,Salvador,Cardoso,8,9,55.7,Entregue
56343,14/10/2024,24/10/2024,Loggi,São Paulo,Mendes de Cardoso,7,10,138.54,Entregue
9662,22/09/2024,28/09/2024,Loggi,Curitiba,Araújo de Pinto,7,6,293.37,Entregue
62228,24/12/2024,05/01/2025,Azul Cargo,Recife,Silveira de da Mota,10,12,88.97,Entregue
64569,09/11/2024,14/11/2024,Loggi,Curitiba,Cardoso,3,5,220.92,Entregue
52914,12/07/2024,14/07/2024,Loggi,Curitiba,Cavalcanti da Prata,2,2,247.68,Entregue
58718,19/09/2024,22/09/2024,Jadlog,Recife,Almeida Paulista,4,3,216.33,Entregue
63991,26/07/2024,02/08/2024,Jadlog,Belo Horizonte,Nogueira,6,7,146.29,Entregue
53772,17/07/2024,21/07/2024,Azul Cargo,Curitiba,da Costa,5,4,55.16,Entregue
59269,12/04/2024,14/04/2024,Jadlog,Salvador,Santos,3,2,201.5,Entregue
39287,01/10/2024,07/10/2024,Loggi,Curitiba,Viana,4,6,262.63,Em trânsito
66332,13/10/2024,21/10/2024,Loggi,Salvador,Silva de Moura,9,8,77.55,Entregue
23738,11/02/2024,19/02/2024,Azul Cargo,Curitiba,da Luz,9,8,17.37,Entregue
66722,01/03/2024,08/03/2024,Jadlog,São Paulo,Aragão de Cardoso,4,7,40.62,Entregue
8558,10/12/2024,17/12/2024,Loggi,Recife,Nascimento,6,7,51.5,Entregue
13011,24/05/2024,25/05/2024,Loggi,Curitiba,Duarte,2,1,278.34,Entregue
51193,26/12/2024,05/01/2025,Azul Cargo,Curitiba,Freitas,8,10,184.79,Em trânsito
62245,18/02/2024,25/02/2024,Jadlog,Belo Horizonte,Castro de da Rosa,4,7,172.93,Entregue
30631,19/09/2024,29/09/2024,Azul Cargo,Salvador,Duarte do Campo,8,10,278.85,Entregue
39193,18/03/2024,24/03/2024,Correios,São Paulo,Vieira de Cavalcanti,7,6,272.21,Entregue
34941,06/11/2024,13/11/2024,Correios,Curitiba,Campos Paulista,8,7,63.81,Entregue
52526,03/05/2024,10/05/2024,Azul Cargo,Recife,Pinto,8,7,265.38,Entregue
49765,07/07/2024,14/07/2024,Azul Cargo,Recife,Teixeira,7,7,210.11,Entregue
9147,24/10/2024,02/11/2024,Jadlog,Recife,Souza Alegre,8,9,149.98,Entregue
58042,16/09/2024,24/09/2024,Azul Cargo,Salvador,Jesus do Galho,6,8,277.39,Entregue
65398,25/11/2024,04/12/2024,Azul Cargo,Recife,Ribeiro,7,9,199.65,Entregue
62560,28/04/2024,02/05/2024,Azul Cargo,Belo Horizonte,da Costa,3,4,259.5,Entregue
52154,13/04/2024,22/04/2024,Jadlog,Curitiba,Rodrigues Verde,7,9,294.47,Entregue
47856,21/06/2024,28/06/2024,Loggi,São Paulo,Silveira,7,7,240.24,Entregue
59509,18/09/2024,26/09/2024,Correios,São Paulo,das Neves de Goiás,7,8,35.04,Entregue
32951,28/11/2024,04/12/2024,Correios,Curitiba,Vieira das Pedras,3,6,103.28,Entregue
29600,26/02/2024,06/03/2024,Azul Cargo,Curitiba,Nogueira do Campo,8,9,38.35,Entregue
12791,08/08/2024,15/08/2024,Azul Cargo,Recife,da Mota da Mata,7,7,178.64,Entregue
17729,20/04/2024,27/04/2024,Jadlog,Salvador,Rezende,7,7,115.04,Entregue
50287,20/05/2024,28/05/2024,Azul Cargo,São Paulo,Azevedo,7,8,20.12,Entregue
10947,08/04/2024,15/04/2024,Azul Cargo,Recife,da Costa Verde,8,7,131.42,Entregue
52419,16/11/2024,22/11/2024,Azul Cargo,Recife,Melo das Pedras,4,6,269.82,Entregue
9655,09/08/2024,21/08/2024,Jadlog,Curitiba,Freitas,9,12,141.87,Entregue
1979,14/03/2024,22/03/2024,Correios,São Paulo,Cardoso de Goiás,7,8,27.52,Entregue
14137,13/05/2024,16/05/2024,Jadlog,Curitiba,Nunes,4,3,17.28,Entregue
59916,11/12/2024,17/12/2024,Correios,Salvador,Fernandes do Galho,7,6,186.64,Entregue
21411,23/08/2024,02/09/2024,Correios,São Paulo,Lima,7,10,116.35,Entregue
48856,13/04/2024,19/04/2024,Jadlog,São Paulo,Gonçalves,5,6,249.2,Entregue
6991,22/12/2024,01/01/2025,Correios,Salvador,Jesus,7,10,47.48,Entregue
45835,11/01/2024,18/01/2024,Correios,Recife,Cardoso,8,7,12.22,Entregue
28690,17/07/2024,24/07/2024,Correios,Belo Horizonte,Duarte de Minas,6,7,93.73,Entregue
19967,02/02/2024,13/02/2024,Loggi,São Paulo,Pinto de Goiás,9,11,210.15,Entregue
3586,24/04/2024,02/05/2024,Jadlog,Salvador,Nogueira de Moraes,6,8,82.72,Entregue
28861,06/11/2024,16/11/2024,Correios,Curitiba,Sales de Nunes,7,10,20.5,Entregue
8362,12/02/2024,17/02/2024,Jadlog,Recife,Barros,2,5,74.63,Entregue
31545,26/03/2024,06/04/2024,Jadlog,Salvador,Ribeiro,9,11,246.41,Entregue
18332,19/05/2024,31/05/2024,Jadlog,Recife,Carvalho,10,12,214.83,Entregue
64062,03/09/2024,11/09/2024,Jadlog,São Paulo,Caldeira Verde,8,8,273.43,Entregue
23797,26/06/2024,03/07/2024,Jadlog,Curitiba,Almeida do Norte,8,7,65.6,Entregue
53415,11/06/2024,17/06/2024,Loggi,Belo Horizonte,Araújo,6,6,288.58,Em trânsito
43347,24/01/2024,03/02/2024,Loggi,Recife,Carvalho,10,10,292.99,Em trânsito
57329,13/02/2024,14/02/2024,Jadlog,Salvador,Moraes das Pedras,2,1,248.76,Entregue
40649,14/10/2024,18/10/2024,Jadlog,Salvador,Teixeira da Prata,2,4,75.17,Entregue
14014,19/09/2024,28/09/2024,Correios,São Paulo,Costela,7,9,80.79,Entregue
24066,11/11/2024,24/11/2024,Correios,Belo Horizonte,Oliveira do Galho,10,13,99.47,Entregue
33505,28/06/2024,03/07/2024,Loggi,São Paulo,Araújo Verde,6,5,56.45,Entregue
36998,22/05/2024,25/05/2024,Azul Cargo,Salvador,Aragão,3,3,179.54,Entregue
16380,09/11/2024,15/11/2024,Jadlog,Belo Horizonte,Jesus,6,6,288.96,Entregue
43652,03/11/2024,15/11/2024,Correios,Curitiba,da Cruz,10,12,204.96,Entregue
52562,19/07/2024,22/07/2024,Loggi,São Paulo,Araújo,3,3,227.91,Entregue
33200,13/04/2024,19/04/2024,Azul Cargo,Recife,Fogaça,3,6,190.36,Entregue
18277,17/03/2024,25/03/2024,Loggi,São Paulo,Cardoso de Caldeira,6,8,156.18,Entregue
40589,14/08/2024,15/08/2024,Jadlog,Recife,da Mota,2,1,169.82,Entregue
39920,17/06/2024,29/06/2024,Azul Cargo,Curitiba,Costela da Prata,10,12,276.88,Entregue
50697,14/04/2024,24/04/2024,Correios,Curitiba,Nogueira do Campo,9,10,277.98,Entregue
12217,16/02/2024,19/02/2024,Loggi,São Paulo,Dias do Sul,4,3,234.44,Entregue
6384,20/08/2024,25/08/2024,Azul Cargo,Recife,Teixeira,3,5,43.57,Entregue
43671,15/12/2024,23/12/2024,Loggi,Curitiba,da Mota das Pedras,6,8,142.09,Entregue
1998,04/04/2024,09/04/2024,Correios,Salvador,Fogaça do Galho,4,5,74.66,Entregue
3452,02/12/2024,11/12/2024,Azul Cargo,Belo Horizonte,da Conceição,9,9,210.51,Entregue
40908,16/12/2024,18/12/2024,Azul Cargo,Recife,Araújo,3,2,245.2,Entregue
52524,15/05/2024,24/05/2024,Loggi,Recife,Carvalho,10,9,195.19,Em trânsito
30220,25/03/2024,31/03/2024,Azul Cargo,Recife,da Luz da Prata,7,6,173.68,Entregue
10024,07/09/2024,15/09/2024,Jadlog,São Paulo,Silva,8,8,95.35,Entregue
8450,17/07/2024,19/07/2024,Loggi,Salvador,Costa Alegre,3,2,284.77,Entregue
29044,23/06/2024,30/06/2024,Correios,São Paulo,Jesus do Galho,4,7,104.88,Entregue
2936,23/11/2024,29/11/2024,Correios,Salvador,Ferreira,4,6,297.37,Devolvido
20912,25/10/2024,31/10/2024,Azul Cargo,Salvador,Jesus Paulista,6,6,66.13,Entregue
13526,13/02/2024,16/02/2024,Jadlog,Salvador,da Mota,3,3,296.08,Entregue
58694,16/08/2024,29/08/2024,Jadlog,São Paulo,das Neves do Sul,10,13,71.03,Em trânsito
57318,08/02/2024,15/02/2024,Loggi,Curitiba,Alves,4,7,277.06,Entregue
53887,26/02/2024,07/03/2024,Correios,Curitiba,Nogueira,10,10,274.5,Entregue
17650,04/11/2024,08/11/2024,Azul Cargo,São Paulo,Cunha,2,4,43.97,Entregue
16438,27/03/2024,04/04/2024,Loggi,Recife,Ribeiro,7,8,296.45,Entregue
57468,23/08/2024,02/09/2024,Jadlog,Curitiba,Rocha,7,10,100.23,Entregue
65126,06/04/2024,14/04/2024,Correios,Curitiba,da Costa de Cardoso,7,8,225.24,Entregue
7319,23/08/2024,29/08/2024,Loggi,Recife,Nascimento,6,6,90.84,Entregue
24700,18/04/2024,23/04/2024,Jadlog,Curitiba,da Cunha,4,5,203.97,Entregue
4033,17/02/2024,25/02/2024,Loggi,Recife,Fernandes,8,8,172.14,Entregue
15728,19/07/2024,21/07/2024,Jadlog,Salvador,Mendes,2,2,196.74,Entregue
14318,28/05/2024,01/06/2024,Loggi,Salvador,Vieira,5,4,269.69,Entregue
27363,24/06/2024,27/06/2024,Correios,Recife,da Paz de Teixeira,3,3,146.42,Entregue
18797,24/05/2024,30/05/2024,Correios,Belo Horizonte,Cardoso,4,6,13.89,Entregue
8036,03/07/2024,11/07/2024,Loggi,Curitiba,Moreira,9,8,55.24,Entregue
22143,15/01/2024,25/01/2024,Correios,Belo Horizonte,Souza,7,10,133.11,Entregue
50606,23/11/2024,25/11/2024,Correios,São Paulo,Ferreira,2,2,156.48,Entregue
48208,17/07/2024,26/07/2024,Jadlog,Salvador,Campos,6,9,239.41,Entregue
14884,12/11/2024,13/11/2024,Jadlog,Curitiba,Martins,2,1,68.43,Entregue
35274,11/08/2024,14/08/2024,Azul Cargo,Curitiba,Rodrigues da Serra,3,3,136.57,Entregue
54076,12/02/2024,15/02/2024,Loggi,São Paulo,da Rosa Verde,4,3,100.21,Em trânsito
28729,27/08/2024,03/09/2024,Azul Cargo,Salvador,da Mota,7,7,47.68,Entregue
615,07/10/2024,13/10/2024,Loggi,Belo Horizonte,Caldeira,3,6,34.39,Entregue
45647,11/01/2024,15/01/2024,Loggi,Curitiba,da Mata da Mata,2,4,169.8,Entregue
31926,20/05/2024,24/05/2024,Correios,Salvador,Silveira de Pereira,3,4,20.05,Entregue
45093,24/04/2024,02/05/2024,Loggi,Belo Horizonte,Ribeiro,5,8,157.08,Entregue
38349,07/11/2024,09/11/2024,Loggi,Curitiba,Mendes,2,2,232.3,Entregue
27506,23/10/2024,30/10/2024,Azul Cargo,Recife,das Neves dos Dourados,7,7,70.01,Entregue
58810,14/12/2024,17/12/2024,Correios,Recife,Barros de Novaes,4,3,48.85,Entregue
52905,21/07/2024,26/07/2024,Azul Cargo,Belo Horizonte,Caldeira de das Neves,4,5,206.24,Entregue
60382,05/03/2024,12/03/2024,Jadlog,São Paulo,Silveira,5,7,165.55,Entregue
47831,19/04/2024,27/04/2024,Azul Cargo,São Paulo,Barbosa,7,8,112.75,Em trânsito
6020,07/10/2024,10/10/2024,Loggi,Belo Horizonte,Rocha Grande,3,3,27.36,Devolvido
8424,27/05/2024,04/06/2024,Azul Cargo,Belo Horizonte,Fernandes de Santos,7,8,58.94,Entregue
64493,07/05/2024,13/05/2024,Jadlog,Curitiba,Costela,6,6,28.66,Entregue
41755,19/11/2024,20/11/2024,Loggi,Recife,Azevedo,2,1,108.16,Entregue
34283,13/02/2024,19/02/2024,Correios,Salvador,Mendes,4,6,275.15,Entregue
5925,06/05/2024,13/05/2024,Loggi,Recife,Pinto dos Dourados,5,7,131.42,Entregue
19792,27/07/2024,03/08/2024,Loggi,Recife,Duarte Verde,5,7,257.66,Entregue
4096,11/05/2024,19/05/2024,Correios,Curitiba,Nascimento,6,8,211.05,Entregue
65351,11/10/2024,13/10/2024,Loggi,Recife,Freitas,3,2,22.23,Devolvido
17164,21/04/2024,26/04/2024,Correios,Salvador,Jesus,3,5,10.09,Entregue
66969,25/03/2024,06/04/2024,Jadlog,Belo Horizonte,da Cunha Grande,9,12,93.94,Entregue
54016,07/11/2024,15/11/2024,Correios,Belo Horizonte,Castro de da Rosa,6,8,104.26,Entregue
61158,28/10/2024,03/11/2024,Azul Cargo,São Paulo,Ribeiro Verde,5,6,216.55,Entregue
67837,14/09/2024,17/09/2024,Loggi,Salvador,da Rosa,4,3,201.88,Entregue
56638,12/06/2024,16/06/2024,Jadlog,Recife,Moraes do Campo,2,4,274.01,Entregue
4453,28/06/2024,03/07/2024,Jadlog,Curitiba,Cardoso,2,5,173.62,Entregue
46347,25/02/2024,27/02/2024,Jadlog,Salvador,Dias,2,2,259.91,Entregue
58608,28/05/2024,02/06/2024,Jadlog,Salvador,Ribeiro dos Dourados,6,5,162.88,Entregue
11891,10/04/2024,19/04/2024,Azul Cargo,São Paulo,Pereira,8,9,34.11,Entregue
6667,17/06/2024,25/06/2024,Azul Cargo,Belo Horizonte,Rocha,7,8,90.53,Entregue
57637,12/06/2024,21/06/2024,Loggi,Salvador,Moraes da Prata,10,9,178.78,Entregue
35502,25/04/2024,03/05/2024,Jadlog,Recife,Cunha,6,8,259.45,Entregue
59008,23/11/2024,28/11/2024,Loggi,Recife,Alves das Pedras,6,5,77.78,Entregue
14443,21/01/2024,30/01/2024,Jadlog,Recife,Campos,10,9,64.83,Entregue
22878,28/02/2024,03/03/2024,Correios,Belo Horizonte,Melo do Oeste,4,4,178.38,Entregue
47347,23/08/2024,30/08/2024,Jadlog,Curitiba,Ferreira de da Mota,5,7,215.27,Entregue
27594,15/12/2024,26/12/2024,Azul Cargo,Recife,Ferreira,8,11,202.41,Entregue
9058,06/06/2024,12/06/2024,Correios,Recife,Nunes,3,6,159.37,Entregue
9063,13/06/2024,17/06/2024,Azul Cargo,Salvador,Barbosa das Flores,3,4,71.9,Entregue
34850,04/04/2024,16/04/2024,Azul Cargo,São Paulo,Pinto dos Dourados,9,12,161.88,Entregue
32805,16/01/2024,25/01/2024,Correios,Belo Horizonte,Moraes,10,9,150.31,Entregue
17714,13/03/2024,19/03/2024,Correios,Curitiba,Moraes da Prata,7,6,22.42,Entregue
42191,26/12/2024,05/01/2025,Loggi,Belo Horizonte,Freitas de Moraes,8,10,296.57,Entregue
65593,14/04/2024,25/04/2024,Azul Cargo,Curitiba,Santos,8,11,130.92,Entregue
45043,02/03/2024,15/03/2024,Azul Cargo,Curitiba,Moraes,10,13,214.73,Entregue
54368,28/10/2024,02/11/2024,Loggi,Recife,Nascimento da Prata,6,5,174.76,Entregue
24340,03/05/2024,11/05/2024,Azul Cargo,Belo Horizonte,Cardoso das Flores,7,8,233.14,Entregue
65270,16/08/2024,25/08/2024,Loggi,Salvador,Mendes,7,9,170.21,Entregue
61912,27/06/2024,08/07/2024,Loggi,São Paulo,Monteiro da Prata,10,11,269.51,Entregue
28287,07/06/2024,15/06/2024,Loggi,Salvador,Cardoso,6,8,101.74,Entregue
67260,14/10/2024,19/10/2024,Azul Cargo,Recife,das Neves de Goiás,4,5,42.33,Entregue
15218,06/03/2024,07/03/2024,Correios,Belo Horizonte,Moreira do Amparo,2,1,101.56,Entregue
45172,04/06/2024,09/06/2024,Jadlog,Curitiba,Correia da Mata,5,5,107.55,Entregue
46451,13/08/2024,22/08/2024,Loggi,São Paulo,Jesus,6,9,79.07,Entregue
65259,15/07/2024,24/07/2024,Jadlog,Salvador,da Luz,9,9,67.33,Entregue
7542,13/11/2024,24/11/2024,Loggi,Salvador,da Rocha da Serra,10,11,134.76,Entregue
42264,07/05/2024,11/05/2024,Correios,São Paulo,Jesus dos Dourados,4,4,266.91,Entregue
39286,22/09/2024,28/09/2024,Azul Cargo,São Paulo,Fogaça,5,6,97.43,Entregue
31389,02/06/2024,04/06/2024,Loggi,São Paulo,Cavalcanti do Sul,2,2,188.6,Entregue
17314,21/02/2024,22/02/2024,Azul Cargo,Salvador,Alves das Pedras,2,1,293.84,Entregue
56749,15/01/2024,19/01/2024,Loggi,São Paulo,Aragão,2,4,64.84,Entregue
12620,01/03/2024,10/03/2024,Correios,Curitiba,da Costa Verde,8,9,245.21,Entregue
36690,11/11/2024,12/11/2024,Jadlog,São Paulo,Fogaça de Goiás,2,1,267.58,Entregue
384,05/10/2024,14/10/2024,Correios,Recife,Barbosa,9,9,81.37,Entregue
29602,11/02/2024,18/02/2024,Jadlog,Belo Horizonte,Fernandes de Campos,6,7,142.31,Entregue
10661,18/05/2024,24/05/2024,Jadlog,Recife,da Costa de Cardoso,6,6,70.78,Entregue
21137,07/01/2024,17/01/2024,Azul Cargo,Recife,Oliveira,9,10,81.45,Entregue
62584,27/04/2024,07/05/2024,Jadlog,Recife,Santos da Serra,9,10,211.5,Entregue
13362,12/04/2024,22/04/2024,Jadlog,Recife,Lima,8,10,93.73,Entregue
53245,22/06/2024,03/07/2024,Azul Cargo,Recife,da Paz de Almeida,9,11,164.39,Entregue
1508,06/08/2024,16/08/2024,Azul Cargo,Curitiba,Pereira,7,10,85.71,Entregue
45893,01/02/2024,07/02/2024,Loggi,Curitiba,da Luz Alegre,3,6,299.79,Entregue
46865,20/11/2024,26/11/2024,Azul Cargo,Belo Horizonte,Peixoto,6,6,218.27,Entregue
56006,13/12/2024,16/12/2024,Azul Cargo,Recife,Almeida do Amparo,4,3,198.07,Entregue
12066,04/04/2024,10/04/2024,Azul Cargo,Curitiba,Alves,4,6,268.24,Entregue
8310,18/11/2024,01/12/2024,Azul Cargo,São Paulo,Ferreira de Duarte,10,13,153.23,Entregue
61794,27/01/2024,31/01/2024,Loggi,Recife,da Rosa de Duarte,4,4,82.78,Entregue
7025,17/01/2024,25/01/2024,Correios,Belo Horizonte,da Luz,8,8,71.38,Entregue
61985,03/09/2024,12/09/2024,Correios,Recife,Farias do Galho,10,9,117.68,Entregue
53877,08/02/2024,11/02/2024,Jadlog,São Paulo,da Rocha,2,3,257.48,Em trânsito
17462,07/12/2024,08/12/2024,Correios,Curitiba,Freitas de Rezende,2,1,57.73,Entregue
45520,24/04/2024,05/05/2024,Correios,Recife,da Mata,10,11,14.34,Entregue
11567,06/06/2024,09/06/2024,Loggi,Recife,Costela de da Mota,4,3,63.08,Entregue
19502,02/12/2024,09/12/2024,Azul Cargo,Salvador,Castro da Praia,8,7,293.21,Entregue
61784,09/01/2024,18/01/2024,Jadlog,Belo Horizonte,Costela da Serra,10,9,191.42,Entregue
40768,18/03/2024,28/03/2024,Loggi,Belo Horizonte,Ferreira,7,10,67.87,Entregue
58516,08/03/2024,15/03/2024,Azul Cargo,Salvador,Almeida da Mata,7,7,31.29,Entregue
15667,07/02/2024,14/02/2024,Azul Cargo,São Paulo,Rocha,5,7,42.01,Entregue
23326,15/07/2024,23/07/2024,Correios,Belo Horizonte,Monteiro,8,8,197.22,Entregue
6062,20/01/2024,30/01/2024,Azul Cargo,São Paulo,Vieira do Sul,10,10,194.84,Entregue
10139,18/04/2024,26/04/2024,Correios,Recife,Dias,9,8,269.72,Entregue
51446,25/06/2024,30/06/2024,Azul Cargo,Salvador,Fernandes de Campos,3,5,214.85,Em trânsito
31614,07/06/2024,13/06/2024,Correios,São Paulo,Moreira,3,6,25.06,Entregue
64147,26/11/2024,02/12/2024,Jadlog,Curitiba,Moraes,3,6,255.87,Em trânsito
57065,16/10/2024,27/10/2024,Loggi,Belo Horizonte,Monteiro do Sul,10,11,166.23,Entregue
39379,05/03/2024,10/03/2024,Jadlog,Salvador,Pires de Moura,2,5,91.88,Entregue
25998,14/05/2024,24/05/2024,Jadlog,Recife,Dias do Sul,8,10,217.05,Entregue
51756,04/04/2024,10/04/2024,Jadlog,Salvador,das Neves das Flores,6,6,248.39,Entregue
1499,01/08/2024,10/08/2024,Loggi,Recife,Duarte,10,9,168.55,Entregue
7918,14/01/2024,27/01/2024,Azul Cargo,Curitiba,da Rosa do Amparo,10,13,184.97,Entregue
29822,08/08/2024,16/08/2024,Loggi,Curitiba,Cardoso de Silveira,5,8,256.59,Entregue
30308,26/09/2024,02/10/2024,Azul Cargo,São Paulo,Ramos do Campo,5,6,87.38,Entregue
19963,25/02/2024,06/03/2024,Jadlog,Salvador,Lopes do Campo,10,10,191.36,Em trânsito
27806,14/09/2024,21/09/2024,Loggi,Salvador,Sales,6,7,75.1,Em trânsito
5301,17/09/2024,30/09/2024,Azul Cargo,Recife,Nunes,10,13,141.58,Entregue
56060,28/03/2024,01/04/2024,Correios,Belo Horizonte,Aragão,3,4,180.45,Entregue
34430,12/11/2024,19/11/2024,Correios,Recife,Peixoto do Norte,6,7,76.45,Entregue
59391,11/11/2024,23/11/2024,Jadlog,São Paulo,Fernandes,10,12,186.69,Entregue
17527,26/04/2024,06/05/2024,Jadlog,Curitiba,Oliveira do Amparo,8,10,230.04,Entregue
29233,04/04/2024,10/04/2024,Jadlog,Salvador,Pinto,7,6,169.24,Entregue
21909,16/10/2024,22/10/2024,Correios,São Paulo,Almeida,5,6,194.97,Entregue
32342,03/07/2024,07/07/2024,Correios,Salvador,Gonçalves,4,4,274.19,Entregue
21852,04/06/2024,09/06/2024,Correios,Curitiba,Alves do Galho,3,5,54.61,Entregue
60638,14/09/2024,17/09/2024,Correios,São Paulo,Silva do Sul,4,3,102.24,Entregue
46049,16/06/2024,25/06/2024,Azul Cargo,São Paulo,Lima de Lima,7,9,185.8,Em trânsito
4645,17/05/2024,25/05/2024,Loggi,São Paulo,Ribeiro Verde,6,8,141.91,Entregue
48105,15/04/2024,19/04/2024,Loggi,Salvador,Cardoso,2,4,179.9,Entregue
40610,08/09/2024,19/09/2024,Correios,Recife,da Luz de Peixoto,8,11,256.87,Entregue
44419,08/03/2024,13/03/2024,Correios,Salvador,Cardoso das Flores,3,5,72.81,Entregue
38137,09/03/2024,19/03/2024,Loggi,Belo Horizonte,da Cunha Grande,7,10,287.88,Em trânsito
61635,12/02/2024,24/02/2024,Azul Cargo,Curitiba,Mendes,9,12,118.58,Entregue
38272,07/08/2024,11/08/2024,Loggi,Salvador,Barros de Moura,3,4,104.2,Entregue
13040,18/07/2024,31/07/2024,Azul Cargo,Salvador,da Mata,10,13,289.66,Entregue
34182,08/07/2024,13/07/2024,Azul Cargo,Belo Horizonte,Almeida,4,5,291.53,Entregue
53422,23/07/2024,02/08/2024,Jadlog,Salvador,Duarte,8,10,30.51,Entregue
47472,21/04/2024,25/04/2024,Correios,Curitiba,da Rocha Grande,3,4,208.15,Entregue
63069,01/08/2024,03/08/2024,Jadlog,Recife,Pires,3,2,296.34,Entregue
20851,11/07/2024,17/07/2024,Jadlog,Salvador,da Mota de Fogaça,7,6,260.37,Entregue
9819,07/07/2024,15/07/2024,Azul Cargo,Recife,Correia de Pereira,9,8,251.35,Entregue
48986,12/12/2024,18/12/2024,Jadlog,São Paulo,Teixeira,4,6,216.39,Entregue
18529,18/04/2024,28/04/2024,Jadlog,Salvador,Santos da Prata,7,10,215.48,Entregue
58739,28/09/2024,06/10/2024,Loggi,São Paulo,Cardoso,6,8,221.86,Entregue
17096,26/12/2024,06/01/2025,Jadlog,Belo Horizonte,da Conceição da Mata,8,11,92.56,Entregue
61021,16/04/2024,22/04/2024,Correios,Salvador,Mendes,5,6,168.08,Entregue
13877,07/02/2024,15/02/2024,Loggi,Belo Horizonte,das Neves do Sul,8,8,92.74,Entregue
50577,20/09/2024,24/09/2024,Loggi,Curitiba,Ribeiro de Cunha,2,4,94.92,Em trânsito
286,12/08/2024,22/08/2024,Jadlog,Recife,Novaes de Ribeiro,10,10,247.13,Entregue
55537,05/09/2024,09/09/2024,Jadlog,Belo Horizonte,Ramos de Fernandes,3,4,26.6,Em trânsito
38933,15/10/2024,22/10/2024,Correios,São Paulo,Fogaça da Praia,7,7,12.44,Entregue
48316,19/09/2024,27/09/2024,Correios,Recife,Souza,9,8,206.78,Entregue
60292,02/01/2024,15/01/2024,Azul Cargo,Belo Horizonte,Duarte do Oeste,10,13,105.24,Entregue
54753,22/06/2024,30/06/2024,Correios,Belo Horizonte,da Mota,8,8,121.01,Entregue
9031,27/04/2024,09/05/2024,Jadlog,Curitiba,Silveira,9,12,148.71,Entregue
10094,26/01/2024,06/02/2024,Loggi,Belo Horizonte,da Mata de Rocha,8,11,44.89,Entregue
65243,13/07/2024,18/07/2024,Jadlog,Belo Horizonte,Viana de Cardoso,3,5,290.21,Entregue
54436,25/02/2024,01/03/2024,Azul Cargo,Curitiba,Santos de da Conceição,2,5,138.36,Entregue
46418,04/06/2024,14/06/2024,Azul Cargo,Belo Horizonte,Nogueira do Oeste,7,10,269.9,Entregue
27531,21/11/2024,24/11/2024,Loggi,Curitiba,Cunha do Galho,4,3,212.76,Entregue
59774,01/03/2024,07/03/2024,Azul Cargo,Recife,Costa,3,6,255.08,Entregue
43319,03/11/2024,13/11/2024,Azul Cargo,Curitiba,Jesus Paulista,9,10,175.29,Entregue
56950,26/02/2024,08/03/2024,Correios,São Paulo,Costela,9,11,16.15,Entregue
43771,12/02/2024,19/02/2024,Jadlog,Salvador,Moreira do Norte,8,7,224.38,Entregue
35218,22/05/2024,29/05/2024,Loggi,Belo Horizonte,Freitas do Norte,7,7,196.22,Entregue
16817,06/03/2024,17/03/2024,Correios,Curitiba,Farias,8,11,181.83,Entregue
42936,22/10/2024,27/10/2024,Azul Cargo,Salvador,Carvalho,5,5,269.39,Entregue
33510,27/06/2024,30/06/2024,Azul Cargo,Recife,Carvalho,4,3,79.93,Entregue
32433,17/01/2024,22/01/2024,Jadlog,Recife,Moraes,4,5,235.77,Entregue
3054,08/07/2024,12/07/2024,Correios,Salvador,Moraes,3,4,288.19,Entregue
14776,13/07/2024,18/07/2024,Loggi,Curitiba,Viana,6,5,267.78,Entregue
44781,11/02/2024,15/02/2024,Correios,Salvador,Melo do Sul,5,4,88.44,Entregue
46065,26/06/2024,02/07/2024,Correios,Recife,Araújo,6,6,72.58,Entregue
50400,07/12/2024,15/12/2024,Correios,Curitiba,da Mota,5,8,156.31,Entregue
37308,02/10/2024,11/10/2024,Loggi,Recife,da Cunha,6,9,165.1,Em trânsito
34911,27/09/2024,02/10/2024,Correios,Curitiba,Ferreira,6,5,270.15,Entregue
55237,02/03/2024,06/03/2024,Jadlog,Belo Horizonte,da Luz Grande,3,4,172.74,Entregue
24140,02/03/2024,10/03/2024,Correios,Recife,da Costa de Cardoso,7,8,35.86,Entregue
52740,15/07/2024,19/07/2024,Loggi,São Paulo,Costa,2,4,51.93,Entregue
2102,10/08/2024,20/08/2024,Loggi,Salvador,Fernandes das Pedras,9,10,59.36,Entregue
183,05/05/2024,15/05/2024,Loggi,Recife,Jesus do Galho,7,10,246.34,Entregue
43612,08/10/2024,20/10/2024,Loggi,Curitiba,Vieira do Sul,10,12,298.81,Entregue
66203,28/07/2024,05/08/2024,Jadlog,Salvador,da Luz,6,8,65.51,Entregue
24766,05/07/2024,06/07/2024,Jadlog,Belo Horizonte,Lima,2,1,247.13,Entregue
1049,09/02/2024,14/02/2024,Jadlog,Salvador,da Rocha Paulista,5,5,298.92,Entregue
43224,08/05/2024,12/05/2024,Azul Cargo,Recife,Barbosa,3,4,290.09,Em trânsito
17533,12/04/2024,25/04/2024,Loggi,São Paulo,Peixoto de Lima,10,13,205.35,Entregue
30264,06/06/2024,10/06/2024,Jadlog,Belo Horizonte,Costela da Serra,2,4,29.56,Entregue
53586,28/07/2024,01/08/2024,Correios,Salvador,Ferreira de Duarte,2,4,79.77,Entregue
4626,27/04/2024,04/05/2024,Azul Cargo,São Paulo,da Cruz,6,7,107.36,Entregue
29796,11/07/2024,22/07/2024,Correios,Salvador,da Mota,8,11,248.17,Entregue
61132,09/09/2024,21/09/2024,Correios,Salvador,da Cruz,9,12,161.48,Entregue
12323,10/09/2024,14/09/2024,Correios,Curitiba,Cardoso,3,4,168.91,Entregue
39161,27/01/2024,28/01/2024,Jadlog,Curitiba,Duarte,2,1,57.56,Em trânsito
36938,03/02/2024,04/02/2024,Azul Cargo,Belo Horizonte,Santos,2,1,147.28,Entregue
59010,09/11/2024,12/11/2024,Jadlog,Salvador,Rodrigues,4,3,229.83,Entregue
31428,26/09/2024,07/10/2024,Correios,Belo Horizonte,da Rocha de da Luz,10,11,87.25,Em trânsito
26759,19/04/2024,22/04/2024,Jadlog,Salvador,Nunes,3,3,222.85,Entregue
38895,06/08/2024,16/08/2024,Correios,Curitiba,Fogaça de Goiás,7,10,290.24,Entregue
61148,05/10/2024,12/10/2024,Correios,Curitiba,Fernandes do Norte,7,7,214.12,Entregue
2306,18/05/2024,24/05/2024,Correios,Curitiba,Barbosa,5,6,73.75,Entregue
26004,25/05/2024,05/06/2024,Correios,Salvador,Carvalho,9,11,269.02,Entregue
27818,20/10/2024,23/10/2024,Azul Cargo,Salvador,Moura do Campo,3,3,65.49,Entregue
45015,26/02/2024,04/03/2024,Correios,Salvador,Ramos,7,7,162.6,Em trânsito
62413,13/12/2024,15/12/2024,Loggi,São Paulo,Vieira do Norte,2,2,193.2,Entregue
1924,01/01/2024,12/01/2024,Correios,Belo Horizonte,da Mata,10,11,257.77,Entregue
53855,11/12/2024,20/12/2024,Loggi,Salvador,da Luz da Prata,8,9,74.53,Entregue
37947,14/04/2024,21/04/2024,Jadlog,Belo Horizonte,Rezende de Rezende,5,7,249.43,Entregue
17572,17/06/2024,23/06/2024,Jadlog,Recife,Nogueira,5,6,22.17,Entregue
30810,27/03/2024,02/04/2024,Correios,Belo Horizonte,Ribeiro,4,6,193.2,Entregue
28093,24/04/2024,28/04/2024,Azul Cargo,Salvador,Costela do Sul,5,4,207.19,Entregue
47009,21/09/2024,01/10/2024,Jadlog,Curitiba,Novaes de Almeida,8,10,87.38,Entregue
29244,01/05/2024,10/05/2024,Azul Cargo,São Paulo,Duarte,7,9,293.22,Entregue
17964,24/08/2024,04/09/2024,Correios,Recife,Fogaça do Sul,8,11,90.73,Entregue
9312,13/09/2024,15/09/2024,Loggi,Curitiba,Rocha do Sul,3,2,218.64,Entregue
52699,02/04/2024,05/04/2024,Correios,Curitiba,Lima,3,3,282.53,Entregue
8198,18/04/2024,27/04/2024,Jadlog,Curitiba,Moura,9,9,160.21,Entregue
27295,06/05/2024,11/05/2024,Correios,Salvador,Rezende,6,5,14.02,Em trânsito
39842,18/04/2024,23/04/2024,Loggi,Recife,Silveira de Pereira,6,5,104.84,Entregue
19387,09/07/2024,19/07/2024,Loggi,Curitiba,Dias de Minas,8,10,175.38,Entregue
5266,09/08/2024,16/08/2024,Jadlog,Curitiba,Ferreira,5,7,10.95,Entregue
1634,22/10/2024,30/10/2024,Loggi,Belo Horizonte,Campos,6,8,96.03,Entregue
50986,08/11/2024,13/11/2024,Jadlog,Salvador,Campos do Norte,6,5,153.77,Entregue
65591,22/04/2024,29/04/2024,Azul Cargo,Belo Horizonte,da Rosa,8,7,26.18,Entregue
59924,08/12/2024,15/12/2024,Azul Cargo,Salvador,Fogaça do Norte,6,7,266.28,Entregue
37022,20/06/2024,29/06/2024,Azul Cargo,Belo Horizonte,Fogaça da Praia,10,9,126.91,Entregue
34290,18/02/2024,20/02/2024,Azul Cargo,São Paulo,Lopes,3,2,14.63,Entregue
61827,01/02/2024,04/02/2024,Jadlog,Salvador,Oliveira da Serra,4,3,169.13,Entregue
62029,19/11/2024,28/11/2024,Correios,Belo Horizonte,Azevedo do Galho,7,9,33.23,Entregue
29592,10/02/2024,12/02/2024,Loggi,Belo Horizonte,Carvalho,2,2,126.56,Entregue
35875,14/12/2024,20/12/2024,Jadlog,Belo Horizonte,Caldeira Verde,7,6,294.9,Entregue
5719,24/03/2024,03/04/2024,Correios,Recife,Fogaça de Goiás,8,10,42.82,Entregue
9394,20/03/2024,22/03/2024,Correios,Recife,da Rocha Paulista,3,2,36.42,Entregue
56619,22/05/2024,02/06/2024,Jadlog,Belo Horizonte,Barbosa,8,11,236.94,Entregue
30854,06/04/2024,09/04/2024,Correios,Curitiba,Caldeira de das Neves,3,3,18.46,Entregue
41806,04/03/2024,13/03/2024,Loggi,Belo Horizonte,Castro de da Rosa,9,9,150.42,Em trânsito
1816,07/06/2024,15/06/2024,Azul Cargo,Curitiba,Barros de Moura,9,8,191.44,Entregue
8590,19/02/2024,01/03/2024,Correios,Recife,Nunes,10,11,112.91,Entregue
45389,08/10/2024,09/10/2024,Jadlog,São Paulo,Azevedo,2,1,59.04,Entregue
48976,09/12/2024,18/12/2024,Jadlog,Recife,Mendes,10,9,65.1,Entregue
42520,04/04/2024,10/04/2024,Jadlog,Belo Horizonte,Freitas de Rezende,3,6,36.25,Entregue
63041,06/07/2024,17/07/2024,Loggi,Curitiba,Cardoso do Campo,8,11,132.04,Entregue
37550,14/12/2024,24/12/2024,Correios,São Paulo,Moraes das Pedras,7,10,198.81,Entregue
38692,27/08/2024,03/09/2024,Azul Cargo,São Paulo,Martins das Pedras,5,7,207.65,Entregue
32856,20/05/2024,26/05/2024,Loggi,Recife,Duarte,5,6,196.08,Entregue
673,28/02/2024,02/03/2024,Correios,Recife,Nogueira do Oeste,2,3,173.7,Entregue
14565,23/09/2024,29/09/2024,Correios,Recife,da Luz da Prata,6,6,182.51,Entregue
12448,22/05/2024,26/05/2024,Loggi,Recife,da Luz,5,4,119.13,Em trânsito
1558,17/09/2024,22/09/2024,Correios,Salvador,Ramos de Lima,6,5,142.38,Entregue
23492,09/11/2024,15/11/2024,Correios,São Paulo,Santos,7,6,98.1,Entregue
64859,06/06/2024,16/06/2024,Correios,Belo Horizonte,Carvalho de Lopes,10,10,178.13,Entregue
13317,09/01/2024,15/01/2024,Azul Cargo,Salvador,Moura,5,6,65.6,Entregue
39864,08/04/2024,14/04/2024,Jadlog,Salvador,Viana,7,6,180.46,Entregue
57264,28/10/2024,03/11/2024,Correios,Curitiba,Alves,5,6,137.58,Entregue
63934,16/06/2024,23/06/2024,Correios,Salvador,Vieira,5,7,229.98,Entregue
63588,06/04/2024,09/04/2024,Correios,Curitiba,Rezende,3,3,27.95,Entregue
53326,28/12/2024,04/01/2025,Jadlog,Curitiba,da Paz de Almeida,6,7,31.29,Entregue
34666,03/03/2024,08/03/2024,Azul Cargo,Belo Horizonte,Viana de Cardoso,5,5,158.09,Entregue
18464,18/12/2024,22/12/2024,Azul Cargo,Salvador,Melo das Pedras,2,4,299.72,Em trânsito
8333,17/12/2024,30/12/2024,Correios,Curitiba,da Costa,10,13,267.54,Em trânsito
470,19/12/2024,24/12/2024,Azul Cargo,Recife,Mendes,5,5,31.25,Entregue
39214,15/05/2024,22/05/2024,Azul Cargo,Curitiba,da Cruz,4,7,117.78,Entregue
24544,20/05/2024,31/05/2024,Azul Cargo,Salvador,da Cruz,10,11,13.02,Entregue
36,26/01/2024,01/02/2024,Azul Cargo,São Paulo,Pinto do Galho,4,6,246.61,Entregue
39934,22/06/2024,30/06/2024,Azul Cargo,Curitiba,Lopes,5,8,159.21,Entregue
2762,18/01/2024,26/01/2024,Jadlog,Salvador,Novaes de Almeida,9,8,157.23,Entregue
14412,10/11/2024,20/11/2024,Jadlog,São Paulo,Aragão do Oeste,9,10,164.53,Entregue
11592,26/08/2024,03/09/2024,Azul Cargo,São Paulo,Silveira Paulista,5,8,191.05,Entregue
37110,18/10/2024,23/10/2024,Azul Cargo,São Paulo,Castro do Campo,4,5,275.32,Em trânsito
24051,12/10/2024,15/10/2024,Correios,Salvador,Farias,2,3,29.31,Entregue
19273,18/02/2024,22/02/2024,Azul Cargo,Recife,da Cunha Alegre,4,4,257.59,Entregue
53516,07/01/2024,14/01/2024,Loggi,Belo Horizonte,da Paz do Sul,4,7,244.97,Entregue
61882,18/05/2024,28/05/2024,Azul Cargo,Recife,Castro,7,10,102.99,Entregue
2211,02/12/2024,10/12/2024,Jadlog,São Paulo,Santos dos Dourados,9,8,237.58,Entregue
52973,21/11/2024,28/11/2024,Jadlog,Recife,Silva,6,7,180.91,Entregue
29515,25/11/2024,03/12/2024,Jadlog,São Paulo,Moraes,5,8,258.01,Entregue
54919,15/10/2024,26/10/2024,Azul Cargo,Curitiba,da Cunha,10,11,57.4,Devolvido
645,28/12/2024,02/01/2025,Jadlog,São Paulo,Monteiro,3,5,200.78,Entregue
8364,14/02/2024,25/02/2024,Azul Cargo,São Paulo,Souza do Galho,8,11,201.93,Entregue
26629,22/11/2024,25/11/2024,Jadlog,São Paulo,Pereira,4,3,53.54,Entregue
52098,03/12/2024,10/12/2024,Correios,Recife,Farias,8,7,82.64,Entregue
5836,24/11/2024,28/11/2024,Azul Cargo,Belo Horizonte,Silva de Moura,5,4,277.12,Entregue
10674,02/05/2024,04/05/2024,Jadlog,São Paulo,Teixeira da Prata,2,2,177.29,Entregue
56192,15/12/2024,28/12/2024,Azul Cargo,Curitiba,da Cruz,10,13,22.52,Entregue
57410,28/06/2024,02/07/2024,Jadlog,Recife,Costela da Praia,5,4,37.36,Entregue
18506,16/03/2024,26/03/2024,Jadlog,Recife,Silveira de Pereira,10,10,197.65,Entregue
31431,16/10/2024,25/10/2024,Loggi,Recife,Cunha,10,9,31.93,Entregue
60397,07/03/2024,13/03/2024,Loggi,São Paulo,Sales Paulista,7,6,147.63,Entregue
3462,16/01/2024,21/01/2024,Azul Cargo,Curitiba,Melo do Galho,3,5,253.72,Entregue
54639,01/02/2024,10/02/2024,Loggi,Salvador,da Cunha Alegre,6,9,155.6,Entregue
39373,12/03/2024,16/03/2024,Azul Cargo,Belo Horizonte,Pereira,3,4,211.38,Entregue
28182,05/10/2024,10/10/2024,Correios,Recife,Aragão,6,5,163.28,Entregue
53092,17/07/2024,21/07/2024,Loggi,Salvador,Moreira de Lima,4,4,238.48,Entregue
52813,26/12/2024,29/12/2024,Correios,Curitiba,da Mota da Praia,2,3,77.81,Em trânsito
60370,02/03/2024,07/03/2024,Correios,Recife,Gonçalves,3,5,193.95,Entregue
18850,21/07/2024,01/08/2024,Jadlog,Salvador,Aragão,9,11,124.44,Entregue
34943,06/11/2024,14/11/2024,Correios,Curitiba,Caldeira,7,8,218.26,Entregue
41823,12/03/2024,20/03/2024,Jadlog,Curitiba,Correia dos Dourados,9,8,261.74,Entregue
50210,27/01/2024,29/01/2024,Correios,Curitiba,Vieira das Pedras,3,2,299.52,Entregue
18534,23/05/2024,29/05/2024,Jadlog,Salvador,Moraes do Oeste,3,6,88.25,Entregue
63565,13/02/2024,19/02/2024,Jadlog,Recife,Barbosa,6,6,251.36,Entregue
27601,05/12/2024,09/12/2024,Azul Cargo,Salvador,Carvalho,5,4,60.81,Entregue
58857,25/02/2024,06/03/2024,Jadlog,Salvador,Costela do Sul,7,10,158.12,Em trânsito
27218,06/03/2024,10/03/2024,Correios,Recife,Cardoso,2,4,278.74,Entregue
60957,22/12/2024,28/12/2024,Azul Cargo,Salvador,Ramos,5,6,174.78,Entregue
22110,14/10/2024,24/10/2024,Jadlog,Curitiba,das Neves de Goiás,7,10,58.22,Entregue
40339,22/10/2024,29/10/2024,Jadlog,Salvador,Novaes dos Dourados,8,7,56.46,Entregue
17902,01/04/2024,07/04/2024,Loggi,Salvador,Teixeira,3,6,283.71,Entregue
67164,04/08/2024,07/08/2024,Loggi,Curitiba,Aragão,3,3,72.64,Entregue
1069,10/03/2024,16/03/2024,Jadlog,Curitiba,Aragão,3,6,265.79,Entregue
9697,03/11/2024,15/11/2024,Loggi,Salvador,da Costa Verde,10,12,283.87,Entregue
61734,20/09/2024,22/09/2024,Jadlog,São Paulo,Moreira do Sul,2,2,95.11,Entregue
64785,22/01/2024,03/02/2024,Azul Cargo,Salvador,Farias,10,12,169.31,Entregue
37770,15/03/2024,21/03/2024,Loggi,Belo Horizonte,Nogueira de Moraes,6,6,59.56,Entregue
16312,21/06/2024,01/07/2024,Jadlog,Salvador,Fogaça do Galho,8,10,261.41,Entregue
21520,02/10/2024,07/10/2024,Correios,São Paulo,Teixeira,2,5,245.6,Entregue
50365,09/10/2024,17/10/2024,Loggi,Belo Horizonte,da Cruz,8,8,30.57,Entregue
46352,19/02/2024,03/03/2024,Azul Cargo,Recife,Ribeiro Verde,10,13,99.13,Entregue
54344,26/08/2024,29/08/2024,Azul Cargo,Recife,Campos,3,3,196.33,Entregue
32907,18/09/2024,24/09/2024,Loggi,Curitiba,Souza Alegre,5,6,233.48,Entregue
6651,24/05/2024,02/06/2024,Jadlog,Recife,Lopes,6,9,275.11,Entregue
54908,10/10/2024,13/10/2024,Loggi,Salvador,Moraes de Goiás,2,3,266.19,Entregue
22599,22/06/2024,26/06/2024,Correios,São Paulo,Oliveira da Serra,3,4,77.0,Entregue
28997,21/04/2024,28/04/2024,Azul Cargo,Recife,da Rocha do Norte,6,7,214.41,Entregue
2626,22/03/2024,30/03/2024,Loggi,São Paulo,Farias,8,8,16.65,Em trânsito
32566,28/10/2024,02/11/2024,Correios,Curitiba,Duarte,6,5,80.53,Entregue
22266,03/08/2024,14/08/2024,Correios,Curitiba,da Rocha Paulista,10,11,137.93,Entregue
57993,23/06/2024,27/06/2024,Azul Cargo,Curitiba,Alves,4,4,107.01,Entregue
21340,08/06/2024,14/06/2024,Correios,Recife,da Cunha Alegre,3,6,141.51,Entregue
1711,05/12/2024,07/12/2024,Loggi,Salvador,Viana,3,2,131.9,Entregue
10407,22/12/2024,04/01/2025,Jadlog,Recife,Santos,10,13,115.76,Entregue
1320,06/03/2024,16/03/2024,Loggi,Belo Horizonte,da Luz dos Dourados,10,10,132.08,Entregue
25332,04/12/2024,11/12/2024,Jadlog,Recife,das Neves do Sul,5,7,178.15,Entregue
66423,21/11/2024,28/11/2024,Jadlog,Recife,Silva do Sul,4,7,79.63,Entregue
59718,16/11/2024,26/11/2024,Azul Cargo,Salvador,Barbosa das Flores,9,10,222.21,Entregue
60580,19/08/2024,30/08/2024,Loggi,São Paulo,da Mota Grande,9,11,76.87,Entregue
22397,14/05/2024,18/05/2024,Loggi,Recife,Lima,5,4,231.7,Entregue
32439,15/01/2024,27/01/2024,Loggi,Curitiba,Gomes,9,12,299.74,Entregue
46007,27/05/2024,04/06/2024,Correios,Curitiba,Freitas,5,8,84.84,Entregue
66667,05/12/2024,13/12/2024,Loggi,São Paulo,Lima,9,8,69.34,Entregue
50805,05/12/2024,08/12/2024,Jadlog,Salvador,Carvalho,3,3,205.6,Entregue
49802,19/09/2024,29/09/2024,Loggi,Curitiba,Nascimento de Goiás,8,10,237.62,Entregue
24578,18/07/2024,25/07/2024,Loggi,Salvador,Peixoto do Norte,8,7,11.9,Entregue
60366,07/03/2024,18/03/2024,Correios,São Paulo,Vieira,8,11,81.65,Entregue
54832,19/08/2024,22/08/2024,Loggi,Curitiba,Mendes,3,3,190.41,Entregue
49505,02/12/2024,09/12/2024,Correios,São Paulo,Farias,5,7,245.08,Entregue
51950,10/04/2024,15/04/2024,Azul Cargo,Curitiba,Melo do Oeste,5,5,75.19,Entregue
63983,22/07/2024,02/08/2024,Jadlog,Belo Horizonte,Araújo,9,11,104.5,Entregue
12008,11/12/2024,15/12/2024,Jadlog,Salvador,Farias do Campo,2,4,265.97,Entregue
29304,05/09/2024,10/09/2024,Azul Cargo,Curitiba,da Rocha do Sul,2,5,94.32,Entregue
31399,09/07/2024,19/07/2024,Azul Cargo,Recife,Silva,10,10,204.49,Entregue
23893,13/12/2024,25/12/2024,Correios,Recife,Rocha Grande,10,12,154.52,Entregue
39233,18/06/2024,19/06/2024,Jadlog,Curitiba,da Cruz de Minas,2,1,191.33,Entregue
14075,07/01/2024,11/01/2024,Jadlog,São Paulo,Pinto de Goiás,5,4,109.26,Entregue
49639,25/09/2024,05/10/2024,Jadlog,Recife,Campos,10,10,151.5,Entregue
15962,08/08/2024,14/08/2024,Jadlog,Recife,Aragão,7,6,250.21,Entregue
14182,20/08/2024,01/09/2024,Jadlog,São Paulo,da Rocha,10,12,145.66,Entregue
15732,20/07/2024,29/07/2024,Correios,Curitiba,Monteiro,10,9,73.2,Entregue
52467,14/02/2024,22/02/2024,Azul Cargo,São Paulo,Lima,6,8,158.22,Entregue
11608,27/09/2024,03/10/2024,Loggi,Belo Horizonte,Costa Alegre,7,6,232.03,Entregue
54655,23/03/2024,28/03/2024,Correios,São Paulo,Dias do Oeste,6,5,90.17,Entregue
50760,05/08/2024,08/08/2024,Correios,São Paulo,das Neves de Minas,3,3,204.04,Em trânsito
14830,09/09/2024,11/09/2024,Correios,Curitiba,Pinto,2,2,192.81,Entregue
10433,17/02/2024,24/02/2024,Azul Cargo,Belo Horizonte,Vieira de Cavalcanti,6,7,41.63,Entregue
400,15/11/2024,22/11/2024,Jadlog,Belo Horizonte,Ribeiro,8,7,211.87,Entregue
51965,22/05/2024,29/05/2024,Correios,Belo Horizonte,das Neves do Sul,7,7,98.24,Entregue
22084,22/08/2024,01/09/2024,Correios,Salvador,Lopes,10,10,113.17,Entregue
6779,23/11/2024,28/11/2024,Correios,Curitiba,Vieira,3,5,152.45,Entregue
59933,18/01/2024,30/01/2024,Azul Cargo,Recife,Costela de da Mota,10,12,194.19,Entregue
58551,21/04/2024,27/04/2024,Loggi,Curitiba,Monteiro do Sul,3,6,116.28,Entregue
53237,22/05/2024,26/05/2024,Correios,Salvador,Rezende do Sul,2,4,273.74,Entregue
28624,16/06/2024,22/06/2024,Jadlog,Curitiba,Vieira de Goiás,6,6,173.76,Entregue
43606,24/10/2024,03/11/2024,Correios,Belo Horizonte,Silveira,7,10,285.74,Entregue
16277,16/04/2024,22/04/2024,Jadlog,Salvador,Barbosa das Flores,6,6,126.85,Entregue
56983,28/04/2024,07/05/2024,Azul Cargo,São Paulo,Pereira do Sul,8,9,117.09,Entregue
11089,21/08/2024,03/09/2024,Correios,São Paulo,Fernandes do Oeste,10,13,112.47,Em trânsito
27321,27/05/2024,28/05/2024,Loggi,Salvador,Pinto,2,1,156.6,Em trânsito
7028,12/02/2024,19/02/2024,Correios,Belo Horizonte,da Rocha de da Luz,4,7,170.33,Entregue
20347,05/12/2024,13/12/2024,Correios,Belo Horizonte,Oliveira Grande,8,8,25.19,Entregue
65881,28/11/2024,08/12/2024,Loggi,Curitiba,Vieira do Sul,7,10,132.07,Entregue
6076,06/01/2024,19/01/2024,Azul Cargo,Curitiba,da Luz,10,13,293.61,Entregue
43591,22/10/2024,30/10/2024,Jadlog,Curitiba,da Luz,9,8,76.62,Entregue
13758,03/06/2024,15/06/2024,Jadlog,Salvador,Correia do Oeste,10,12,137.15,Entregue
25885,03/10/2024,10/10/2024,Loggi,Belo Horizonte,Moreira do Norte,5,7,184.96,Entregue
50848,15/03/2024,17/03/2024,Correios,Curitiba,Oliveira do Galho,3,2,272.29,Entregue
52613,24/10/2024,27/10/2024,Loggi,Curitiba,Nogueira,2,3,60.29,Entregue
30611,15/08/2024,22/08/2024,Azul Cargo,São Paulo,Farias,8,7,258.37,Entregue
63230,26/05/2024,04/06/2024,Jadlog,Salvador,Barbosa do Amparo,10,9,289.96,Entregue
18864,07/07/2024,14/07/2024,Correios,Curitiba,Pereira do Sul,4,7,165.85,Entregue
48379,24/11/2024,29/11/2024,Azul Cargo,Curitiba,Aragão,2,5,283.36,Entregue
29598,04/02/2024,09/02/2024,Azul Cargo,Curitiba,Monteiro,4,5,149.01,Entregue
19757,28/04/2024,02/05/2024,Loggi,São Paulo,das Neves do Sul,5,4,131.95,Em trânsito
31483,05/01/2024,11/01/2024,Loggi,Salvador,Viana,3,6,182.47,Entregue
46216,12/10/2024,20/10/2024,Correios,São Paulo,Farias das Pedras,6,8,216.29,Entregue
53468,23/10/2024,27/10/2024,Loggi,Curitiba,Correia do Oeste,3,4,198.32,Devolvido
31653,17/08/2024,20/08/2024,Correios,São Paulo,Freitas,3,3,13.93,Entregue
23240,26/05/2024,02/06/2024,Loggi,Belo Horizonte,Porto,6,7,208.47,Entregue
138,24/04/2024,01/05/2024,Loggi,Recife,da Rocha,5,7,212.66,Em trânsito
60289,11/01/2024,20/01/2024,Correios,Salvador,Costa de Gonçalves,9,9,274.65,Entregue
28036,26/12/2024,31/12/2024,Correios,Belo Horizonte,Lopes dos Dourados,4,5,177.41,Em trânsito
40235,11/03/2024,15/03/2024,Azul Cargo,Belo Horizonte,Moraes de Goiás,5,4,239.67,Entregue
49916,27/05/2024,04/06/2024,Loggi,Curitiba,da Paz Grande,5,8,62.51,Entregue
59229,03/01/2024,10/01/2024,Loggi,Salvador,Barros de Moura,6,7,219.23,Entregue
39737,21/02/2024,25/02/2024,Correios,Belo Horizonte,Nogueira do Campo,3,4,20.17,Entregue
55546,11/10/2024,18/10/2024,Azul Cargo,São Paulo,Aragão de Fernandes,5,7,238.96,Entregue
2639,27/04/2024,06/05/2024,Azul Cargo,Belo Horizonte,Costela de da Mota,8,9,299.8,Entregue
22637,01/09/2024,02/09/2024,Azul Cargo,São Paulo,Cavalcanti da Praia,2,1,264.52,Entregue
11541,16/05/2024,23/05/2024,Correios,Belo Horizonte,Cardoso do Campo,7,7,121.36,Entregue
26781,09/05/2024,17/05/2024,Jadlog,Curitiba,da Costa,5,8,238.22,Entregue
37872,17/10/2024,27/10/2024,Azul Cargo,Belo Horizonte,Monteiro dos Dourados,10,10,190.19,Entregue
53343,11/01/2024,22/01/2024,Azul Cargo,Belo Horizonte,Alves do Amparo,8,11,287.23,Entregue
65137,13/05/2024,18/05/2024,Jadlog,Salvador,Farias,4,5,26.69,Entregue
21112,20/12/2024,31/12/2024,Loggi,Belo Horizonte,Freitas Grande,8,11,107.51,Entregue
53458,20/09/2024,24/09/2024,Correios,Belo Horizonte,Ribeiro Verde,2,4,129.18,Entregue
2504,19/06/2024,28/06/2024,Azul Cargo,Recife,Azevedo Paulista,9,9,164.21,Entregue
43233,26/06/2024,01/07/2024,Jadlog,Belo Horizonte,Correia do Oeste,4,5,97.36,Entregue
53634,10/10/2024,19/10/2024,Loggi,Salvador,Pinto de Goiás,7,9,259.87,Entregue
28564,09/04/2024,12/04/2024,Jadlog,Salvador,Aragão,3,3,249.83,Entregue
60946,16/11/2024,21/11/2024,Correios,Curitiba,Cardoso,2,5,122.72,Entregue
14399,23/10/2024,28/10/2024,Correios,Belo Horizonte,Gomes do Oeste,3,5,183.66,Entregue
29737,06/06/2024,18/06/2024,Azul Cargo,Recife,Freitas do Norte,10,12,118.32,Entregue
30939,09/07/2024,16/07/2024,Correios,Curitiba,Freitas de Rezende,7,7,283.45,Entregue
1739,22/02/2024,04/03/2024,Loggi,Curitiba,Cardoso,9,11,186.18,Devolvido
38532,28/09/2024,30/09/2024,Loggi,São Paulo,Monteiro,2,2,259.9,Em trânsito
24951,18/03/2024,29/03/2024,Correios,Belo Horizonte,da Mota das Pedras,8,11,194.87,Entregue
3185,20/05/2024,01/06/2024,Correios,Belo Horizonte,Peixoto,10,12,225.2,Entregue
5395,25/11/2024,28/11/2024,Jadlog,Curitiba,Farias do Galho,3,3,31.38,Entregue
23310,15/07/2024,18/07/2024,Jadlog,Recife,da Cruz do Amparo,2,3,226.91,Entregue
27718,22/06/2024,26/06/2024,Correios,São Paulo,Correia dos Dourados,2,4,66.33,Entregue
39001,14/02/2024,18/02/2024,Loggi,Belo Horizonte,Barbosa,3,4,40.31,Entregue
40106,17/10/2024,25/10/2024,Correios,Recife,Silva,5,8,126.54,Entregue
14129,19/04/2024,28/04/2024,Loggi,Belo Horizonte,Carvalho,6,9,288.43,Entregue
21146,01/01/2024,07/01/2024,Azul Cargo,Salvador,Fernandes dos Dourados,7,6,148.11,Entregue
5848,26/12/2024,28/12/2024,Azul Cargo,São Paulo,Vieira de Gomes,2,2,274.14,Entregue
21941,11/12/2024,22/12/2024,Jadlog,Curitiba,Moreira,9,11,242.01,Entregue
26035,22/08/2024,30/08/2024,Correios,São Paulo,Almeida,9,8,93.77,Entregue
29322,28/10/2024,04/11/2024,Azul Cargo,Curitiba,Carvalho,5,7,237.37,Entregue
45990,21/05/2024,29/05/2024,Jadlog,Recife,Souza,6,8,140.32,Entregue
56217,28/02/2024,09/03/2024,Loggi,Curitiba,da Paz do Sul,10,10,115.8,Entregue
42006,01/02/2024,14/02/2024,Jadlog,São Paulo,Lopes de da Cunha,10,13,220.33,Entregue
32091,08/09/2024,11/09/2024,Azul Cargo,Recife,Viana,4,3,20.69,Entregue
59361,03/10/2024,08/10/2024,Jadlog,São Paulo,Duarte de Santos,2,5,85.23,Entregue
43573,26/09/2024,04/10/2024,Correios,Belo Horizonte,Jesus,5,8,134.94,Entregue
9539,09/01/2024,17/01/2024,Correios,Recife,Moraes de da Luz,7,8,227.75,Entregue
67273,23/10/2024,31/10/2024,Correios,Belo Horizonte,Lima,7,8,28.64,Entregue
11401,13/08/2024,24/08/2024,Correios,Recife,Alves de Vieira,8,11,159.47,Entregue
27249,28/04/2024,04/05/2024,Azul Cargo,Recife,Sales,6,6,61.47,Entregue
23993,12/07/2024,13/07/2024,Correios,São Paulo,Nogueira,2,1,170.72,Entregue
51347,06/12/2024,15/12/2024,Jadlog,São Paulo,Duarte,6,9,62.55,Entregue
50736,07/07/2024,08/07/2024,Loggi,Salvador,Pinto,2,1,80.16,Entregue
9671,20/09/2024,28/09/2024,Correios,Curitiba,Pereira,9,8,54.87,Entregue
13906,06/04/2024,15/04/2024,Loggi,Salvador,Ribeiro,8,9,207.57,Entregue
32820,11/02/2024,21/02/2024,Azul Cargo,São Paulo,Moreira do Norte,7,10,222.52,Entregue
50322,04/07/2024,08/07/2024,Jadlog,Belo Horizonte,Araújo de Goiás,5,4,93.91,Entregue
63141,03/12/2024,08/12/2024,Azul Cargo,Salvador,da Cunha,6,5,134.12,Entregue
19475,08/11/2024,15/11/2024,Loggi,Belo Horizonte,Aragão,6,7,227.55,Entregue
39290,03/10/2024,09/10/2024,Correios,Curitiba,Ramos de Nogueira,4,6,76.77,Entregue
52594,06/09/2024,11/09/2024,Loggi,Belo Horizonte,Campos de Nogueira,5,5,169.72,Entregue
120,03/04/2024,10/04/2024,Correios,Salvador,Cunha,4,7,111.64,Entregue
19861,20/11/2024,29/11/2024,Correios,Belo Horizonte,da Costa Verde,10,9,12.57,Entregue
66063,23/04/2024,26/04/2024,Azul Cargo,Curitiba,da Luz da Prata,2,3,221.24,Entregue
59110,19/06/2024,27/06/2024,Correios,Recife,das Neves do Sul,9,8,255.87,Entregue
59388,27/11/2024,06/12/2024,Azul Cargo,Curitiba,da Paz Grande,10,9,232.49,Entregue
60259,26/11/2024,05/12/2024,Correios,Recife,das Neves do Sul,7,9,260.75,Entregue
62605,18/05/2024,29/05/2024,Loggi,Salvador,Campos do Norte,9,11,148.52,Entregue
19131,10/06/2024,15/06/2024,Jadlog,Belo Horizonte,da Luz Alegre,2,5,218.44,Entregue
40469,02/03/2024,11/03/2024,Correios,Salvador,Fogaça do Norte,10,9,222.69,Entregue
60800,08/02/2024,13/02/2024,Loggi,São Paulo,Pinto de Pinto,2,5,146.29,Entregue
21974,09/01/2024,16/01/2024,Loggi,Curitiba,da Luz,5,7,100.99,Entregue
6917,12/07/2024,21/07/2024,Loggi,Belo Horizonte,Lima,6,9,197.89,Entregue
14143,02/05/2024,09/05/2024,Loggi,Salvador,Monteiro,6,7,159.21,Entregue
28336,06/08/2024,16/08/2024,Correios,Recife,Monteiro,10,10,270.64,Entregue
61350,17/10/2024,28/10/2024,Jadlog,Salvador,Rodrigues da Serra,9,11,28.57,Entregue
5343,23/10/2024,31/10/2024,Loggi,Belo Horizonte,Araújo,7,8,17.43,Entregue
5300,08/09/2024,18/09/2024,Loggi,Recife,Silveira de Novaes,10,10,234.54,Entregue
4895,16/08/2024,25/08/2024,Loggi,Belo Horizonte,Souza do Sul,9,9,64.77,Em trânsito
36934,08/02/2024,17/02/2024,Azul Cargo,Salvador,Jesus dos Dourados,6,9,140.82,Entregue
57024,22/07/2024,26/07/2024,Jadlog,São Paulo,Correia,4,4,55.51,Entregue
53741,24/05/2024,29/05/2024,Jadlog,São Paulo,da Rocha da Serra,3,5,212.14,Entregue
35328,15/10/2024,17/10/2024,Loggi,São Paulo,Moreira de Araújo,2,2,76.67,Entregue
26052,17/09/2024,24/09/2024,Correios,Curitiba,Ferreira,7,7,277.7,Entregue
1860,13/09/2024,21/09/2024,Jadlog,Belo Horizonte,da Luz,8,8,131.93,Entregue
10985,26/05/2024,01/06/2024,Correios,Curitiba,Pinto de Peixoto,6,6,203.66,Entregue
44961,09/01/2024,17/01/2024,Azul Cargo,Recife,da Luz,5,8,203.86,Entregue
29463,03/08/2024,12/08/2024,Loggi,Salvador,Moura,6,9,260.59,Entregue
53759,05/06/2024,09/06/2024,Jadlog,Curitiba,Martins,2,4,162.66,Entregue
56382,24/12/2024,02/01/2025,Loggi,Recife,Duarte,6,9,52.39,Entregue
23220,11/05/2024,16/05/2024,Azul Cargo,Salvador,Araújo Verde,3,5,228.24,Entregue
58977,21/09/2024,25/09/2024,Azul Cargo,Salvador,Campos Paulista,4,4,275.56,Entregue
5480,17/02/2024,25/02/2024,Correios,Salvador,da Costa,5,8,93.48,Entregue
65331,10/09/2024,19/09/2024,Loggi,Recife,Sales de Nunes,9,9,99.13,Entregue
852,03/12/2024,08/12/2024,Azul Cargo,Recife,Viana,3,5,10.59,Entregue
35965,09/06/2024,17/06/2024,Correios,Salvador,Aragão,6,8,56.44,Entregue
37432,05/05/2024,17/05/2024,Jadlog,Salvador,Moraes,10,12,221.05,Entregue
56877,19/10/2024,28/10/2024,Jadlog,Recife,Moreira do Sul,7,9,284.86,Entregue
26553,01/05/2024,04/05/2024,Jadlog,Salvador,Souza do Sul,3,3,155.74,Entregue
36741,14/02/2024,20/02/2024,Loggi,Curitiba,Rocha,4,6,68.51,Entregue
53285,05/09/2024,16/09/2024,Correios,Recife,Pereira,10,11,246.92,Entregue
25063,01/06/2024,05/06/2024,Azul Cargo,Belo Horizonte,das Neves,3,4,97.98,Entregue
10269,16/03/2024,22/03/2024,Jadlog,São Paulo,Cavalcanti do Sul,7,6,52.2,Entregue
30750,17/01/2024,26/01/2024,Correios,Recife,Carvalho,10,9,244.41,Entregue
33941,11/04/2024,22/04/2024,Azul Cargo,Recife,Martins de Minas,10,11,139.92,Em trânsito
9754,26/03/2024,29/03/2024,Azul Cargo,Recife,da Luz,3,3,256.7,Entregue
39399,22/04/2024,29/04/2024,Correios,Curitiba,Silva,7,7,249.74,Entregue
57648,23/07/2024,31/07/2024,Correios,Recife,Santos,7,8,245.32,Entregue
63688,25/12/2024,29/12/2024,Loggi,Salvador,Lima de Lima,5,4,278.4,Em trânsito
44392,26/01/2024,04/02/2024,Loggi,Recife,Mendes,7,9,183.07,Entregue
48913,18/08/2024,28/08/2024,Azul Cargo,Salvador,Jesus Paulista,8,10,89.47,Entregue
7520,11/10/2024,17/10/2024,Correios,Recife,Alves,4,6,227.1,Entregue
33863,02/10/2024,08/10/2024,Jadlog,Recife,da Rosa,6,6,141.87,Entregue
47320,07/06/2024,10/06/2024,Azul Cargo,Curitiba,Azevedo,4,3,64.53,Entregue
37445,04/05/2024,11/05/2024,Correios,Curitiba,da Mata de Rocha,4,7,87.65,Entregue
49494,03/11/2024,11/11/2024,Azul Cargo,São Paulo,Moraes da Prata,8,8,80.56,Entregue
40622,12/09/2024,19/09/2024,Jadlog,Belo Horizonte,Cardoso das Flores,4,7,239.12,Entregue
22493,24/12/2024,31/12/2024,Azul Cargo,Belo Horizonte,Monteiro,4,7,291.56,Entregue
49189,10/02/2024,16/02/2024,Azul Cargo,São Paulo,Azevedo,5,6,173.54,Entregue
12284,15/07/2024,22/07/2024,Jadlog,São Paulo,Jesus,8,7,71.07,Entregue
41325,19/06/2024,01/07/2024,Azul Cargo,Recife,Moraes,10,12,279.98,Entregue
52222,11/09/2024,18/09/2024,Correios,Recife,Cunha,4,7,52.75,Entregue
19028,23/12/2024,27/12/2024,Jadlog,Belo Horizonte,da Rosa de Duarte,4,4,78.23,Devolvido
60739,09/11/2024,20/11/2024,Jadlog,Belo Horizonte,Cardoso dos Dourados,10,11,115.65,Entregue
60864,25/06/2024,02/07/2024,Correios,Curitiba,Correia do Galho,4,7,83.92,Entregue
23788,14/06/2024,20/06/2024,Jadlog,Recife,Farias,3,6,165.11,Entregue
4674,18/07/2024,31/07/2024,Azul Cargo,Curitiba,Carvalho,10,13,267.69,Entregue
38357,08/11/2024,21/11/2024,Loggi,Recife,Cardoso,10,13,32.53,Entregue
35022,22/04/2024,30/04/2024,Correios,Curitiba,Nogueira de Moraes,8,8,152.76,Entregue
39477,23/10/2024,30/10/2024,Loggi,Recife,Barbosa das Flores,6,7,292.12,Entregue
60573,09/08/2024,18/08/2024,Loggi,Belo Horizonte,Aragão de Moreira,7,9,31.11,Entregue
20269,22/10/2024,25/10/2024,Jadlog,Salvador,da Mata,3,3,143.35,Entregue
51631,01/07/2024,05/07/2024,Azul Cargo,Recife,Ribeiro de Goiás,5,4,209.34,Entregue
55711,27/04/2024,03/05/2024,Jadlog,Salvador,Farias,6,6,222.99,Entregue
1176,07/11/2024,11/11/2024,Correios,Salvador,Ribeiro de Cunha,4,4,229.14,Entregue
2126,14/08/2024,24/08/2024,Azul Cargo,Salvador,da Mata,9,10,95.16,Entregue
51427,14/05/2024,19/05/2024,Jadlog,Recife,Araújo,4,5,25.16,Entregue
65507,09/02/2024,18/02/2024,Jadlog,São Paulo,Freitas do Norte,9,9,234.87,Entregue
58105,22/01/2024,28/01/2024,Azul Cargo,Salvador,da Conceição,5,6,297.97,Entregue
51413,26/04/2024,07/05/2024,Loggi,Salvador,Pires,10,11,132.73,Entregue
37434,22/05/2024,02/06/2024,Azul Cargo,São Paulo,Dias de Moraes,9,11,89.23,Entregue
32416,22/12/2024,02/01/2025,Loggi,Curitiba,Oliveira do Norte,9,11,89.29,Entregue
66250,05/08/2024,16/08/2024,Jadlog,Curitiba,Santos,10,11,91.24,Entregue
26723,08/03/2024,10/03/2024,Azul Cargo,Belo Horizonte,Costa,2,2,219.21,Entregue
17091,17/11/2024,25/11/2024,Loggi,Curitiba,Santos Grande,7,8,99.29,Entregue
13421,03/08/2024,11/08/2024,Azul Cargo,Recife,Caldeira,5,8,117.16,Em trânsito
23749,25/03/2024,03/04/2024,Jadlog,Belo Horizonte,Barbosa,7,9,287.07,Entregue
60320,11/02/2024,15/02/2024,Correios,Curitiba,da Mota,2,4,122.82,Entregue
14939,18/03/2024,31/03/2024,Loggi,Salvador,Jesus Paulista,10,13,228.14,Entregue
16813,16/03/2024,21/03/2024,Jadlog,Curitiba,das Neves do Sul,6,5,246.47,Entregue
66504,06/04/2024,15/04/2024,Loggi,Recife,da Mota de Cardoso,8,9,217.24,Em trânsito
63264,15/08/2024,21/08/2024,Azul Cargo,Salvador,Vieira,6,6,66.46,Entregue
20489,14/08/2024,20/08/2024,Jadlog,Belo Horizonte,Pires do Amparo,3,6,32.96,Entregue
14900,11/12/2024,17/12/2024,Correios,São Paulo,das Neves,5,6,135.84,Entregue
58698,03/08/2024,06/08/2024,Azul Cargo,Recife,Pinto de Minas,4,3,10.02,Entregue
33508,24/06/2024,01/07/2024,Correios,São Paulo,da Mata,6,7,292.87,Entregue
7380,23/01/2024,27/01/2024,Jadlog,Recife,Oliveira,4,4,114.36,Entregue
37719,06/11/2024,14/11/2024,Loggi,Salvador,Pires do Norte,5,8,156.03,Entregue
1555,11/09/2024,14/09/2024,Correios,Salvador,Ramos do Campo,4,3,287.61,Entregue
13552,10/04/2024,13/04/2024,Correios,Belo Horizonte,Campos do Norte,3,3,225.64,Entregue
33762,08/03/2024,13/03/2024,Jadlog,Belo Horizonte,Castro de Goiás,6,5,106.46,Entregue
36927,01/02/2024,07/02/2024,Correios,Recife,Costela da Praia,7,6,276.08,Entregue
55470,18/05/2024,24/05/2024,Loggi,Salvador,Fogaça,7,6,283.39,Entregue
38318,01/09/2024,09/09/2024,Jadlog,Curitiba,Barbosa,8,8,80.08,Entregue
35837,14/11/2024,17/11/2024,Correios,Recife,Rodrigues,3,3,280.68,Entregue
17474,26/01/2024,02/02/2024,Jadlog,Belo Horizonte,Moura,4,7,84.07,Em trânsito
39353,12/02/2024,16/02/2024,Jadlog,Recife,Santos,4,4,255.27,Em trânsito
32283,16/03/2024,24/03/2024,Correios,São Paulo,Melo do Oeste,6,8,149.78,Entregue
30294,14/08/2024,26/08/2024,Jadlog,Curitiba,Aragão de Cardoso,10,12,194.02,Devolvido
46051,06/06/2024,11/06/2024,Azul Cargo,Salvador,Jesus de Freitas,4,5,293.56,Entregue
5716,26/03/2024,02/04/2024,Loggi,Salvador,Pinto dos Dourados,5,7,132.4,Em trânsito
10714,18/07/2024,22/07/2024,Correios,Recife,Costa,3,4,269.91,Entregue
2785,02/02/2024,06/02/2024,Jadlog,Recife,Correia,4,4,155.2,Entregue
7614,27/05/2024,31/05/2024,Jadlog,Belo Horizonte,Jesus Paulista,2,4,292.01,Entregue
3739,09/09/2024,15/09/2024,Azul Cargo,Recife,Farias da Mata,5,6,135.76,Entregue
10611,05/01/2024,12/01/2024,Azul Cargo,Salvador,da Cunha,8,7,141.16,Entregue
19917,21/01/2024,31/01/2024,Jadlog,São Paulo,Jesus dos Dourados,7,10,120.08,Entregue
23518,28/11/2024,30/11/2024,Loggi,Belo Horizonte,Costa,2,2,247.84,Entregue
42938,02/10/2024,09/10/2024,Correios,Recife,Cardoso de da Mota,6,7,293.76,Entregue
65959,11/01/2024,20/01/2024,Correios,Belo Horizonte,Araújo,7,9,215.96,Entregue
29938,01/11/2024,08/11/2024,Correios,São Paulo,Cardoso do Campo,7,7,10.72,Entregue
42524,24/04/2024,05/05/2024,Loggi,São Paulo,da Mata de Rocha,9,11,239.82,Entregue
52486,13/03/2024,15/03/2024,Correios,Recife,Gonçalves,3,2,79.59,Entregue
15383,10/06/2024,14/06/2024,Loggi,Curitiba,Vieira,2,4,65.86,Em trânsito
8162,17/01/2024,23/01/2024,Correios,Curitiba,Viana,6,6,271.88,Entregue
63750,26/02/2024,07/03/2024,Jadlog,Recife,Santos dos Dourados,8,10,125.69,Entregue
53927,26/05/2024,05/06/2024,Jadlog,Belo Horizonte,Alves,10,10,16.19,Entregue
47920,17/10/2024,21/10/2024,Loggi,Salvador,da Mota da Mata,5,4,85.03,Em trânsito
66282,28/09/2024,04/10/2024,Loggi,Salvador,Cardoso,6,6,127.08,Entregue
14669,25/02/2024,28/02/2024,Loggi,Salvador,Pinto de Gomes,2,3,299.49,Entregue
32132,19/10/2024,28/10/2024,Correios,São Paulo,Ferreira,10,9,13.65,Devolvido
53838,07/12/2024,11/12/2024,Loggi,São Paulo,Fernandes do Norte,5,4,79.67,Entregue
24776,24/08/2024,28/08/2024,Jadlog,São Paulo,da Mata,3,4,269.58,Entregue
46808,23/07/2024,01/08/2024,Azul Cargo,São Paulo,Carvalho,7,9,211.33,Entregue
1434,18/06/2024,21/06/2024,Correios,Recife,Silva do Oeste,4,3,117.59,Entregue
60940,12/11/2024,24/11/2024,Correios,Recife,Ferreira do Norte,9,12,239.22,Entregue
8405,15/04/2024,20/04/2024,Loggi,São Paulo,Moura,5,5,136.66,Entregue
53294,21/10/2024,30/10/2024,Loggi,Recife,Fogaça,7,9,272.3,Entregue
26343,04/04/2024,12/04/2024,Loggi,São Paulo,Aragão,5,8,124.45,Entregue
1819,15/06/2024,20/06/2024,Jadlog,Salvador,Farias,2,5,229.86,Devolvido
18201,14/11/2024,19/11/2024,Correios,Curitiba,Lima,5,5,281.84,Entregue
23869,22/10/2024,02/11/2024,Jadlog,São Paulo,Ramos,8,11,163.2,Em trânsito
36865,26/10/2024,02/11/2024,Correios,São Paulo,Barros de Moura,4,7,141.73,Entregue
20053,13/04/2024,19/04/2024,Azul Cargo,São Paulo,Fernandes do Norte,4,6,161.09,Entregue
59068,10/03/2024,18/03/2024,Jadlog,Salvador,Correia dos Dourados,5,8,67.1,Entregue
9852,28/09/2024,02/10/2024,Loggi,Curitiba,da Rocha de da Luz,2,4,257.78,Entregue
44887,28/09/2024,07/10/2024,Azul Cargo,Salvador,Ramos de Lima,6,9,145.02,Em trânsito
47173,27/08/2024,30/08/2024,Jadlog,Recife,da Conceição Paulista,2,3,153.79,Entregue
63203,25/04/2024,30/04/2024,Jadlog,Salvador,Castro de Carvalho,5,5,144.14,Entregue
4257,02/05/2024,09/05/2024,Jadlog,São Paulo,da Costa,4,7,22.46,Entregue
55828,05/07/2024,07/07/2024,Correios,Salvador,Castro de Monteiro,2,2,201.34,Entregue
7733,13/01/2024,16/01/2024,Jadlog,Salvador,Caldeira,4,3,43.3,Entregue
38698,26/08/2024,30/08/2024,Correios,Belo Horizonte,Silveira,3,4,263.44,Entregue
7325,07/09/2024,13/09/2024,Azul Cargo,Salvador,da Cunha Alegre,5,6,211.03,Entregue
53541,12/03/2024,18/03/2024,Azul Cargo,Salvador,Farias do Campo,5,6,75.54,Em trânsito
28298,26/06/2024,01/07/2024,Azul Cargo,São Paulo,Cardoso,6,5,148.41,Entregue
682,19/02/2024,21/02/2024,Loggi,São Paulo,Gonçalves,2,2,144.93,Entregue
59145,27/08/2024,01/09/2024,Loggi,Recife,da Paz do Sul,6,5,187.97,Entregue
26823,28/07/2024,29/07/2024,Loggi,Belo Horizonte,da Costa da Praia,2,1,98.83,Entregue
56111,02/07/2024,08/07/2024,Jadlog,Belo Horizonte,Ferreira,3,6,134.07,Entregue
24385,12/08/2024,22/08/2024,Azul Cargo,Recife,Mendes,8,10,140.75,Entregue
17587,05/08/2024,16/08/2024,Loggi,Belo Horizonte,Alves de Vieira,9,11,241.86,Entregue
42906,16/08/2024,21/08/2024,Correios,São Paulo,Costela de da Mota,2,5,229.73,Entregue
49283,27/08/2024,30/08/2024,Loggi,Salvador,Moraes,3,3,151.71,Entregue
39121,26/10/2024,04/11/2024,Correios,Curitiba,Gonçalves,7,9,213.27,Entregue
45913,28/03/2024,29/03/2024,Azul Cargo,Belo Horizonte,Monteiro de Minas,2,1,38.89,Entregue
12072,20/04/2024,25/04/2024,Jadlog,Recife,Freitas Grande,2,5,239.12,Entregue
612,27/09/2024,06/10/2024,Azul Cargo,Belo Horizonte,Cardoso,7,9,178.88,Entregue
26482,03/01/2024,10/01/2024,Azul Cargo,Salvador,Jesus Paulista,7,7,76.94,Entregue
45569,17/07/2024,25/07/2024,Azul Cargo,Recife,Rodrigues,6,8,60.03,Entregue
67746,02/03/2024,05/03/2024,Loggi,São Paulo,Nunes,2,3,227.18,Devolvido
53602,08/08/2024,17/08/2024,Jadlog,Recife,Martins de Minas,7,9,172.94,Devolvido
32740,17/09/2024,18/09/2024,Azul Cargo,Recife,Moreira,2,1,268.71,Entregue
1716,16/12/2024,26/12/2024,Loggi,São Paulo,Rezende,8,10,101.55,Entregue
7413,20/03/2024,26/03/2024,Correios,Curitiba,Farias Paulista,6,6,259.32,Entregue
62068,01/01/2024,11/01/2024,Correios,Curitiba,Sales de Fogaça,7,10,70.16,Entregue
23021,05/11/2024,12/11/2024,Correios,Recife,Moraes,6,7,134.21,Entregue
63232,04/05/2024,13/05/2024,Correios,São Paulo,Pereira de Costela,7,9,126.16,Entregue
2062,12/06/2024,19/06/2024,Loggi,São Paulo,Cardoso de Pires,6,7,231.53,Entregue
9713,16/12/2024,19/12/2024,Correios,Recife,Moraes Grande,2,3,163.67,Entregue
11462,15/12/2024,21/12/2024,Jadlog,Belo Horizonte,Ribeiro,6,6,244.6,Entregue
25896,23/10/2024,25/10/2024,Loggi,Recife,Silva de Gonçalves,2,2,21.84,Entregue
6668,20/06/2024,25/06/2024,Jadlog,Recife,da Cunha da Prata,3,5,86.1,Entregue
47844,05/05/2024,14/05/2024,Correios,Curitiba,Lopes de da Cunha,10,9,110.57,Entregue
1221,16/01/2024,24/01/2024,Azul Cargo,São Paulo,Oliveira,8,8,43.2,Entregue
27027,14/07/2024,19/07/2024,Loggi,São Paulo,Fogaça da Praia,4,5,100.63,Entregue
10709,07/07/2024,11/07/2024,Correios,São Paulo,das Neves de Goiás,2,4,87.74,Entregue
15622,26/12/2024,03/01/2025,Loggi,São Paulo,Lopes,6,8,64.5,Devolvido
36671,08/09/2024,21/09/2024,Jadlog,Recife,Duarte Grande,10,13,76.36,Entregue
58340,08/05/2024,15/05/2024,Correios,Curitiba,Freitas Grande,7,7,193.17,Em trânsito
66496,17/03/2024,23/03/2024,Azul Cargo,São Paulo,da Mata das Pedras,6,6,139.82,Entregue
31305,08/01/2024,12/01/2024,Loggi,Recife,Aragão,4,4,85.79,Entregue
54208,28/11/2024,03/12/2024,Loggi,Recife,da Luz do Galho,4,5,261.26,Entregue
7864,04/09/2024,09/09/2024,Azul Cargo,São Paulo,Vieira de Gomes,4,5,117.26,Devolvido
17931,27/06/2024,04/07/2024,Correios,Salvador,Fogaça do Norte,5,7,19.72,Em trânsito
21045,23/07/2024,29/07/2024,Azul Cargo,Salvador,Novaes,4,6,288.51,Entregue
35927,03/04/2024,08/04/2024,Jadlog,Recife,Aragão,3,5,122.41,Entregue
61510,13/07/2024,16/07/2024,Loggi,Curitiba,Farias de Rezende,4,3,234.92,Entregue
1172,12/10/2024,21/10/2024,Correios,Salvador,Vieira de Cavalcanti,10,9,90.23,Entregue
58249,10/11/2024,14/11/2024,Correios,Belo Horizonte,Silveira Grande,2,4,237.52,Entregue
43826,22/04/2024,26/04/2024,Correios,Salvador,Teixeira,5,4,286.1,Entregue
53242,26/06/2024,04/07/2024,Loggi,Belo Horizonte,Novaes dos Dourados,7,8,36.97,Entregue
41086,17/01/2024,18/01/2024,Correios,Curitiba,Novaes,2,1,257.29,Devolvido
15886,25/04/2024,29/04/2024,Azul Cargo,Belo Horizonte,Novaes de Ribeiro,4,4,184.81,Entregue
43323,11/11/2024,22/11/2024,Azul Cargo,Recife,Teixeira,8,11,256.92,Entregue
33117,17/10/2024,23/10/2024,Jadlog,Curitiba,da Paz do Sul,3,6,148.64,Entregue
30157,18/11/2024,25/11/2024,Jadlog,Curitiba,das Neves,8,7,48.28,Entregue
22776,28/08/2024,01/09/2024,Azul Cargo,Belo Horizonte,Campos de Nogueira,3,4,111.83,Entregue
10573,23/11/2024,01/12/2024,Loggi,Belo Horizonte,Fernandes de Mendes,5,8,240.77,Entregue
33420,15/03/2024,23/03/2024,Azul Cargo,São Paulo,da Rosa do Amparo,9,8,74.35,Entregue
54387,04/11/2024,12/11/2024,Loggi,Belo Horizonte,Sales,9,8,280.77,Entregue
28651,20/06/2024,28/06/2024,Correios,São Paulo,Almeida do Norte,5,8,225.86,Entregue
2876,19/07/2024,25/07/2024,Loggi,Recife,Freitas Verde,4,6,194.88,Entregue
24329,27/05/2024,02/06/2024,Jadlog,São Paulo,Ferreira,7,6,178.82,Entregue
47590,02/12/2024,04/12/2024,Azul Cargo,São Paulo,Duarte,2,2,286.99,Entregue
57069,18/10/2024,19/10/2024,Azul Cargo,Belo Horizonte,Fogaça,2,1,123.47,Entregue
28946,15/02/2024,17/02/2024,Loggi,Curitiba,Moraes de Goiás,2,2,202.96,Entregue
20004,28/03/2024,05/04/2024,Azul Cargo,Curitiba,Pires do Sul,9,8,186.35,Entregue
6874,22/04/2024,23/04/2024,Correios,Belo Horizonte,Lopes,2,1,18.83,Entregue
6152,12/03/2024,20/03/2024,Jadlog,São Paulo,da Luz,9,8,124.33,Entregue
17090,03/11/2024,07/11/2024,Azul Cargo,Belo Horizonte,Oliveira do Galho,4,4,84.88,Entregue
51111,18/07/2024,23/07/2024,Loggi,Curitiba,da Conceição de Campos,2,5,165.2,Entregue
4897,27/08/2024,31/08/2024,Jadlog,Salvador,Alves de Vieira,2,4,122.56,Entregue
62124,15/05/2024,19/05/2024,Azul Cargo,São Paulo,Peixoto de Santos,5,4,74.89,Entregue
31463,25/12/2024,05/01/2025,Azul Cargo,Curitiba,Jesus,9,11,152.24,Entregue
27709,26/05/2024,06/06/2024,Jadlog,Salvador,Pinto de Pinto,10,11,157.1,Entregue
41766,06/12/2024,13/12/2024,Jadlog,Belo Horizonte,Peixoto de Lima,8,7,290.51,Entregue
9283,10/06/2024,18/06/2024,Jadlog,Recife,Castro,8,8,163.64,Entregue
14903,24/12/2024,04/01/2025,Correios,Recife,Caldeira dos Dourados,10,11,60.02,Entregue
57841,03/07/2024,14/07/2024,Jadlog,São Paulo,Cardoso das Flores,8,11,186.93,Em trânsito
42589,21/06/2024,26/06/2024,Loggi,São Paulo,Silveira,2,5,68.89,Entregue
64729,21/09/2024,24/09/2024,Azul Cargo,Curitiba,Rezende,3,3,134.67,Entregue
9549,03/02/2024,12/02/2024,Azul Cargo,Recife,Cardoso de Caldeira,10,9,160.91,Entregue
7781,18/04/2024,21/04/2024,Correios,Recife,Cardoso,3,3,209.69,Entregue
27407,06/07/2024,11/07/2024,Correios,Belo Horizonte,da Luz de Novaes,2,5,27.39,Entregue
986,21/09/2024,25/09/2024,Azul Cargo,São Paulo,Melo do Oeste,2,4,66.75,Entregue
3738,09/09/2024,19/09/2024,Jadlog,Recife,Mendes,8,10,219.93,Entregue
39506,19/12/2024,23/12/2024,Loggi,Belo Horizonte,Araújo,5,4,167.8,Entregue
60389,07/03/2024,15/03/2024,Correios,São Paulo,Alves das Pedras,6,8,212.92,Entregue
51727,22/02/2024,01/03/2024,Correios,Curitiba,Silveira dos Dourados,9,8,140.54,Entregue
39257,05/07/2024,18/07/2024,Loggi,São Paulo,Lopes de da Cunha,10,13,282.03,Devolvido
40966,28/05/2024,31/05/2024,Jadlog,São Paulo,da Costa,2,3,154.39,Entregue
57131,07/02/2024,15/02/2024,Correios,São Paulo,Pinto da Praia,7,8,175.97,Entregue
53831,18/11/2024,27/11/2024,Correios,São Paulo,Moreira de Fogaça,7,9,163.18,Entregue
17285,10/12/2024,17/12/2024,Correios,São Paulo,Ribeiro de Goiás,6,7,33.22,Entregue
36700,12/12/2024,17/12/2024,Jadlog,Salvador,Cardoso de da Conceição,5,5,201.1,Entregue
34035,10/10/2024,16/10/2024,Jadlog,Recife,Costela da Prata,4,6,237.88,Entregue
23354,28/08/2024,09/09/2024,Loggi,Salvador,da Luz dos Dourados,9,12,159.71,Entregue
26086,08/11/2024,14/11/2024,Azul Cargo,Belo Horizonte,Caldeira Verde,3,6,118.41,Em trânsito
12111,19/07/2024,26/07/2024,Azul Cargo,Curitiba,Silva,8,7,195.98,Entregue
45174,27/06/2024,09/07/2024,Correios,Salvador,Ribeiro de Goiás,9,12,223.29,Entregue
854,21/01/2024,25/01/2024,Correios,Belo Horizonte,Barros de Moura,2,4,289.67,Entregue
23263,10/06/2024,11/06/2024,Azul Cargo,Belo Horizonte,Pinto de Goiás,2,1,272.47,Entregue
18934,22/09/2024,03/10/2024,Jadlog,Curitiba,Costa,8,11,288.51,Entregue
22634,12/08/2024,18/08/2024,Correios,Salvador,Fernandes de Santos,7,6,279.34,Devolvido
10830,16/02/2024,23/02/2024,Jadlog,Curitiba,Jesus de Freitas,5,7,83.51,Entregue
41765,16/12/2024,22/12/2024,Loggi,São Paulo,Costela,7,6,156.97,Entregue
9723,18/01/2024,22/01/2024,Azul Cargo,Salvador,da Luz,3,4,151.22,Em trânsito
25613,25/09/2024,02/10/2024,Jadlog,Belo Horizonte,da Luz,8,7,212.84,Entregue
48141,05/05/2024,12/05/2024,Jadlog,Salvador,Cardoso,6,7,270.21,Entregue
37073,23/08/2024,29/08/2024,Loggi,Salvador,Duarte Grande,3,6,153.42,Entregue
62573,10/04/2024,16/04/2024,Azul Cargo,Recife,Monteiro,7,6,136.95,Entregue
11731,11/06/2024,19/06/2024,Jadlog,Recife,da Rocha da Serra,8,8,224.54,Entregue
55443,21/03/2024,23/03/2024,Correios,São Paulo,Azevedo,2,2,149.63,Entregue
48741,05/09/2024,08/09/2024,Azul Cargo,Belo Horizonte,Duarte,4,3,112.16,Entregue
52435,17/12/2024,25/12/2024,Azul Cargo,São Paulo,Ribeiro,6,8,105.81,Entregue
68018,06/10/2024,13/10/2024,Loggi,São Paulo,Almeida de Minas,8,7,287.58,Entregue
45746,21/07/2024,31/07/2024,Correios,São Paulo,Souza,10,10,129.57,Entregue
51039,28/03/2024,02/04/2024,Jadlog,Curitiba,Silveira Grande,4,5,295.47,Entregue
14511,06/05/2024,18/05/2024,Jadlog,Salvador,Silveira Grande,10,12,258.85,Entregue
40588,01/08/2024,11/08/2024,Azul Cargo,Recife,Santos,7,10,115.09,Entregue
64899,05/09/2024,11/09/2024,Azul Cargo,Curitiba,Cardoso de da Conceição,4,6,172.83,Entregue
22112,11/10/2024,18/10/2024,Jadlog,Curitiba,da Paz do Sul,5,7,138.19,Entregue
15895,17/05/2024,22/05/2024,Correios,Recife,Pires,4,5,118.77,Entregue
34060,10/11/2024,14/11/2024,Correios,Salvador,Correia do Oeste,2,4,103.64,Entregue
709,10/04/2024,15/04/2024,Correios,Recife,Ribeiro,5,5,162.92,Entregue
62051,14/12/2024,21/12/2024,Jadlog,Recife,Viana,7,7,278.38,Entregue
35390,24/01/2024,02/02/2024,Loggi,Salvador,Almeida dos Dourados,9,9,13.44,Entregue
26369,12/05/2024,16/05/2024,Jadlog,Recife,Moraes,2,4,209.29,Entregue
29222,15/03/2024,21/03/2024,Azul Cargo,Belo Horizonte,Caldeira dos Dourados,5,6,117.7,Entregue
42803,04/01/2024,12/01/2024,Jadlog,São Paulo,Cardoso,8,8,214.52,Entregue
61815,14/02/2024,20/02/2024,Jadlog,São Paulo,da Luz de Novaes,4,6,256.97,Entregue
54066,22/02/2024,02/03/2024,Jadlog,Belo Horizonte,Monteiro,9,9,280.0,Entregue
55505,14/07/2024,15/07/2024,Correios,Recife,Santos,2,1,172.65,Entregue
32418,03/12/2024,11/12/2024,Correios,Salvador,Fernandes de Campos,8,8,16.56,Entregue
26859,24/08/2024,29/08/2024,Azul Cargo,São Paulo,Mendes,5,5,133.49,Entregue
4767,27/12/2024,03/01/2025,Correios,Belo Horizonte,Castro de da Rosa,8,7,225.48,Entregue
25834,17/07/2024,27/07/2024,Jadlog,Belo Horizonte,Cardoso de da Mota,7,10,93.7,Entregue
66273,07/08/2024,09/08/2024,Correios,Recife,Duarte,2,2,92.95,Devolvido
50151,03/08/2024,09/08/2024,Azul Cargo,São Paulo,Costela,7,6,139.37,Entregue
45030,14/02/2024,23/02/2024,Azul Cargo,Curitiba,Aragão,7,9,161.4,Entregue
5573,14/07/2024,19/07/2024,Jadlog,Curitiba,Azevedo,4,5,94.92,Entregue
66029,27/03/2024,03/04/2024,Azul Cargo,São Paulo,Ferreira,4,7,229.22,Entregue
16529,08/08/2024,18/08/2024,Correios,Curitiba,Nogueira de Moraes,10,10,203.72,Entregue
6542,21/12/2024,29/12/2024,Loggi,Curitiba,Oliveira das Pedras,7,8,284.1,Entregue
5778,04/07/2024,12/07/2024,Correios,Recife,Rodrigues,9,8,81.07,Devolvido
28782,02/09/2024,09/09/2024,Jadlog,São Paulo,Barbosa das Flores,8,7,138.21,Entregue
5360,09/10/2024,18/10/2024,Azul Cargo,Belo Horizonte,da Mata,6,9,121.62,Entregue
60437,11/04/2024,19/04/2024,Loggi,Curitiba,da Mota da Mata,6,8,190.77,Entregue
39915,04/06/2024,14/06/2024,Jadlog,São Paulo,Monteiro da Praia,10,10,164.59,Entregue
47984,02/01/2024,07/01/2024,Correios,Belo Horizonte,Martins de Correia,4,5,208.59,Entregue
42903,27/08/2024,28/08/2024,Azul Cargo,Recife,Sales de Nunes,2,1,204.06,Entregue
61343,02/09/2024,07/09/2024,Loggi,Recife,Cardoso das Flores,3,5,47.63,Entregue
5771,24/06/2024,05/07/2024,Azul Cargo,São Paulo,Peixoto do Norte,10,11,84.13,Em trânsito
58851,23/01/2024,30/01/2024,Correios,São Paulo,Correia de Pereira,4,7,259.32,Entregue
26088,02/11/2024,10/11/2024,Jadlog,Salvador,Martins,9,8,160.6,Entregue
49661,06/11/2024,12/11/2024,Azul Cargo,Belo Horizonte,Farias,3,6,24.62,Entregue
53316,18/11/2024,23/11/2024,Correios,Curitiba,Dias,3,5,194.78,Entregue
51851,13/10/2024,22/10/2024,Azul Cargo,Belo Horizonte,Cardoso de Goiás,9,9,205.31,Entregue
28188,28/11/2024,05/12/2024,Jadlog,Salvador,Viana de Jesus,5,7,23.23,Entregue
47717,12/09/2024,14/09/2024,Jadlog,Recife,Rodrigues Verde,3,2,117.67,Entregue
65253,16/07/2024,25/07/2024,Correios,Recife,Ferreira de Duarte,9,9,54.17,Entregue
9955,04/05/2024,07/05/2024,Loggi,Salvador,Costa Alegre,4,3,245.34,Em trânsito
57067,08/10/2024,17/10/2024,Loggi,Salvador,Pires do Sul,8,9,212.84,Entregue
67891,19/01/2024,25/01/2024,Azul Cargo,Salvador,da Luz,5,6,138.31,Entregue
16681,27/06/2024,29/06/2024,Jadlog,Curitiba,da Mota do Sul,2,2,180.57,Entregue
12482,25/07/2024,02/08/2024,Correios,Belo Horizonte,Teixeira Paulista,5,8,172.38,Entregue
62803,01/09/2024,10/09/2024,Jadlog,São Paulo,Duarte do Campo,9,9,247.0,Entregue
65422,24/12/2024,28/12/2024,Jadlog,Salvador,Oliveira,5,4,210.17,Entregue
37219,06/04/2024,19/04/2024,Jadlog,Recife,Duarte Grande,10,13,209.27,Entregue
29626,22/03/2024,01/04/2024,Correios,Belo Horizonte,Costa de Gonçalves,9,10,43.21,Devolvido
33820,20/07/2024,24/07/2024,Correios,São Paulo,Moraes de Goiás,2,4,151.54,Entregue
24922,24/02/2024,27/02/2024,Jadlog,São Paulo,Santos da Serra,4,3,130.01,Entregue
3230,17/08/2024,20/08/2024,Jadlog,Recife,da Cunha do Norte,3,3,210.41,Entregue
57703,01/10/2024,09/10/2024,Loggi,Curitiba,Silveira Paulista,5,8,253.87,Devolvido
49427,27/06/2024,03/07/2024,Correios,Recife,Viana de Fogaça,4,6,73.47,Entregue
6803,21/12/2024,02/01/2025,Correios,São Paulo,Cavalcanti das Pedras,9,12,177.67,Entregue
9999,13/07/2024,24/07/2024,Loggi,Belo Horizonte,Santos,10,11,148.71,Entregue
60089,19/11/2024,23/11/2024,Jadlog,Recife,Ramos,4,4,293.9,Entregue
43125,09/11/2024,12/11/2024,Azul Cargo,Belo Horizonte,Moura,4,3,118.4,Entregue
45818,23/12/2024,04/01/2025,Correios,Recife,Costela,9,12,235.01,Entregue
15295,21/05/2024,22/05/2024,Loggi,Belo Horizonte,da Rocha,2,1,211.72,Entregue
29150,18/11/2024,24/11/2024,Jadlog,Curitiba,da Luz,3,6,245.35,Entregue
64219,01/12/2024,09/12/2024,Jadlog,Curitiba,Azevedo da Serra,8,8,76.43,Entregue
46031,24/06/2024,01/07/2024,Azul Cargo,Salvador,Novaes de Almeida,6,7,184.1,Entregue
33076,16/07/2024,25/07/2024,Loggi,Belo Horizonte,Pereira,9,9,280.15,Em trânsito
52503,19/04/2024,26/04/2024,Correios,Recife,Gomes da Mata,5,7,130.73,Entregue
48805,06/01/2024,16/01/2024,Loggi,Belo Horizonte,Jesus Paulista,8,10,78.95,Entregue
60284,24/01/2024,28/01/2024,Loggi,Belo Horizonte,Rezende das Flores,5,4,64.49,Em trânsito
54904,16/10/2024,25/10/2024,Loggi,Belo Horizonte,Duarte Grande,8,9,244.31,Entregue
17955,10/07/2024,17/07/2024,Correios,Salvador,Oliveira do Galho,7,7,256.78,Entregue
62024,10/11/2024,17/11/2024,Azul Cargo,Recife,Nunes,5,7,21.18,Entregue
40279,26/05/2024,02/06/2024,Jadlog,Salvador,Ferreira,6,7,234.42,Entregue
30603,05/08/2024,12/08/2024,Correios,Recife,Cardoso dos Dourados,7,7,291.86,Entregue
53971,17/08/2024,24/08/2024,Azul Cargo,São Paulo,Oliveira Grande,5,7,199.79,Entregue
6236,09/05/2024,15/05/2024,Loggi,São Paulo,Souza,4,6,221.1,Entregue
55281,05/05/2024,17/05/2024,Azul Cargo,Belo Horizonte,Moreira,9,12,47.33,Entregue
51379,01/01/2024,08/01/2024,Correios,Belo Horizonte,Duarte,4,7,232.61,Em trânsito
15744,22/07/2024,24/07/2024,Correios,Recife,Barros de Moura,2,2,163.51,Entregue
45087,07/04/2024,15/04/2024,Loggi,Recife,Nascimento,7,8,84.99,Entregue
39677,07/12/2024,16/12/2024,Azul Cargo,Belo Horizonte,Jesus,10,9,151.63,Entregue
41615,24/02/2024,28/02/2024,Jadlog,São Paulo,Pires do Norte,3,4,218.56,Entregue
65487,08/01/2024,17/01/2024,Azul Cargo,Belo Horizonte,Duarte,6,9,195.71,Entregue
2681,14/07/2024,16/07/2024,Correios,Curitiba,Teixeira,3,2,112.68,Entregue
66811,13/09/2024,21/09/2024,Correios,Curitiba,Cardoso do Campo,5,8,120.57,Entregue
49548,21/03/2024,27/03/2024,Correios,Recife,Araújo,6,6,161.14,Entregue
62030,22/11/2024,28/11/2024,Correios,Curitiba,Nunes,7,6,20.48,Entregue
25362,17/01/2024,25/01/2024,Correios,São Paulo,Ramos,7,8,188.47,Entregue
18598,04/10/2024,16/10/2024,Loggi,Recife,Azevedo,9,12,139.85,Entregue
32288,05/03/2024,15/03/2024,Correios,Salvador,Monteiro,10,10,87.13,Entregue
33825,16/07/2024,17/07/2024,Loggi,São Paulo,Gomes,2,1,217.97,Entregue
43054,08/06/2024,15/06/2024,Correios,Belo Horizonte,Carvalho,8,7,123.37,Entregue
11757,03/08/2024,09/08/2024,Correios,Belo Horizonte,Jesus,4,6,270.16,Entregue
30033,07/02/2024,09/02/2024,Azul Cargo,Curitiba,Almeida do Amparo,3,2,228.49,Entregue
23478,28/10/2024,02/11/2024,Correios,Curitiba,Silveira de Pereira,4,5,82.97,Entregue
23079,24/01/2024,26/01/2024,Jadlog,Recife,Fernandes dos Dourados,3,2,109.75,Entregue
49806,10/10/2024,15/10/2024,Jadlog,São Paulo,Monteiro,5,5,20.85,Entregue
5622,06/09/2024,14/09/2024,Correios,Belo Horizonte,Aragão,7,8,208.6,Em trânsito
44311,22/07/2024,01/08/2024,Loggi,São Paulo,Moreira de Goiás,7,10,80.32,Entregue
45821,04/12/2024,12/12/2024,Azul Cargo,São Paulo,Rodrigues,6,8,190.64,Entregue
67686,21/11/2024,27/11/2024,Loggi,Salvador,Lima,7,6,240.12,Entregue
4409,23/03/2024,27/03/2024,Correios,São Paulo,Costela,4,4,206.91,Entregue
37561,19/01/2024,22/01/2024,Correios,Belo Horizonte,Duarte de Santos,2,3,150.58,Entregue
28101,05/05/2024,10/05/2024,Correios,Belo Horizonte,Alves,3,5,38.67,Entregue
56526,20/11/2024,30/11/2024,Correios,Belo Horizonte,da Paz Grande,10,10,154.26,Entregue
62317,16/07/2024,21/07/2024,Azul Cargo,São Paulo,Novaes,6,5,257.33,Entregue
30583,04/07/2024,10/07/2024,Loggi,São Paulo,Monteiro dos Dourados,6,6,56.43,Entregue
49414,09/05/2024,22/05/2024,Correios,Salvador,Martins dos Dourados,10,13,131.67,Entregue
60480,04/05/2024,15/05/2024,Azul Cargo,Recife,Cardoso,8,11,238.95,Entregue
43869,17/04/2024,20/04/2024,Correios,Salvador,Duarte,2,3,70.72,Entregue
660,08/01/2024,13/01/2024,Loggi,Salvador,Dias de Minas,4,5,200.67,Entregue
28765,11/09/2024,24/09/2024,Correios,Salvador,Almeida de Freitas,10,13,124.33,Entregue
730,22/05/2024,28/05/2024,Jadlog,Curitiba,Ramos do Campo,4,6,258.43,Entregue
3417,01/10/2024,11/10/2024,Loggi,Salvador,Nunes,9,10,42.28,Entregue
30941,23/07/2024,30/07/2024,Correios,São Paulo,Freitas Verde,4,7,225.6,Entregue
65350,06/10/2024,14/10/2024,Jadlog,Curitiba,Carvalho,6,8,186.29,Entregue
830,27/11/2024,29/11/2024,Jadlog,Belo Horizonte,Gomes da Serra,2,2,145.0,Entregue
56660,21/07/2024,23/07/2024,Loggi,São Paulo,Ribeiro,3,2,44.48,Entregue
20590,25/03/2024,03/04/2024,Loggi,Salvador,da Mota da Mata,7,9,173.07,Entregue
37567,18/01/2024,22/01/2024,Loggi,Belo Horizonte,Correia de Pereira,5,4,79.51,Entregue
58884,02/04/2024,09/04/2024,Jadlog,Belo Horizonte,Ferreira de da Mota,7,7,124.32,Entregue
15522,15/10/2024,18/10/2024,Correios,Curitiba,da Mota da Mata,4,3,35.43,Entregue
7876,26/10/2024,08/11/2024,Azul Cargo,Salvador,da Mata das Pedras,10,13,150.71,Entregue
65641,24/05/2024,25/05/2024,Correios,Recife,Jesus dos Dourados,2,1,161.7,Entregue
43036,21/05/2024,29/05/2024,Correios,Belo Horizonte,da Mata,6,8,208.09,Entregue
59713,28/10/2024,31/10/2024,Jadlog,Curitiba,Gonçalves,3,3,293.93,Entregue
36582,06/03/2024,13/03/2024,Azul Cargo,São Paulo,Moraes das Pedras,6,7,181.86,Entregue
613,18/09/2024,22/09/2024,Azul Cargo,Recife,Cardoso,2,4,56.48,Entregue
11403,20/08/2024,25/08/2024,Loggi,Recife,Silva de Ferreira,5,5,281.65,Entregue
63844,17/04/2024,26/04/2024,Azul Cargo,Curitiba,Nogueira do Campo,10,9,100.59,Em trânsito
50837,12/02/2024,20/02/2024,Azul Cargo,Curitiba,das Neves,5,8,92.88,Entregue
26143,27/03/2024,03/04/2024,Jadlog,Belo Horizonte,Silva de Ferreira,6,7,120.07,Entregue
45515,24/04/2024,06/05/2024,Loggi,São Paulo,Rocha,9,12,140.59,Entregue
9119,28/09/2024,01/10/2024,Azul Cargo,Salvador,Dias,4,3,261.92,Entregue
42644,18/08/2024,24/08/2024,Loggi,Recife,da Paz Grande,6,6,31.31,Entregue
40637,09/09/2024,20/09/2024,Loggi,Belo Horizonte,Ramos de Fernandes,10,11,153.02,Entregue
13746,13/05/2024,22/05/2024,Correios,Curitiba,Peixoto da Mata,7,9,292.3,Em trânsito
39538,21/02/2024,02/03/2024,Loggi,Recife,Novaes,9,10,103.43,Entregue
28127,25/06/2024,08/07/2024,Jadlog,Recife,Aragão,10,13,281.17,Entregue
37763,07/02/2024,11/02/2024,Correios,Belo Horizonte,Lima de Lima,5,4,293.24,Entregue
65951,04/01/2024,17/01/2024,Jadlog,Salvador,Rodrigues,10,13,158.41,Entregue
40958,23/04/2024,01/05/2024,Azul Cargo,São Paulo,Araújo de Goiás,7,8,124.61,Em trânsito
44013,22/08/2024,23/08/2024,Correios,Belo Horizonte,da Rosa,2,1,274.13,Entregue
8426,08/05/2024,13/05/2024,Azul Cargo,Belo Horizonte,Novaes,5,5,246.36,Entregue
46328,23/12/2024,27/12/2024,Jadlog,Recife,Moreira,3,4,123.63,Devolvido
32775,06/12/2024,17/12/2024,Loggi,São Paulo,Freitas,8,11,239.17,Entregue
64815,07/03/2024,19/03/2024,Loggi,Belo Horizonte,Moraes da Prata,10,12,23.71,Entregue
27681,05/04/2024,15/04/2024,Azul Cargo,Recife,da Rocha Paulista,8,10,259.19,Entregue
25692,28/11/2024,03/12/2024,Loggi,Salvador,Ramos de Lima,5,5,254.39,Em trânsito
27397,27/07/2024,03/08/2024,Loggi,São Paulo,Martins das Pedras,4,7,89.1,Entregue
15607,20/12/2024,25/12/2024,Azul Cargo,Salvador,Pereira,6,5,87.29,Entregue
34287,19/02/2024,21/02/2024,Jadlog,Salvador,Souza,3,2,224.35,Entregue
50825,06/01/2024,14/01/2024,Azul Cargo,Recife,Nunes,5,8,263.68,Entregue
19646,27/09/2024,08/10/2024,Loggi,Recife,Cavalcanti,10,11,279.52,Entregue
25749,24/02/2024,02/03/2024,Jadlog,Salvador,da Mota do Amparo,6,7,281.16,Entregue
35079,22/08/2024,30/08/2024,Loggi,Recife,Lima,5,8,155.93,Entregue
3914,09/05/2024,16/05/2024,Azul Cargo,São Paulo,Lopes,7,7,181.55,Entregue
33240,01/06/2024,09/06/2024,Jadlog,Salvador,da Costa da Praia,7,8,69.28,Entregue
41087,15/01/2024,21/01/2024,Loggi,Curitiba,da Mota do Sul,3,6,200.64,Entregue
3995,11/10/2024,17/10/2024,Correios,Belo Horizonte,Aragão de Cardoso,7,6,258.75,Entregue
65510,15/02/2024,16/02/2024,Jadlog,Salvador,Gonçalves,2,1,181.4,Entregue
63826,06/04/2024,16/04/2024,Jadlog,Salvador,Teixeira,7,10,151.57,Entregue
34074,16/12/2024,22/12/2024,Correios,Belo Horizonte,Silva,7,6,253.98,Entregue
23576,26/01/2024,29/01/2024,Correios,São Paulo,da Conceição das Pedras,4,3,279.67,Entregue
19684,06/12/2024,16/12/2024,Correios,Salvador,Jesus,10,10,104.88,Entregue
11595,28/08/2024,04/09/2024,Loggi,São Paulo,Rodrigues,6,7,100.86,Entregue
2464,18/03/2024,30/03/2024,Loggi,Recife,Farias,9,12,250.44,Entregue
6233,18/05/2024,24/05/2024,Correios,Salvador,Pereira,7,6,291.74,Entregue
27556,12/11/2024,20/11/2024,Azul Cargo,Curitiba,da Mata da Mata,5,8,292.63,Em trânsito
27976,28/08/2024,03/09/2024,Loggi,São Paulo,Rezende,3,6,118.08,Entregue
35208,17/04/2024,23/04/2024,Jadlog,Curitiba,Almeida da Praia,3,6,176.06,Entregue
55961,07/11/2024,15/11/2024,Loggi,Belo Horizonte,Santos dos Dourados,7,8,294.25,Entregue
28295,09/06/2024,11/06/2024,Azul Cargo,Belo Horizonte,da Costa,2,2,268.29,Entregue
29186,23/01/2024,01/02/2024,Azul Cargo,Salvador,da Cruz,10,9,194.91,Entregue
49074,07/06/2024,16/06/2024,Azul Cargo,Recife,Vieira,8,9,49.3,Entregue
56655,23/07/2024,27/07/2024,Correios,Recife,Moraes Grande,2,4,25.35,Entregue
12682,25/05/2024,02/06/2024,Loggi,Curitiba,Ramos,8,8,232.23,Devolvido
17934,22/06/2024,30/06/2024,Jadlog,Recife,Sales Paulista,8,8,104.54,Entregue
52853,23/03/2024,30/03/2024,Loggi,Salvador,Lopes de da Cunha,6,7,212.29,Entregue
32049,17/08/2024,25/08/2024,Loggi,Recife,Rocha Grande,5,8,69.21,Entregue
53230,23/05/2024,03/06/2024,Azul Cargo,Belo Horizonte,Lima,9,11,271.21,Entregue
58143,11/04/2024,12/04/2024,Jadlog,São Paulo,Cunha,2,1,130.9,Entregue
10902,18/03/2024,21/03/2024,Loggi,Recife,Azevedo,2,3,38.47,Entregue
23574,07/01/2024,17/01/2024,Azul Cargo,Salvador,da Cunha da Prata,8,10,176.71,Entregue
4700,07/09/2024,13/09/2024,Jadlog,Belo Horizonte,Vieira do Amparo,5,6,70.32,Entregue
9635,17/07/2024,26/07/2024,Correios,Belo Horizonte,Rezende das Flores,6,9,156.91,Entregue
58326,21/04/2024,26/04/2024,Loggi,Recife,da Cunha da Praia,6,5,125.87,Entregue
64511,13/06/2024,22/06/2024,Azul Cargo,Salvador,Silva de Moura,6,9,203.14,Entregue
17942,01/06/2024,04/06/2024,Loggi,Belo Horizonte,da Rosa,2,3,62.29,Em trânsito
17548,06/05/2024,11/05/2024,Correios,São Paulo,Costa,4,5,281.39,Entregue
5946,01/06/2024,08/06/2024,Loggi,Belo Horizonte,da Costa,7,7,253.58,Entregue
14279,24/03/2024,31/03/2024,Loggi,Recife,da Luz,7,7,59.55,Entregue
22730,21/04/2024,28/04/2024,Correios,Curitiba,da Costa Grande,6,7,12.21,Entregue
45163,19/05/2024,26/05/2024,Loggi,Recife,Novaes de Ribeiro,6,7,195.01,Entregue
42031,01/04/2024,03/04/2024,Correios,Belo Horizonte,Pereira,2,2,127.86,Entregue
48743,02/09/2024,12/09/2024,Jadlog,Curitiba,Jesus Paulista,9,10,248.54,Entregue
40498,26/05/2024,06/06/2024,Correios,Belo Horizonte,Fogaça,9,11,24.26,Entregue
51854,02/10/2024,08/10/2024,Jadlog,Curitiba,da Cruz,6,6,252.41,Entregue
19984,09/03/2024,12/03/2024,Jadlog,Recife,Santos,2,3,162.24,Em trânsito
2373,24/09/2024,28/09/2024,Loggi,Salvador,Cardoso,5,4,289.66,Entregue
58691,28/08/2024,03/09/2024,Loggi,Salvador,Fogaça da Serra,7,6,160.55,Entregue
2285,15/03/2024,19/03/2024,Correios,Salvador,Castro,2,4,64.87,Entregue
63618,10/07/2024,15/07/2024,Loggi,Curitiba,Silveira de Aragão,5,5,275.59,Entregue
38756,15/11/2024,19/11/2024,Azul Cargo,Curitiba,Aragão,4,4,61.71,Em trânsito
51209,23/02/2024,02/03/2024,Jadlog,São Paulo,da Rosa,8,8,85.49,Entregue
26199,24/06/2024,04/07/2024,Azul Cargo,São Paulo,Rezende,7,10,158.46,Entregue
47127,12/05/2024,22/05/2024,Loggi,Recife,das Neves de Goiás,8,10,80.19,Entregue
58020,03/08/2024,13/08/2024,Jadlog,Salvador,Silva do Sul,9,10,80.86,Em trânsito
1881,22/10/2024,28/10/2024,Azul Cargo,Recife,da Rocha da Serra,7,6,241.57,Entregue
58676,14/07/2024,25/07/2024,Correios,Recife,Araújo de Ramos,8,11,50.76,Entregue
53639,02/11/2024,11/11/2024,Jadlog,Salvador,Moraes do Oeste,8,9,263.24,Entregue
35152,06/01/2024,14/01/2024,Jadlog,Belo Horizonte,da Rosa,6,8,17.82,Entregue
20504,09/08/2024,16/08/2024,Loggi,Recife,Moura,7,7,277.35,Entregue
49448,03/07/2024,12/07/2024,Jadlog,Salvador,Farias,6,9,76.72,Entregue
45432,12/12/2024,23/12/2024,Azul Cargo,Salvador,Cardoso dos Dourados,8,11,47.58,Entregue
28962,04/02/2024,11/02/2024,Loggi,Belo Horizonte,Cunha de Fernandes,6,7,28.18,Entregue
60191,17/07/2024,25/07/2024,Correios,Salvador,Ferreira,7,8,69.35,Entregue
63012,25/05/2024,03/06/2024,Azul Cargo,Recife,Fernandes dos Dourados,7,9,261.67,Entregue
50024,21/12/2024,25/12/2024,Azul Cargo,São Paulo,da Mata de Rocha,3,4,259.28,Em trânsito
59082,02/04/2024,07/04/2024,Azul Cargo,Recife,Campos do Norte,3,5,14.09,Entregue
36975,23/04/2024,27/04/2024,Jadlog,Recife,Pereira,4,4,182.72,Entregue
14600,15/11/2024,20/11/2024,Loggi,Belo Horizonte,Novaes,6,5,203.14,Entregue
55404,15/12/2024,23/12/2024,Correios,Belo Horizonte,Azevedo,9,8,232.19,Entregue
36276,22/09/2024,03/10/2024,Loggi,Belo Horizonte,da Rosa,9,11,170.73,Devolvido
8179,22/03/2024,01/04/2024,Jadlog,Belo Horizonte,Vieira do Amparo,8,10,38.07,Em trânsito
29839,20/08/2024,27/08/2024,Loggi,Salvador,Barros,4,7,106.2,Entregue
64660,14/05/2024,24/05/2024,Correios,Curitiba,Dias,7,10,18.54,Entregue
5119,02/04/2024,11/04/2024,Correios,Belo Horizonte,Alves de Vieira,10,9,245.81,Entregue
32140,03/10/2024,12/10/2024,Jadlog,Salvador,Barbosa das Flores,9,9,69.17,Em trânsito
57274,04/11/2024,09/11/2024,Jadlog,São Paulo,Moraes do Campo,4,5,78.1,Entregue
27696,08/05/2024,14/05/2024,Azul Cargo,Curitiba,Nascimento,7,6,256.25,Entregue
56311,18/08/2024,30/08/2024,Loggi,Recife,Duarte,9,12,143.61,Entregue
4213,17/02/2024,21/02/2024,Correios,Recife,Martins dos Dourados,2,4,174.9,Entregue
15777,24/10/2024,03/11/2024,Correios,São Paulo,Gomes da Mata,10,10,228.52,Entregue
31554,20/04/2024,29/04/2024,Jadlog,Belo Horizonte,Martins das Pedras,8,9,137.48,Entregue
33336,14/01/2024,21/01/2024,Loggi,São Paulo,Duarte do Campo,8,7,69.08,Entregue
6109,22/02/2024,26/02/2024,Loggi,Recife,Moraes,4,4,81.78,Entregue
53106,23/08/2024,30/08/2024,Jadlog,Belo Horizonte,Teixeira,8,7,297.09,Entregue
39529,20/01/2024,30/01/2024,Jadlog,São Paulo,da Conceição,8,10,298.59,Entregue
34671,07/03/2024,15/03/2024,Jadlog,Belo Horizonte,Aragão Verde,8,8,63.4,Entregue
8914,28/11/2024,01/12/2024,Azul Cargo,Curitiba,Melo,3,3,144.49,Entregue
44547,03/12/2024,11/12/2024,Correios,Salvador,Farias,5,8,143.23,Entregue
51912,20/01/2024,29/01/2024,Azul Cargo,Salvador,Gomes do Oeste,9,9,250.2,Entregue
2869,14/07/2024,15/07/2024,Correios,Recife,Santos,2,1,192.18,Entregue
11394,02/08/2024,13/08/2024,Jadlog,Curitiba,Monteiro,9,11,294.88,Em trânsito
47731,02/10/2024,07/10/2024,Correios,Curitiba,da Luz da Mata,5,5,266.37,Entregue
62503,12/02/2024,21/02/2024,Jadlog,Curitiba,Araújo,9,9,93.01,Entregue
53406,19/06/2024,22/06/2024,Azul Cargo,São Paulo,Farias,2,3,96.97,Entregue
26011,17/06/2024,26/06/2024,Azul Cargo,Curitiba,Mendes,9,9,124.66,Devolvido
17456,15/12/2024,26/12/2024,Correios,São Paulo,Caldeira,8,11,277.11,Entregue
10728,24/08/2024,01/09/2024,Jadlog,São Paulo,da Conceição Paulista,6,8,110.64,Entregue
20795,10/04/2024,19/04/2024,Loggi,São Paulo,Sales de Nunes,6,9,233.1,Entregue
31889,01/04/2024,09/04/2024,Loggi,Salvador,Cunha de Fernandes,8,8,228.31,Entregue
37890,05/11/2024,07/11/2024,Jadlog,Curitiba,da Mota do Amparo,2,2,189.33,Entregue
65251,17/07/2024,23/07/2024,Loggi,Salvador,Martins das Pedras,3,6,231.47,Entregue
42248,21/03/2024,01/04/2024,Azul Cargo,Belo Horizonte,Rezende do Amparo,10,11,244.9,Entregue
59529,08/10/2024,17/10/2024,Azul Cargo,São Paulo,Carvalho,9,9,119.31,Entregue
455,01/12/2024,02/12/2024,Azul Cargo,Curitiba,Barbosa,2,1,15.94,Entregue
50659,27/02/2024,06/03/2024,Jadlog,Salvador,das Neves de Goiás,6,8,187.71,Entregue
13656,16/12/2024,22/12/2024,Jadlog,Salvador,Melo do Galho,4,6,49.15,Entregue
38372,26/12/2024,29/12/2024,Jadlog,Curitiba,Fernandes dos Dourados,4,3,282.12,Entregue
11098,13/08/2024,15/08/2024,Loggi,Curitiba,da Rosa,3,2,188.12,Entregue
40067,06/09/2024,12/09/2024,Correios,São Paulo,Rocha Grande,4,6,130.84,Entregue
52409,16/10/2024,22/10/2024,Jadlog,Salvador,Teixeira,4,6,128.84,Devolvido
51578,11/03/2024,15/03/2024,Loggi,Recife,Jesus,4,4,172.06,Entregue
20227,23/09/2024,01/10/2024,Jadlog,São Paulo,Ribeiro,8,8,176.53,Entregue
40781,28/04/2024,07/05/2024,Jadlog,Curitiba,da Cruz,9,9,103.1,Entregue
39785,08/03/2024,17/03/2024,Correios,Curitiba,Rezende,9,9,228.99,Entregue
49114,16/09/2024,25/09/2024,Correios,São Paulo,Moreira,7,9,57.65,Em trânsito
53299,07/10/2024,18/10/2024,Jadlog,Recife,Costa de Gonçalves,8,11,133.38,Entregue
63225,13/05/2024,22/05/2024,Correios,Salvador,Moreira do Amparo,6,9,10.71,Em trânsito
64753,22/11/2024,05/12/2024,Jadlog,Salvador,Moraes,10,13,162.96,Entregue
11548,01/05/2024,10/05/2024,Correios,Belo Horizonte,da Cunha Grande,10,9,33.9,Entregue
47373,19/09/2024,26/09/2024,Correios,Curitiba,Teixeira de Souza,7,7,279.3,Entregue
31783,05/01/2024,07/01/2024,Jadlog,Recife,da Luz,3,2,282.69,Entregue
67725,28/02/2024,07/03/2024,Correios,Salvador,da Mota Grande,9,8,65.68,Entregue
7516,27/10/2024,03/11/2024,Correios,Belo Horizonte,da Cunha,8,7,56.2,Entregue
22836,11/11/2024,17/11/2024,Loggi,Recife,da Luz do Galho,5,6,158.61,Entregue
8589,18/02/2024,19/02/2024,Azul Cargo,São Paulo,Carvalho,2,1,59.93,Entregue
25947,10/02/2024,16/02/2024,Jadlog,Salvador,Cardoso de da Conceição,5,6,55.0,Entregue
1967,10/02/2024,15/02/2024,Azul Cargo,Recife,Araújo de Pinto,5,5,82.9,Entregue
24736,10/06/2024,19/06/2024,Azul Cargo,Recife,da Luz de Peixoto,7,9,49.76,Entregue
22515,01/01/2024,08/01/2024,Azul Cargo,Curitiba,Freitas,8,7,117.39,Entregue
13478,13/11/2024,19/11/2024,Azul Cargo,São Paulo,Vieira do Amparo,7,6,100.39,Entregue
32321,10/06/2024,20/06/2024,Jadlog,Curitiba,Mendes,10,10,228.63,Entregue
29261,10/06/2024,16/06/2024,Azul Cargo,Belo Horizonte,Nogueira Paulista,6,6,64.5,Entregue
42658,02/08/2024,05/08/2024,Loggi,Recife,Campos,2,3,257.69,Entregue
35125,22/11/2024,02/12/2024,Correios,São Paulo,Nascimento da Prata,7,10,276.17,Entregue
15094,12/12/2024,20/12/2024,Correios,Recife,da Mota da Mata,6,8,283.25,Entregue
45966,15/04/2024,23/04/2024,Loggi,Belo Horizonte,da Mota,6,8,232.58,Entregue
15538,25/10/2024,27/10/2024,Azul Cargo,São Paulo,Cunha do Galho,2,2,187.61,Entregue
25582,18/08/2024,27/08/2024,Jadlog,São Paulo,Costela da Mata,6,9,231.81,Entregue
40258,07/04/2024,16/04/2024,Loggi,Recife,Fogaça,9,9,136.85,Em trânsito
50200,08/12/2024,16/12/2024,Azul Cargo,Belo Horizonte,Rocha,6,8,283.37,Entregue
36250,06/08/2024,11/08/2024,Azul Cargo,São Paulo,Fernandes do Galho,5,5,217.08,Entregue
63632,26/07/2024,01/08/2024,Azul Cargo,Belo Horizonte,Campos,7,6,28.9,Entregue
26442,17/11/2024,29/11/2024,Azul Cargo,Recife,Aragão,9,12,41.0,Entregue
57676,10/08/2024,21/08/2024,Loggi,Salvador,Campos,10,11,194.76,Em trânsito
48837,05/02/2024,10/02/2024,Jadlog,São Paulo,das Neves,2,5,28.52,Entregue
30407,11/02/2024,14/02/2024,Loggi,Curitiba,Costela de Rezende,2,3,120.39,Entregue
34647,17/01/2024,28/01/2024,Jadlog,Belo Horizonte,Silveira,9,11,98.21,Entregue
48312,01/09/2024,03/09/2024,Loggi,Salvador,Nogueira do Campo,2,2,70.91,Em trânsito
62186,02/10/2024,05/10/2024,Correios,Curitiba,Farias do Galho,4,3,95.93,Entregue
21839,10/05/2024,12/05/2024,Loggi,Recife,Barros,2,2,56.89,Em trânsito
54533,14/09/2024,21/09/2024,Azul Cargo,Curitiba,Ramos de Lima,8,7,95.19,Entregue
41391,20/07/2024,27/07/2024,Azul Cargo,Salvador,da Conceição das Pedras,4,7,182.64,Entregue
65982,28/01/2024,07/02/2024,Jadlog,Curitiba,Silveira dos Dourados,10,10,241.25,Entregue
48487,04/03/2024,10/03/2024,Azul Cargo,Recife,Ribeiro,5,6,17.35,Entregue
28462,07/02/2024,08/02/2024,Jadlog,São Paulo,Lopes,2,1,240.12,Entregue
44060,09/09/2024,18/09/2024,Azul Cargo,Curitiba,Costela,7,9,130.48,Entregue
11043,20/06/2024,27/06/2024,Jadlog,Curitiba,Correia do Oeste,7,7,75.86,Em trânsito
1155,09/09/2024,14/09/2024,Correios,São Paulo,da Rosa,3,5,255.26,Entregue
60705,22/11/2024,27/11/2024,Correios,Belo Horizonte,Vieira das Pedras,4,5,60.05,Entregue
5174,24/06/2024,02/07/2024,Azul Cargo,Curitiba,da Mata,7,8,40.06,Entregue
270,24/07/2024,04/08/2024,Jadlog,Recife,Ramos,8,11,266.45,Entregue
9591,02/04/2024,07/04/2024,Azul Cargo,Recife,Vieira do Amparo,4,5,213.09,Entregue
62253,28/02/2024,10/03/2024,Correios,Recife,Pereira,9,11,77.9,Em trânsito
22576,07/05/2024,15/05/2024,Loggi,Salvador,Aragão de Moreira,5,8,127.68,Entregue
32121,20/09/2024,28/09/2024,Correios,Salvador,Freitas,6,8,116.25,Entregue
29245,28/05/2024,09/06/2024,Loggi,Recife,Martins de Correia,9,12,287.6,Entregue
55503,23/07/2024,04/08/2024,Jadlog,São Paulo,Moraes,9,12,18.03,Entregue
31166,24/04/2024,03/05/2024,Correios,Salvador,Peixoto de Santos,10,9,238.92,Entregue
50695,07/04/2024,08/04/2024,Jadlog,Belo Horizonte,Silveira Grande,2,1,229.94,Entregue
46243,20/11/2024,23/11/2024,Azul Cargo,Recife,Vieira,3,3,237.21,Entregue
33246,20/07/2024,02/08/2024,Jadlog,Recife,Gonçalves,10,13,36.09,Entregue
11430,27/10/2024,06/11/2024,Loggi,Curitiba,Cavalcanti,10,10,206.07,Entregue
8373,10/02/2024,20/02/2024,Loggi,Belo Horizonte,Vieira,10,10,292.44,Devolvido
8659,04/07/2024,11/07/2024,Loggi,São Paulo,Viana,4,7,239.07,Entregue
8608,07/03/2024,15/03/2024,Loggi,Curitiba,Duarte,6,8,71.25,Entregue
59152,19/08/2024,27/08/2024,Azul Cargo,Belo Horizonte,Freitas,6,8,180.24,Devolvido
60895,12/08/2024,24/08/2024,Loggi,Curitiba,Santos,10,12,51.67,Entregue
60963,28/01/2024,04/02/2024,Loggi,Salvador,Almeida,4,7,169.46,Em trânsito
53361,18/02/2024,28/02/2024,Loggi,Recife,da Luz da Mata,9,10,32.64,Entregue
34424,21/11/2024,30/11/2024,Loggi,Belo Horizonte,Viana,8,9,289.02,Entregue
62270,27/04/2024,30/04/2024,Correios,Curitiba,Aragão do Oeste,2,3,262.83,Em trânsito
30243,20/05/2024,01/06/2024,Azul Cargo,Recife,Silveira Grande,10,12,104.19,Entregue
60622,23/09/2024,30/09/2024,Loggi,Salvador,Ribeiro,6,7,299.83,Entregue
19039,18/12/2024,21/12/2024,Loggi,Belo Horizonte,Santos da Serra,3,3,167.14,Entregue
18599,16/10/2024,26/10/2024,Loggi,São Paulo,Santos,8,10,83.95,Entregue
